dataset,video,video_id,qp,branch,baseline_bytes,baseline_bits,baseline_PSNR,baseline_SSIM,baseline_LPIPS,baseline_DISTS,selected_beta,selected_bytes,selected_bits,selected_rate_ratio,rate_gap_bytes,rate_gap_percent,selected_PSNR,selected_SSIM,selected_LPIPS,selected_DISTS,delta_PSNR,delta_SSIM,delta_LPIPS,delta_DISTS,same_bit_level,same_bit_status,optimization_distortion,bitstream_path,bitstream_sha256,decode_status,state_sync_status
fresh_ulong,fee5d9ad-e77d-44cd-b576-d588d7a0ce9d,0,1,compression_aware,57653,461224,24.52116441850623,0.9759418275207281,0.15588989714160562,0.09348528552800417,,,,,,,,,,,,,,,NONE,NOT_REACHED,,,,,
fresh_ulong,fee5d9ad-e77d-44cd-b576-d588d7a0ce9d,0,1,generator_aware,57653,461224,24.52116441850623,0.9759418275207281,0.15588989714160562,0.09348528552800417,,,,,,,,,,,,,,,NONE,NOT_REACHED,,,,,
fresh_ulong,fee5d9ad-e77d-44cd-b576-d588d7a0ce9d,0,3,compression_aware,96549,772392,25.9471324105213,0.9826976666226983,0.1200498960679397,0.07413897477090359,1.333521432163324,96385,771080,0.9983013806460967,-164,-0.16986193539032524,24.58027214398362,0.9764896826818585,0.16373189887963235,0.10095960088074207,-1.3668602665376781,-0.0062079839408397675,0.043682002811692655,0.026820626109838486,WITHIN_0.5_PERCENT,REACHED,3.6896762204548668,/Huang_group/zyyz/Projects/GVC-RT/experiments/gvcrt_v12_2_same_bit_budget/bitstreams/selected/fresh_ulong_00_qp3_compression_aware_beta1.33352143216.bin,79938fd0639b7e1a53d46d59e3896b9dfce50956649641ada79e49258ad0dc84,PASS,PASS
fresh_ulong,fee5d9ad-e77d-44cd-b576-d588d7a0ce9d,0,3,generator_aware,96549,772392,25.9471324105213,0.9826976666226983,0.1200498960679397,0.07413897477090359,,,,,,,,,,,,,,,NONE,NOT_REACHED,,,,,
fresh_ulong,0834e99f-94bc-4568-a7c2-f7022dade8e1,1,1,compression_aware,52078,416624,29.142785612015437,0.979019558057189,0.13199148036073893,0.0770218400284648,,,,,,,,,,,,,,,NONE,NOT_REACHED,,,,,
fresh_ulong,0834e99f-94bc-4568-a7c2-f7022dade8e1,1,1,generator_aware,52078,416624,29.142785612015437,0.979019558057189,0.13199148036073893,0.0770218400284648,,,,,,,,,,,,,,,NONE,NOT_REACHED,,,,,
fresh_ulong,0834e99f-94bc-4568-a7c2-f7022dade8e1,1,3,compression_aware,78986,631888,30.15030891001539,0.9835106832906604,0.10498300509061664,0.06271296553313732,,,,,,,,,,,,,,,NONE,NOT_REACHED,,,,,
fresh_ulong,0834e99f-94bc-4568-a7c2-f7022dade8e1,1,3,generator_aware,78986,631888,30.15030891001539,0.9835106832906604,0.10498300509061664,0.06271296553313732,,,,,,,,,,,,,,,NONE,NOT_REACHED,,,,,
fresh_ulong,98881c99-ebda-4469-bbe4-0ee789ff217d,10,1,compression_aware,35312,282496,28.47158724994585,0.981841198168695,0.07612672576215118,0.07411882560700178,,,,,,,,,,,,,,,NONE,NOT_REACHED,,,,,
fresh_ulong,98881c99-ebda-4469-bbe4-0ee789ff217d,10,1,generator_aware,35312,282496,28.47158724994585,0.981841198168695,0.07612672576215118,0.07411882560700178,,,,,,,,,,,,,,,NONE,NOT_REACHED,,,,,
fresh_ulong,98881c99-ebda-4469-bbe4-0ee789ff217d,10,3,compression_aware,60467,483736,29.1175276946312,0.9851789195090532,0.06236264604376629,0.061576093547046185,0.5905280738948102,60378,483024,0.9985281227777134,-89,-0.14718772222865883,27.05680459383327,0.9768044203519821,0.09251496999058872,0.08326192758977413,-2.0607231007979294,-0.008374499157071114,0.030152323946822435,0.021685834042727947,WITHIN_0.5_PERCENT,REACHED,3.3782111160338872,/Huang_group/zyyz/Projects/GVC-RT/experiments/gvcrt_v12_2_same_bit_budget/bitstreams/selected/fresh_ulong_10_qp3_compression_aware_beta0.590528073895.bin,19971cb85e88d73a5cafd0202dd169f521e8df06afd524ea188bc07af7253a69,PASS,PASS
fresh_ulong,98881c99-ebda-4469-bbe4-0ee789ff217d,10,3,generator_aware,60467,483736,29.1175276946312,0.9851789195090532,0.06236264604376629,0.061576093547046185,22.795070569547775,60046,480368,0.9930375246001951,-421,-0.6962475399804879,28.176811287818072,0.9802816081792116,0.08773974026553333,0.08069118671119213,-0.9407164068131273,-0.004897311329841614,0.025377094221767038,0.019115093164145947,WITHIN_1_PERCENT,REACHED,0.001549713237817207,/Huang_group/zyyz/Projects/GVC-RT/experiments/gvcrt_v12_2_same_bit_budget/bitstreams/selected/fresh_ulong_10_qp3_generator_aware_beta22.7950705695.bin,3cb38a93054741fc154c1d4ce915b437faa2c22ba722f001933ce76166847bd5,PASS,PASS
uvg,Beauty,0,1,compression_aware,22057,176456,27.739446239050412,0.9767590817064047,0.1534828911535442,0.14173196256160736,,,,,,,,,,,,,,,NONE,NOT_REACHED,,,,,
uvg,Beauty,0,1,generator_aware,22057,176456,27.739446239050412,0.9767590817064047,0.1534828911535442,0.14173196256160736,,,,,,,,,,,,,,,NONE,NOT_REACHED,,,,,
uvg,Beauty,0,3,compression_aware,41349,330792,28.088038592015966,0.9787926878780127,0.12948396836873144,0.1316287936642766,0.44326198813072176,41112,328896,0.9942683015308713,-237,-0.5731698469128688,25.694351804255618,0.9662684155628085,0.16271889070048928,0.15904028806835413,-2.3936867877603483,-0.012524272315204144,0.033234922331757843,0.02741149440407753,WITHIN_1_PERCENT,REACHED,3.5664788125053284,/Huang_group/zyyz/Projects/GVC-RT/experiments/gvcrt_v12_2_same_bit_budget/bitstreams/selected/uvg_00_qp3_compression_aware_beta0.443261988131.bin,2d14440250fee9e4f0f2a37f9e26a0e752e8d2d256feaa756b560cc31033eb0d,PASS,PASS
uvg,Beauty,0,3,generator_aware,41349,330792,28.088038592015966,0.9787926878780127,0.12948396836873144,0.1316287936642766,47.11951202502904,41259,330072,0.9978234056446347,-90,-0.21765943553653244,27.065171805020277,0.9721559006720781,0.16744820238091052,0.16192773915827274,-1.0228667869956887,-0.0066367872059345245,0.03796423401217908,0.030298945493996143,WITHIN_0.5_PERCENT,REACHED,0.001993814025015112,/Huang_group/zyyz/Projects/GVC-RT/experiments/gvcrt_v12_2_same_bit_budget/bitstreams/selected/uvg_00_qp3_generator_aware_beta47.119512025.bin,160a342f251568ec68fef0995dc95acbcb67293f449889b2b5b649926384233d,PASS,PASS
uvg,Bosphorus,1,1,compression_aware,30994,247952,30.87728239422079,0.9534675534814596,0.15879749436862767,0.13753508869558573,,,,,,,,,,,,,,,NONE,NOT_REACHED,,,,,
uvg,Bosphorus,1,1,generator_aware,30994,247952,30.87728239422079,0.9534675534814596,0.15879749436862767,0.13753508869558573,,,,,,,,,,,,,,,NONE,NOT_REACHED,,,,,
uvg,Bosphorus,1,3,compression_aware,51949,415592,31.472206806681417,0.9598000217229128,0.12848799442872405,0.1171071631833911,,,,,,,,,,,,,,,NONE,NOT_REACHED,,,,,
uvg,Bosphorus,1,3,generator_aware,51949,415592,31.472206806681417,0.9598000217229128,0.12848799442872405,0.1171071631833911,,,,,,,,,,,,,,,NONE,NOT_REACHED,,,,,
uvg,HoneyBee,2,1,compression_aware,28168,225344,29.7708103550545,0.9727460807189345,0.15386110451072454,0.12848099041730165,,,,,,,,,,,,,,,NONE,NOT_REACHED,,,,,
uvg,HoneyBee,2,1,generator_aware,28168,225344,29.7708103550545,0.9727460807189345,0.15386110451072454,0.12848099041730165,,,,,,,,,,,,,,,NONE,NOT_REACHED,,,,,
uvg,HoneyBee,2,3,compression_aware,44679,357432,30.635786704063676,0.979667286388576,0.1192838343558833,0.11505281273275614,,,,,,,,,,,,,,,NONE,NOT_REACHED,,,,,
uvg,HoneyBee,2,3,generator_aware,44679,357432,30.635786704063676,0.979667286388576,0.1192838343558833,0.11505281273275614,,,,,,,,,,,,,,,NONE,NOT_REACHED,,,,,
