group,video,resolution,frames,fps,qp,bitrate_kbps,psnr_db,lpips,dists
random,VIRAT_S_010003_01_000111_000137,1280x720,96,23.97,0,31.075107,20.573018,0.212149,0.113147
random,VIRAT_S_010108_01_000570_000718,1280x720,96,23.97,0,27.75726,20.65564,0.234871,0.118999
random,VIRAT_S_010111_02_000198_000310,1280x720,96,23.97,0,28.64415,19.74443,0.246079,0.121977
random,VIRAT_S_010200_02_000349_000398,1280x720,96,23.97,0,26.786475,23.799262,0.199738,0.110395
random,VIRAT_S_010205_01_000207_000288,1280x720,96,23.97,0,25.42418,23.75804,0.196808,0.112672
specified,VIRAT_S_000201_03_000640_000672_17fps_gop_000000,1280x720,33,17.0,0,31.976485,23.294314,0.222732,0.110841
specified,VIRAT_S_010200_01_000254_000322_17fps_gop_000001,1280x720,33,17.0,0,25.724606,24.284289,0.179695,0.101238
specified,VIRAT_S_010200_03_000470_000567_17fps_gop_000000,1280x720,33,17.0,0,32.693576,24.265483,0.180465,0.103227
random,VIRAT_S_010003_01_000111_000137,1280x720,96,23.97,1,39.113047,21.306219,0.194016,0.1025
random,VIRAT_S_010108_01_000570_000718,1280x720,96,23.97,1,34.20519,21.246042,0.204128,0.112303
random,VIRAT_S_010111_02_000198_000310,1280x720,96,23.97,1,35.727285,20.287663,0.221816,0.106037
random,VIRAT_S_010200_02_000349_000398,1280x720,96,23.97,1,33.689835,24.445337,0.1758,0.097507
random,VIRAT_S_010205_01_000207_000288,1280x720,96,23.97,1,31.502572,24.304082,0.175393,0.097377
specified,VIRAT_S_000201_03_000640_000672_17fps_gop_000000,1280x720,33,17.0,1,38.949576,23.883763,0.2026,0.105129
specified,VIRAT_S_010200_01_000254_000322_17fps_gop_000001,1280x720,33,17.0,1,31.576727,24.814351,0.162457,0.091592
specified,VIRAT_S_010200_03_000470_000567_17fps_gop_000000,1280x720,33,17.0,1,40.161212,24.755817,0.16172,0.097356
random,VIRAT_S_010003_01_000111_000137,1280x720,96,23.97,2,49.062595,21.8483,0.17448,0.096577
random,VIRAT_S_010108_01_000570_000718,1280x720,96,23.97,2,43.76123,21.744226,0.188724,0.100312
random,VIRAT_S_010111_02_000198_000310,1280x720,96,23.97,2,45.227395,20.831259,0.200983,0.104502
random,VIRAT_S_010200_02_000349_000398,1280x720,96,23.97,2,42.143255,24.899762,0.162927,0.090967
random,VIRAT_S_010205_01_000207_000288,1280x720,96,23.97,2,39.8701,24.86426,0.156166,0.089278
specified,VIRAT_S_000201_03_000640_000672_17fps_gop_000000,1280x720,33,17.0,2,48.605576,24.502458,0.179839,0.095287
specified,VIRAT_S_010200_01_000254_000322_17fps_gop_000001,1280x720,33,17.0,2,38.261333,25.13248,0.147456,0.085386
specified,VIRAT_S_010200_03_000470_000567_17fps_gop_000000,1280x720,33,17.0,2,49.302061,25.257522,0.147996,0.090613
random,VIRAT_S_010003_01_000111_000137,1280x720,96,23.97,3,61.37119,22.433565,0.160151,0.089707
random,VIRAT_S_010108_01_000570_000718,1280x720,96,23.97,3,55.77819,22.194101,0.170957,0.093763
random,VIRAT_S_010111_02_000198_000310,1280x720,96,23.97,3,57.42413,21.277049,0.184078,0.094712
random,VIRAT_S_010200_02_000349_000398,1280x720,96,23.97,3,53.283313,25.404682,0.144287,0.080202
random,VIRAT_S_010205_01_000207_000288,1280x720,96,23.97,3,50.52077,25.343751,0.140576,0.082214
specified,VIRAT_S_000201_03_000640_000672_17fps_gop_000000,1280x720,33,17.0,3,60.697212,24.915882,0.169458,0.089461
specified,VIRAT_S_010200_01_000254_000322_17fps_gop_000001,1280x720,33,17.0,3,47.459879,25.497108,0.134825,0.083622
specified,VIRAT_S_010200_03_000470_000567_17fps_gop_000000,1280x720,33,17.0,3,61.261818,25.749114,0.134245,0.084028
random,VIRAT_S_010003_01_000111_000137,854x480,96,20.0,0,13.616667,19.223079,0.221661,0.128926
random,VIRAT_S_010108_01_000570_000718,854x480,96,20.0,0,11.631667,19.377481,0.243116,0.136323
random,VIRAT_S_010111_02_000198_000310,854x480,96,20.0,0,12.09,18.285806,0.24849,0.138356
random,VIRAT_S_010200_02_000349_000398,854x480,96,20.0,0,11.11,22.642137,0.210634,0.11656
random,VIRAT_S_010205_01_000207_000288,854x480,96,20.0,0,10.555,22.813589,0.21257,0.117766
specified,VIRAT_S_000201_03_000640_000672_17fps_gop_000000,854x480,33,20.0,0,18.705455,21.985767,0.229514,0.112019
specified,VIRAT_S_010200_01_000254_000322_17fps_gop_000001,854x480,33,20.0,0,15.553939,23.125304,0.186304,0.106593
specified,VIRAT_S_010200_03_000470_000567_17fps_gop_000000,854x480,33,20.0,0,19.486061,22.920956,0.18961,0.109115
random,VIRAT_S_010003_01_000111_000137,854x480,96,20.0,1,16.606667,19.823925,0.198832,0.115934
random,VIRAT_S_010108_01_000570_000718,854x480,96,20.0,1,14.473333,19.766116,0.217434,0.129633
random,VIRAT_S_010111_02_000198_000310,854x480,96,20.0,1,15.198333,18.805289,0.223289,0.12621
random,VIRAT_S_010200_02_000349_000398,854x480,96,20.0,1,14.21,23.339722,0.182904,0.104414
random,VIRAT_S_010205_01_000207_000288,854x480,96,20.0,1,12.975,23.310803,0.19045,0.108035
specified,VIRAT_S_000201_03_000640_000672_17fps_gop_000000,854x480,33,20.0,1,22.341818,22.389124,0.212354,0.108915
specified,VIRAT_S_010200_01_000254_000322_17fps_gop_000001,854x480,33,20.0,1,18.94303,23.678634,0.163304,0.096704
specified,VIRAT_S_010200_03_000470_000567_17fps_gop_000000,854x480,33,20.0,1,24.819394,23.460578,0.16297,0.100378
random,VIRAT_S_010003_01_000111_000137,854x480,96,20.0,2,20.731667,20.29176,0.185935,0.107661
random,VIRAT_S_010108_01_000570_000718,854x480,96,20.0,2,18.495,20.29828,0.197021,0.112377
random,VIRAT_S_010111_02_000198_000310,854x480,96,20.0,2,19.058333,19.253505,0.20133,0.112034
random,VIRAT_S_010200_02_000349_000398,854x480,96,20.0,2,17.423333,23.818677,0.161014,0.094571
random,VIRAT_S_010205_01_000207_000288,854x480,96,20.0,2,15.993333,23.748768,0.16774,0.096022
specified,VIRAT_S_000201_03_000640_000672_17fps_gop_000000,854x480,33,20.0,2,27.553939,22.921942,0.193297,0.105632
specified,VIRAT_S_010200_01_000254_000322_17fps_gop_000001,854x480,33,20.0,2,22.332121,23.995714,0.151252,0.090634
specified,VIRAT_S_010200_03_000470_000567_17fps_gop_000000,854x480,33,20.0,2,29.638788,24.006336,0.143618,0.096567
random,VIRAT_S_010003_01_000111_000137,854x480,96,20.0,3,25.933333,20.745685,0.167206,0.095804
random,VIRAT_S_010108_01_000570_000718,854x480,96,20.0,3,23.043333,20.693867,0.179492,0.104487
random,VIRAT_S_010111_02_000198_000310,854x480,96,20.0,3,23.946667,19.686475,0.182864,0.103961
random,VIRAT_S_010200_02_000349_000398,854x480,96,20.0,3,21.655,24.262456,0.141565,0.086622
random,VIRAT_S_010205_01_000207_000288,854x480,96,20.0,3,20.27,24.255052,0.149354,0.087409
specified,VIRAT_S_000201_03_000640_000672_17fps_gop_000000,854x480,33,20.0,3,33.643636,23.311484,0.172885,0.097133
specified,VIRAT_S_010200_01_000254_000322_17fps_gop_000001,854x480,33,20.0,3,27.083636,24.461364,0.133028,0.082541
specified,VIRAT_S_010200_03_000470_000567_17fps_gop_000000,854x480,33,20.0,3,36.513939,24.370914,0.131441,0.084891
