video,scope,level,delta,mode,frames,diagnostic_intervention,formal_rate_kbps,input_statistics_scope,psnr,ms_ssim,lpips,symbol_nonzero_fraction,u_hat_mean,u_hat_std,u_hat_l2,u_hat_rms,u_hat_max_abs,delta_ell_mean,delta_ell_std,delta_ell_l2,delta_ell_rms,delta_ell_max_abs,psnr_minus_zero,ms_ssim_minus_zero,lpips_minus_zero,psnr_minus_real,ms_ssim_minus_real,lpips_minus_real,psnr_minus_wrong_source,ms_ssim_minus_wrong_source,lpips_minus_wrong_source
026aa77c-d036-41b7-a998-83c1911fe2bf,P,-1,,BASE_ONLY,15,False,,P frames only; missing on I frames,33.31458308750712,0.9678779133803149,0.06992987593015035,,,,,,,-0.0017150271653426491,0.10320978209955319,39.560846594885675,0.10322484630671094,0.4869953036308289,,,,,,,,,
026aa77c-d036-41b7-a998-83c1911fe2bf,IP,-1,,BASE_ONLY,16,False,,P frames only; missing on I frames,33.10452545274703,0.9660842218684402,0.07152252178639174,,,,,,,-0.0017150271653426491,0.10320978209955319,39.560846594885675,0.10322484630671094,0.4869953036308289,,,,,,,,,
026aa77c-d036-41b7-a998-83c1911fe2bf,P,-1,,ORIGINAL_FP16,15,False,,P frames only; missing on I frames,29.59932673286145,0.9489548035285772,0.07700860251983006,,,,,,,,,,,,,,,,,,,,
026aa77c-d036-41b7-a998-83c1911fe2bf,IP,-1,,ORIGINAL_FP16,16,False,,P frames only; missing on I frames,29.621472620266722,0.948343806382436,0.07815882796421647,,,,,,,,,,,,,,,,,,,,
026aa77c-d036-41b7-a998-83c1911fe2bf,P,-1,,REFERENCE_FP32,15,False,,P frames only; missing on I frames,29.606821655046822,0.9490059611140196,0.07696059842904408,,,,,,,,,,,,,,,,,,,,
026aa77c-d036-41b7-a998-83c1911fe2bf,IP,-1,,REFERENCE_FP32,16,False,,P frames only; missing on I frames,29.6284991098155,0.9483917666187883,0.07811382412910461,,,,,,,,,,,,,,,,,,,,
026aa77c-d036-41b7-a998-83c1911fe2bf,P,0,0.125,CONTINUOUS,15,True,,P frames only; missing on I frames,33.32755337200028,0.9676355023542922,0.07028948764006297,,-0.034117939093895294,0.09642730868780755,6.533520026243934,0.10228622366813088,0.36156404415766397,0.005013791549193162,0.10225381480127936,39.23615741157281,0.10237764524986463,0.51719797650973,-0.07003654368130299,-0.00014705163656233053,0.0005567575494448344,-0.00039625830777225703,-1.4463393885740435e-06,-3.9505958557128904e-05,-0.06834031812322129,-0.00011070439061973136,0.000372372567653656
026aa77c-d036-41b7-a998-83c1911fe2bf,IP,0,0.125,CONTINUOUS,16,True,,P frames only; missing on I frames,33.11668509445937,0.9658569615315438,0.07185965776443481,,-0.034117939093895294,0.09642730868780755,6.533520026243934,0.10228622366813088,0.36156404415766397,0.005013791549193162,0.10225381480127936,39.23615741157281,0.10237764524986463,0.51719797650973,-0.06565925970122155,-0.00013786090927718486,0.0005219602026045322,-0.00037149216353649095,-1.3559431767881658e-06,-3.703683614730835e-05,-0.06406904824051995,-0.00010378536620599815,0.0003490992821753025
026aa77c-d036-41b7-a998-83c1911fe2bf,P,0,0.125,REAL,15,False,410.475,P frames only; missing on I frames,33.32794963030805,0.9676369486936806,0.07032899359862009,0.38566993474960326,-0.03439338235294118,0.1040777534362556,7.001678675693193,0.10961553162729945,0.375,0.00512285014278152,0.10240942337821683,39.297778038021484,0.10253842997117317,0.5158687214056651,-0.06964028537353073,-0.00014560529717375648,0.0005962635080019633,0.0,0.0,0.0,-0.06794405981544903,-0.00010925805123115731,0.0004118785262107849
026aa77c-d036-41b7-a998-83c1911fe2bf,IP,0,0.125,REAL,16,False,410.475,P frames only; missing on I frames,33.117056586622894,0.9658583174747205,0.07189669460058212,0.38566993474960326,-0.03439338235294118,0.1040777534362556,7.001678675693193,0.10961553162729945,0.375,0.00512285014278152,0.10240942337821683,39.297778038021484,0.10253842997117317,0.5158687214056651,-0.06528776753768506,-0.0001365049661003967,0.0005589970387518406,0.0,0.0,0.0,-0.06369755607698346,-0.00010242942302920999,0.00038613611832261086
026aa77c-d036-41b7-a998-83c1911fe2bf,P,0,0.125,WRONG_SOURCE,15,True,,P frames only; missing on I frames,33.39589369012349,0.9677462067449117,0.06991711507240932,0.13354575236638386,-0.0295812908496732,0.07934489460468964,5.40893503248657,0.0846801626561133,0.25,0.0036357921619701813,0.10226275704358333,39.217252870072315,0.10232831823695032,0.5152621547381083,-0.0016962255580817024,-3.6347245942599155e-05,0.0001843849817911784,0.06794405981544903,0.00010925805123115731,-0.0004118785262107849,0.0,0.0,0.0
026aa77c-d036-41b7-a998-83c1911fe2bf,IP,0,0.125,WRONG_SOURCE,16,True,,P frames only; missing on I frames,33.18075414269988,0.9659607468977498,0.07151055848225951,0.13354575236638386,-0.0295812908496732,0.07934489460468964,5.40893503248657,0.0846801626561133,0.25,0.0036357921619701813,0.10226275704358333,39.217252870072315,0.10232831823695032,0.5152621547381083,-0.001590211460701596,-3.407554307118671e-05,0.00017286092042922974,0.06369755607698346,0.00010242942302920999,-0.00038613611832261086,0.0,0.0,0.0
026aa77c-d036-41b7-a998-83c1911fe2bf,P,0,0.125,ZERO,15,True,,P frames only; missing on I frames,33.39758991568157,0.9677825539908542,0.06973273009061813,0.0,0.0,0.0,0.0,0.0,0.0,0.002349478830739494,0.10268905185892456,39.36615859445511,0.10271685316065926,0.5147783895333607,0.0,0.0,0.0,0.06964028537353073,0.00014560529717375648,-0.0005962635080019633,0.0016962255580817024,3.6347245942599155e-05,-0.0001843849817911784
026aa77c-d036-41b7-a998-83c1911fe2bf,IP,0,0.125,ZERO,16,True,,P frames only; missing on I frames,33.18234435416059,0.965994822440821,0.07133769756183028,0.0,0.0,0.0,0.0,0.0,0.0,0.002349478830739494,0.10268905185892456,39.36615859445511,0.10271685316065926,0.5147783895333607,0.0,0.0,0.0,0.06528776753768506,0.0001365049661003967,-0.0005589970387518406,0.001590211460701596,3.407554307118671e-05,-0.00017286092042922974
026aa77c-d036-41b7-a998-83c1911fe2bf,P,1,0.5,CONTINUOUS,15,True,,P frames only; missing on I frames,33.32755337200028,0.9676355023542922,0.07028948764006297,,-0.034117939093895294,0.09642730868780755,6.533520026243934,0.10228622366813088,0.36156404415766397,0.005013791549193162,0.10225381480127936,39.23615741157281,0.10237764524986463,0.51719797650973,-0.07003654368130299,-0.00014705163656233053,0.0005567575494448344,-0.06006791304885203,-3.0979058528875685e-05,0.0002642124891281128,-0.07013937468665953,-0.00014676077843530275,0.0005498071511586507
026aa77c-d036-41b7-a998-83c1911fe2bf,IP,1,0.5,CONTINUOUS,16,True,,P frames only; missing on I frames,33.11668509445937,0.9658569615315438,0.07185965776443481,,-0.034117939093895294,0.09642730868780755,6.533520026243934,0.10228622366813088,0.36156404415766397,0.005013791549193162,0.10225381480127936,39.23615741157281,0.10237764524986463,0.51719797650973,-0.06565925970122155,-0.00013786090927718486,0.0005219602026045322,-0.05631366848329877,-2.9042867370820957e-05,0.00024769920855760574,-0.06575566376874331,-0.00013758822978309632,0.000515444204211235
026aa77c-d036-41b7-a998-83c1911fe2bf,P,1,0.5,REAL,15,False,221.1,P frames only; missing on I frames,33.38762128504912,0.9676664814128209,0.07002527515093486,0.04679738655686379,-0.02339869281045751,0.10558343740557459,6.907809355309229,0.10814595041199712,0.5,0.0034952180045746853,0.10274436724359998,39.399871425702464,0.10280481896836068,0.5182594557603201,-0.009968630632450962,-0.00011607257803345484,0.0002925450603167216,0.0,0.0,0.0,-0.010071461637807507,-0.00011578171990642706,0.00028559466203053794
026aa77c-d036-41b7-a998-83c1911fe2bf,IP,1,0.5,REAL,16,False,221.1,P frames only; missing on I frames,33.17299876294266,0.9658860043989146,0.07161195855587721,0.04679738655686379,-0.02339869281045751,0.10558343740557459,6.907809355309229,0.10814595041199712,0.5,0.0034952180045746853,0.10274436724359998,39.399871425702464,0.10280481896836068,0.5182594557603201,-0.009345591217922777,-0.0001088180419063639,0.0002742609940469265,0.0,0.0,0.0,-0.009441995285444538,-0.00010854536241227536,0.0002677449956536293
026aa77c-d036-41b7-a998-83c1911fe2bf,P,1,0.5,WRONG_SOURCE,15,True,,P frames only; missing on I frames,33.397692746686936,0.9677822631327273,0.06973968048890432,0.00024509805371053517,-0.00012254901960784314,0.007826844290115572,0.5,0.007827803638564366,0.5,0.002353864394440032,0.10269067085234035,39.36681733883654,0.1027185720012145,0.5147783895333607,0.00010283100535654436,-2.9085812702778213e-07,6.950398286183675e-06,0.010071461637807507,0.00011578171990642706,-0.00028559466203053794,0.0,0.0,0.0
026aa77c-d036-41b7-a998-83c1911fe2bf,IP,1,0.5,WRONG_SOURCE,16,True,,P frames only; missing on I frames,33.18244075822811,0.9659945497613269,0.07134421356022358,0.00024509805371053517,-0.00012254901960784314,0.007826844290115572,0.5,0.007827803638564366,0.5,0.002353864394440032,0.10269067085234035,39.36681733883654,0.1027185720012145,0.5147783895333607,9.640406752176034e-05,-2.7267949408854575e-07,6.5159983932971954e-06,0.009441995285444538,0.00010854536241227536,-0.0002677449956536293,0.0,0.0,0.0
026aa77c-d036-41b7-a998-83c1911fe2bf,P,1,0.5,ZERO,15,True,,P frames only; missing on I frames,33.39758991568157,0.9677825539908542,0.06973273009061813,0.0,0.0,0.0,0.0,0.0,0.0,0.002349478830739494,0.10268905185892456,39.36615859445511,0.10271685316065926,0.5147783895333607,0.0,0.0,0.0,0.009968630632450962,0.00011607257803345484,-0.0002925450603167216,-0.00010283100535654436,2.9085812702778213e-07,-6.950398286183675e-06
026aa77c-d036-41b7-a998-83c1911fe2bf,IP,1,0.5,ZERO,16,True,,P frames only; missing on I frames,33.18234435416059,0.965994822440821,0.07133769756183028,0.0,0.0,0.0,0.0,0.0,0.0,0.002349478830739494,0.10268905185892456,39.36615859445511,0.10271685316065926,0.5147783895333607,0.0,0.0,0.0,0.009345591217922777,0.0001088180419063639,-0.0002742609940469265,-9.640406752176034e-05,2.7267949408854575e-07,-6.5159983932971954e-06
026aa77c-d036-41b7-a998-83c1911fe2bf,P,2,2.0,CONTINUOUS,15,True,,P frames only; missing on I frames,33.32755337200028,0.9676355023542922,0.07028948764006297,,-0.034117939093895294,0.09642730868780755,6.533520026243934,0.10228622366813088,0.36156404415766397,0.005013791549193162,0.10225381480127936,39.23615741157281,0.10237764524986463,0.51719797650973,-0.07003654368130299,-0.00014705163656233053,0.0005567575494448344,-0.07003654368130299,-0.00014705163656233053,0.0005567575494448344,-0.07003654368130299,-0.00014705163656233053,0.0005567575494448344
026aa77c-d036-41b7-a998-83c1911fe2bf,IP,2,2.0,CONTINUOUS,16,True,,P frames only; missing on I frames,33.11668509445937,0.9658569615315438,0.07185965776443481,,-0.034117939093895294,0.09642730868780755,6.533520026243934,0.10228622366813088,0.36156404415766397,0.005013791549193162,0.10225381480127936,39.23615741157281,0.10237764524986463,0.51719797650973,-0.06565925970122155,-0.00013786090927718486,0.0005219602026045322,-0.06565925970122155,-0.00013786090927718486,0.0005219602026045322,-0.06565925970122155,-0.00013786090927718486,0.0005219602026045322
026aa77c-d036-41b7-a998-83c1911fe2bf,P,2,2.0,REAL,15,False,56.1,P frames only; missing on I frames,33.39758991568157,0.9677825539908542,0.06973273009061813,0.0,0.0,0.0,0.0,0.0,0.0,0.002349478830739494,0.10268905185892456,39.36615859445511,0.10271685316065926,0.5147783895333607,0.0,0.0,0.0,0.0,0.0,0.0,0.0,0.0,0.0
026aa77c-d036-41b7-a998-83c1911fe2bf,IP,2,2.0,REAL,16,False,56.1,P frames only; missing on I frames,33.18234435416059,0.965994822440821,0.07133769756183028,0.0,0.0,0.0,0.0,0.0,0.0,0.002349478830739494,0.10268905185892456,39.36615859445511,0.10271685316065926,0.5147783895333607,0.0,0.0,0.0,0.0,0.0,0.0,0.0,0.0,0.0
026aa77c-d036-41b7-a998-83c1911fe2bf,P,2,2.0,WRONG_SOURCE,15,True,,P frames only; missing on I frames,33.39758991568157,0.9677825539908542,0.06973273009061813,0.0,0.0,0.0,0.0,0.0,0.0,0.002349478830739494,0.10268905185892456,39.36615859445511,0.10271685316065926,0.5147783895333607,0.0,0.0,0.0,0.0,0.0,0.0,0.0,0.0,0.0
026aa77c-d036-41b7-a998-83c1911fe2bf,IP,2,2.0,WRONG_SOURCE,16,True,,P frames only; missing on I frames,33.18234435416059,0.965994822440821,0.07133769756183028,0.0,0.0,0.0,0.0,0.0,0.0,0.002349478830739494,0.10268905185892456,39.36615859445511,0.10271685316065926,0.5147783895333607,0.0,0.0,0.0,0.0,0.0,0.0,0.0,0.0,0.0
026aa77c-d036-41b7-a998-83c1911fe2bf,P,2,2.0,ZERO,15,True,,P frames only; missing on I frames,33.39758991568157,0.9677825539908542,0.06973273009061813,0.0,0.0,0.0,0.0,0.0,0.0,0.002349478830739494,0.10268905185892456,39.36615859445511,0.10271685316065926,0.5147783895333607,0.0,0.0,0.0,0.0,0.0,0.0,0.0,0.0,0.0
026aa77c-d036-41b7-a998-83c1911fe2bf,IP,2,2.0,ZERO,16,True,,P frames only; missing on I frames,33.18234435416059,0.965994822440821,0.07133769756183028,0.0,0.0,0.0,0.0,0.0,0.0,0.002349478830739494,0.10268905185892456,39.36615859445511,0.10271685316065926,0.5147783895333607,0.0,0.0,0.0,0.0,0.0,0.0,0.0,0.0,0.0
30884276-8cb2-485e-b0ca-a22605c1801f,P,-1,,BASE_ONLY,15,False,,P frames only; missing on I frames,24.6396068734331,0.7623190834193299,0.46968616048494977,,,,,,,-0.04078614761239186,0.1186085340766858,48.06964875554329,0.12542659047771762,0.5480376760164897,,,,,,,,,
30884276-8cb2-485e-b0ca-a22605c1801f,IP,-1,,BASE_ONLY,16,False,,P frames only; missing on I frames,24.489934831589572,0.7574483556733387,0.4596371855586767,,,,,,,-0.04078614761239186,0.1186085340766858,48.06964875554329,0.12542659047771762,0.5480376760164897,,,,,,,,,
30884276-8cb2-485e-b0ca-a22605c1801f,P,-1,,ORIGINAL_FP16,15,False,,P frames only; missing on I frames,21.720507665174203,0.7194034332684854,0.29363629817962644,,,,,,,,,,,,,,,,,,,,
30884276-8cb2-485e-b0ca-a22605c1801f,IP,-1,,ORIGINAL_FP16,16,False,,P frames only; missing on I frames,21.753279323846854,0.7172149336569218,0.29459043964743614,,,,,,,,,,,,,,,,,,,,
30884276-8cb2-485e-b0ca-a22605c1801f,P,-1,,REFERENCE_FP32,15,False,,P frames only; missing on I frames,21.719307909945055,0.7193549476175941,0.29362504879633583,,,,,,,,,,,,,,,,,,,,
30884276-8cb2-485e-b0ca-a22605c1801f,IP,-1,,REFERENCE_FP32,16,False,,P frames only; missing on I frames,21.752154553319535,0.7171694783592113,0.2945798933506012,,,,,,,,,,,,,,,,,,,,
30884276-8cb2-485e-b0ca-a22605c1801f,P,0,0.125,CONTINUOUS,15,True,,P frames only; missing on I frames,24.61111264296166,0.7621339719180202,0.45941221714019775,,-0.03175493012591675,0.06949145694826117,4.880248696349571,0.0764032570047684,0.2652528166770935,-0.03839608608634549,0.11195666538124666,45.360786140001274,0.11835844226494736,0.5443976561228434,-0.0032347236232361356,2.8767046196698233e-06,-0.0022862136363983156,0.0037976526124888703,7.848649286377186e-05,-0.001533279816309611,0.0007628420796116586,-0.00014019761954832491,0.0007939060529073079
30884276-8cb2-485e-b0ca-a22605c1801f,IP,0,0.125,CONTINUOUS,16,True,,P frames only; missing on I frames,24.4632214905226,0.7572748136408607,0.4500053636729717,,-0.03175493012591675,0.06949145694826117,4.880248696349571,0.0764032570047684,0.2652528166770935,-0.03839608608634549,0.11195666538124666,45.360786140001274,0.11835844226494736,0.5443976561228434,-0.003032553396783877,2.6969105809404592e-06,-0.0021433252841234207,0.003560299324208316,7.358108705978611e-05,-0.0014374498277902603,0.00071516444963593,-0.0001314352683265546,0.0007442869246006012
30884276-8cb2-485e-b0ca-a22605c1801f,P,0,0.125,REAL,15,False,491.9103074439422,P frames only; missing on I frames,24.607314990349174,0.7620554854251566,0.4609454969565074,0.13354575236638386,-0.0295812908496732,0.07934489460468964,5.40893503248657,0.0846801626561133,0.25,-0.03873610572569443,0.11250197286871473,45.60077516335495,0.11898463791502187,0.5457026759783427,-0.007032376235725005,-7.560978824410203e-05,-0.0007529338200887044,0.0,0.0,0.0,-0.0030348105328772117,-0.00021868411241209677,0.0023271858692169188
30884276-8cb2-485e-b0ca-a22605c1801f,IP,0,0.125,REAL,16,False,491.9103074439422,P frames only; missing on I frames,24.459661191198393,0.7572012325538009,0.451442813500762,0.13354575236638386,-0.0295812908496732,0.07934489460468964,5.40893503248657,0.0846801626561133,0.25,-0.03873610572569443,0.11250197286871473,45.60077516335495,0.11898463791502187,0.5457026759783427,-0.006592852720992193,-7.088417647884565e-05,-0.0007058754563331604,0.0,0.0,0.0,-0.002845134874572386,-0.00020501635538634072,0.0021817367523908615
30884276-8cb2-485e-b0ca-a22605c1801f,P,0,0.125,WRONG_SOURCE,15,True,,P frames only; missing on I frames,24.610349800882044,0.7622741695375687,0.45861831108729045,0.34565359155337017,-0.040637254901960795,0.09554306618981305,6.63193862601953,0.10382702661498251,0.25,-0.037813030100943085,0.1112335305144564,45.026298102956545,0.1174856733738024,0.5452345013618469,-0.003997565702847794,0.00014307432416799475,-0.0030801196893056235,0.0030348105328772117,0.00021868411241209677,-0.0023271858692169188,0.0,0.0,0.0
30884276-8cb2-485e-b0ca-a22605c1801f,IP,0,0.125,WRONG_SOURCE,16,True,,P frames only; missing on I frames,24.462506326072962,0.7574062489091874,0.4492610767483711,0.34565359155337017,-0.040637254901960795,0.09554306618981305,6.63193862601953,0.10382702661498251,0.25,-0.037813030100943085,0.1112335305144564,45.026298102956545,0.1174856733738024,0.5452345013618469,-0.003747717846419807,0.00013413217890749507,-0.002887612208724022,0.002845134874572386,0.00020501635538634072,-0.0021817367523908615,0.0,0.0,0.0
30884276-8cb2-485e-b0ca-a22605c1801f,P,0,0.125,ZERO,15,True,,P frames only; missing on I frames,24.6143473665849,0.7621310952134005,0.46169843077659606,0.0,0.0,0.0,0.0,0.0,0.0,-0.03972321144068019,0.11377439389668093,46.18544477239958,0.12051019754603437,0.5456454157829285,0.0,0.0,0.0,0.007032376235725005,7.560978824410203e-05,0.0007529338200887044,0.003997565702847794,-0.00014307432416799475,0.0030801196893056235
30884276-8cb2-485e-b0ca-a22605c1801f,IP,0,0.125,ZERO,16,True,,P frames only; missing on I frames,24.46625404391938,0.7572721167302798,0.45214868895709515,0.0,0.0,0.0,0.0,0.0,0.0,-0.03972321144068019,0.11377439389668093,46.18544477239958,0.12051019754603437,0.5456454157829285,0.0,0.0,0.0,0.006592852720992193,7.088417647884565e-05,0.0007058754563331604,0.003747717846419807,-0.00013413217890749507,0.002887612208724022
30884276-8cb2-485e-b0ca-a22605c1801f,P,1,0.5,CONTINUOUS,15,True,,P frames only; missing on I frames,24.61111264296166,0.7621339719180202,0.45941221714019775,,-0.03175493012591675,0.06949145694826117,4.880248696349571,0.0764032570047684,0.2652528166770935,-0.03839608608634549,0.11195666538124666,45.360786140001274,0.11835844226494736,0.5443976561228434,-0.0032347236232361356,2.8767046196698233e-06,-0.0022862136363983156,-0.003092096386133155,6.182526733078397e-06,-0.0022805829842885337,-0.0019246663653897636,1.9897657858710303e-05,-0.0019257028897603353
30884276-8cb2-485e-b0ca-a22605c1801f,IP,1,0.5,CONTINUOUS,16,True,,P frames only; missing on I frames,24.4632214905226,0.7572748136408607,0.4500053636729717,,-0.03175493012591675,0.06949145694826117,4.880248696349571,0.0764032570047684,0.2652528166770935,-0.03839608608634549,0.11195666538124666,45.360786140001274,0.11835844226494736,0.5443976561228434,-0.003032553396783877,2.6969105809404592e-06,-0.0021433252841234207,-0.0028988403619998326,5.7961188122609975e-06,-0.0021380465477705,-0.0018043747175529035,1.8654054242540907e-05,-0.0018053464591503143
30884276-8cb2-485e-b0ca-a22605c1801f,P,1,0.5,REAL,15,False,263.97016498135315,P frames only; missing on I frames,24.6142047393478,0.7621277893912872,0.46169280012448627,0.00024509805371053517,-0.00012254901960784314,0.007826844290115572,0.5,0.007827803638564366,0.5,-0.03971792786479419,0.11377216867264305,46.18397230908192,0.12050635549479584,0.5456454157829285,-0.00014262723710298058,-3.305822113408574e-06,-5.630652109781901e-06,0.0,0.0,0.0,0.001167430020743391,1.3715131125631903e-05,0.0003548800945281982
30884276-8cb2-485e-b0ca-a22605c1801f,IP,1,0.5,REAL,16,False,263.97016498135315,P frames only; missing on I frames,24.4661203308846,0.7572690175220484,0.4521434102207422,0.00024509805371053517,-0.00012254901960784314,0.007826844290115572,0.5,0.007827803638564366,0.5,-0.03971792786479419,0.11377216867264305,46.18397230908192,0.12050635549479584,0.5456454157829285,-0.00013371303478404428,-3.0992082313205382e-06,-5.278736352920532e-06,0.0,0.0,0.0,0.0010944656444469292,1.285793543027991e-05,0.00033270008862018585
30884276-8cb2-485e-b0ca-a22605c1801f,P,1,0.5,WRONG_SOURCE,15,True,,P frames only; missing on I frames,24.613037309327055,0.7621140742601616,0.4613379200299581,0.037761439383029935,-0.018880718954248362,0.09529100372329297,6.205071636440578,0.09714416466656423,0.5,-0.03905885879330683,0.11311603703763004,45.86357595656149,0.11967035558344846,0.542101256052653,-0.0013100572578463717,-1.7020953239040477e-05,-0.00036051074663798015,-0.001167430020743391,-1.3715131125631903e-05,-0.0003548800945281982,0.0,0.0,0.0
30884276-8cb2-485e-b0ca-a22605c1801f,IP,1,0.5,WRONG_SOURCE,16,True,,P frames only; missing on I frames,24.46502586524015,0.7572561595866182,0.45181071013212204,0.037761439383029935,-0.018880718954248362,0.09529100372329297,6.205071636440578,0.09714416466656423,0.5,-0.03905885879330683,0.11311603703763004,45.86357595656149,0.11967035558344846,0.542101256052653,-0.0012281786792309735,-1.5957143661600448e-05,-0.0003379788249731064,-0.0010944656444469292,-1.285793543027991e-05,-0.00033270008862018585,0.0,0.0,0.0
30884276-8cb2-485e-b0ca-a22605c1801f,P,1,0.5,ZERO,15,True,,P frames only; missing on I frames,24.6143473665849,0.7621310952134005,0.46169843077659606,0.0,0.0,0.0,0.0,0.0,0.0,-0.03972321144068019,0.11377439389668093,46.18544477239958,0.12051019754603437,0.5456454157829285,0.0,0.0,0.0,0.00014262723710298058,3.305822113408574e-06,5.630652109781901e-06,0.0013100572578463717,1.7020953239040477e-05,0.00036051074663798015
30884276-8cb2-485e-b0ca-a22605c1801f,IP,1,0.5,ZERO,16,True,,P frames only; missing on I frames,24.46625404391938,0.7572721167302798,0.45214868895709515,0.0,0.0,0.0,0.0,0.0,0.0,-0.03972321144068019,0.11377439389668093,46.18544477239958,0.12051019754603437,0.5456454157829285,0.0,0.0,0.0,0.00013371303478404428,3.0992082313205382e-06,5.278736352920532e-06,0.0012281786792309735,1.5957143661600448e-05,0.0003379788249731064
30884276-8cb2-485e-b0ca-a22605c1801f,P,2,2.0,CONTINUOUS,15,True,,P frames only; missing on I frames,24.61111264296166,0.7621339719180202,0.45941221714019775,,-0.03175493012591675,0.06949145694826117,4.880248696349571,0.0764032570047684,0.2652528166770935,-0.03839608608634549,0.11195666538124666,45.360786140001274,0.11835844226494736,0.5443976561228434,-0.0032347236232361356,2.8767046196698233e-06,-0.0022862136363983156,-0.0032347236232361356,2.8767046196698233e-06,-0.0022862136363983156,-0.0032347236232361356,2.8767046196698233e-06,-0.0022862136363983156
30884276-8cb2-485e-b0ca-a22605c1801f,IP,2,2.0,CONTINUOUS,16,True,,P frames only; missing on I frames,24.4632214905226,0.7572748136408607,0.4500053636729717,,-0.03175493012591675,0.06949145694826117,4.880248696349571,0.0764032570047684,0.2652528166770935,-0.03839608608634549,0.11195666538124666,45.360786140001274,0.11835844226494736,0.5443976561228434,-0.003032553396783877,2.6969105809404592e-06,-0.0021433252841234207,-0.003032553396783877,2.6969105809404592e-06,-0.0021433252841234207,-0.003032553396783877,2.6969105809404592e-06,-0.0021433252841234207
30884276-8cb2-485e-b0ca-a22605c1801f,P,2,2.0,REAL,15,False,67.3200420750263,P frames only; missing on I frames,24.6143473665849,0.7621310952134005,0.46169843077659606,0.0,0.0,0.0,0.0,0.0,0.0,-0.03972321144068019,0.11377439389668093,46.18544477239958,0.12051019754603437,0.5456454157829285,0.0,0.0,0.0,0.0,0.0,0.0,0.0,0.0,0.0
30884276-8cb2-485e-b0ca-a22605c1801f,IP,2,2.0,REAL,16,False,67.3200420750263,P frames only; missing on I frames,24.46625404391938,0.7572721167302798,0.45214868895709515,0.0,0.0,0.0,0.0,0.0,0.0,-0.03972321144068019,0.11377439389668093,46.18544477239958,0.12051019754603437,0.5456454157829285,0.0,0.0,0.0,0.0,0.0,0.0,0.0,0.0,0.0
30884276-8cb2-485e-b0ca-a22605c1801f,P,2,2.0,WRONG_SOURCE,15,True,,P frames only; missing on I frames,24.6143473665849,0.7621310952134005,0.46169843077659606,0.0,0.0,0.0,0.0,0.0,0.0,-0.03972321144068019,0.11377439389668093,46.18544477239958,0.12051019754603437,0.5456454157829285,0.0,0.0,0.0,0.0,0.0,0.0,0.0,0.0,0.0
30884276-8cb2-485e-b0ca-a22605c1801f,IP,2,2.0,WRONG_SOURCE,16,True,,P frames only; missing on I frames,24.46625404391938,0.7572721167302798,0.45214868895709515,0.0,0.0,0.0,0.0,0.0,0.0,-0.03972321144068019,0.11377439389668093,46.18544477239958,0.12051019754603437,0.5456454157829285,0.0,0.0,0.0,0.0,0.0,0.0,0.0,0.0,0.0
30884276-8cb2-485e-b0ca-a22605c1801f,P,2,2.0,ZERO,15,True,,P frames only; missing on I frames,24.6143473665849,0.7621310952134005,0.46169843077659606,0.0,0.0,0.0,0.0,0.0,0.0,-0.03972321144068019,0.11377439389668093,46.18544477239958,0.12051019754603437,0.5456454157829285,0.0,0.0,0.0,0.0,0.0,0.0,0.0,0.0,0.0
30884276-8cb2-485e-b0ca-a22605c1801f,IP,2,2.0,ZERO,16,True,,P frames only; missing on I frames,24.46625404391938,0.7572721167302798,0.45214868895709515,0.0,0.0,0.0,0.0,0.0,0.0,-0.03972321144068019,0.11377439389668093,46.18544477239958,0.12051019754603437,0.5456454157829285,0.0,0.0,0.0,0.0,0.0,0.0,0.0,0.0,0.0
66d34721-a96d-4a92-9042-0847e057f3ba,P,-1,,BASE_ONLY,15,False,,P frames only; missing on I frames,28.323606065374953,0.8855663058919752,0.24303284188111623,,,,,,,-0.026204232118844744,0.10578002594196076,41.765891931857986,0.10897840027736137,0.5324241121610006,,,,,,,,,
66d34721-a96d-4a92-9042-0847e057f3ba,IP,-1,,BASE_ONLY,16,False,,P frames only; missing on I frames,28.160350366247805,0.8819506535089192,0.24179330561310053,,,,,,,-0.026204232118844744,0.10578002594196076,41.765891931857986,0.10897840027736137,0.5324241121610006,,,,,,,,,
66d34721-a96d-4a92-9042-0847e057f3ba,P,-1,,ORIGINAL_FP16,15,False,,P frames only; missing on I frames,24.764386255512523,0.8570151394378998,0.19022563397884368,,,,,,,,,,,,,,,,,,,,
66d34721-a96d-4a92-9042-0847e057f3ba,IP,-1,,ORIGINAL_FP16,16,False,,P frames only; missing on I frames,24.82358179450177,0.8551839349582235,0.19228654820472002,,,,,,,,,,,,,,,,,,,,
66d34721-a96d-4a92-9042-0847e057f3ba,P,-1,,REFERENCE_FP32,15,False,,P frames only; missing on I frames,24.762518850221173,0.8569940016402001,0.19024579624334972,,,,,,,,,,,,,,,,,,,,
66d34721-a96d-4a92-9042-0847e057f3ba,IP,-1,,REFERENCE_FP32,16,False,,P frames only; missing on I frames,24.821831102041134,0.8551641182728803,0.19230545032769442,,,,,,,,,,,,,,,,,,,,
66d34721-a96d-4a92-9042-0847e057f3ba,P,0,0.125,CONTINUOUS,15,True,,P frames only; missing on I frames,28.209354564717266,0.8851407679805743,0.23684004445870718,,-0.042650720344601864,0.08881130916538464,6.293073797394185,0.0985218919379926,0.2934407889842987,-0.02099163890055649,0.10092576577159197,39.508233195256174,0.10308756385302531,0.554587717851003,0.008306965018389434,-9.256741367031177e-05,-0.0007967342933019002,0.005144270502565718,-1.032760426846746e-05,-0.00042454202969868977,0.0005653508404148984,1.2724696901041573e-05,0.0003621886173884074
66d34721-a96d-4a92-9042-0847e057f3ba,IP,0,0.125,CONTINUOUS,16,True,,P frames only; missing on I frames,28.053239584381217,0.8815517117169809,0.23598755802959204,,-0.042650720344601864,0.08881130916538464,6.293073797394185,0.0985218919379926,0.2934407889842987,-0.02099163890055649,0.10092576577159197,39.508233195256174,0.10308756385302531,0.554587717851003,0.007787779704740094,-8.678195031591729e-05,-0.0007469383999705315,0.00482275359615536,-9.682129001688244e-06,-0.00039800815284252167,0.0005300164128889673,1.1929403344726475e-05,0.00033955182880163193
66d34721-a96d-4a92-9042-0847e057f3ba,P,0,0.125,REAL,15,False,492.34530771581734,P frames only; missing on I frames,28.20421029421469,0.8851510955848426,0.23726458648840587,0.34565359155337017,-0.040637254901960795,0.09554306618981305,6.63193862601953,0.10382702661498251,0.25,-0.02099572552324569,0.10122978644106692,39.62261626709315,0.10338601992833049,0.5539233684539795,0.0031626945158237164,-8.223980940184432e-05,-0.00037219226360321047,0.0,0.0,0.0,-0.004578919662150819,2.3052301169509035e-05,0.0007867306470870971
66d34721-a96d-4a92-9042-0847e057f3ba,IP,0,0.125,REAL,16,False,492.34530771581734,P frames only; missing on I frames,28.04841683078506,0.8815613938459825,0.23638556618243456,0.34565359155337017,-0.040637254901960795,0.09554306618981305,6.63193862601953,0.10382702661498251,0.25,-0.02099572552324569,0.10122978644106692,39.62261626709315,0.10338601992833049,0.5539233684539795,0.002965026108584734,-7.709982131422904e-05,-0.0003489302471280098,0.0,0.0,0.0,-0.004292737183266393,2.161153234641472e-05,0.0007375599816441536
66d34721-a96d-4a92-9042-0847e057f3ba,P,0,0.125,WRONG_SOURCE,15,True,,P frames only; missing on I frames,28.208789213876855,0.8851280432836731,0.23647785584131878,0.32003267804781593,-0.03427696078431373,0.09368704505797507,6.372264479394067,0.09976167015539071,0.25,-0.021317241499184427,0.10062470586922562,39.42099578596862,0.10285993808307858,0.5521358748277029,0.007741614177974535,-0.00010529211057135335,-0.0011589229106903076,0.004578919662150819,-2.3052301169509035e-05,-0.0007867306470870971,0.0,0.0,0.0
66d34721-a96d-4a92-9042-0847e057f3ba,IP,0,0.125,WRONG_SOURCE,16,True,,P frames only; missing on I frames,28.05270956796833,0.8815397823136362,0.2356480062007904,0.32003267804781593,-0.03427696078431373,0.09368704505797507,6.372264479394067,0.09976167015539071,0.25,-0.021317241499184427,0.10062470586922562,39.42099578596862,0.10285993808307858,0.5521358748277029,0.007257763291851127,-9.871135366064376e-05,-0.0010864902287721634,0.004292737183266393,-2.161153234641472e-05,-0.0007375599816441536,0.0,0.0,0.0
66d34721-a96d-4a92-9042-0847e057f3ba,P,0,0.125,ZERO,15,True,,P frames only; missing on I frames,28.20104759969887,0.8852333353942446,0.2376367787520091,0.0,0.0,0.0,0.0,0.0,0.0,-0.02333021367601681,0.1016782367684475,39.981388952715,0.10432215397297327,0.5599979043006897,0.0,0.0,0.0,-0.0031626945158237164,8.223980940184432e-05,0.00037219226360321047,-0.007741614177974535,0.00010529211057135335,0.0011589229106903076
66d34721-a96d-4a92-9042-0847e057f3ba,IP,0,0.125,ZERO,16,True,,P frames only; missing on I frames,28.04545180467648,0.8816384936672967,0.23673449642956257,0.0,0.0,0.0,0.0,0.0,0.0,-0.02333021367601681,0.1016782367684475,39.981388952715,0.10432215397297327,0.5599979043006897,0.0,0.0,0.0,-0.002965026108584734,7.709982131422904e-05,0.0003489302471280098,-0.007257763291851127,9.871135366064376e-05,0.0010864902287721634
66d34721-a96d-4a92-9042-0847e057f3ba,P,1,0.5,CONTINUOUS,15,True,,P frames only; missing on I frames,28.209354564717266,0.8851407679805743,0.23684004445870718,,-0.042650720344601864,0.08881130916538464,6.293073797394185,0.0985218919379926,0.2934407889842987,-0.02099163890055649,0.10092576577159197,39.508233195256174,0.10308756385302531,0.554587717851003,0.008306965018389434,-9.256741367031177e-05,-0.0007967342933019002,0.02248407458963797,-2.169820973279742e-05,-0.0010925273100535074,0.010774737258034624,-7.712163271800983e-05,-0.0008227298657099406
66d34721-a96d-4a92-9042-0847e057f3ba,IP,1,0.5,CONTINUOUS,16,True,,P frames only; missing on I frames,28.053239584381217,0.8815517117169809,0.23598755802959204,,-0.042650720344601864,0.08881130916538464,6.293073797394185,0.0985218919379926,0.2934407889842987,-0.02099163890055649,0.10092576577159197,39.508233195256174,0.10308756385302531,0.554587717851003,0.007787779704740094,-8.678195031591729e-05,-0.0007469383999705315,0.021078819927785597,-2.0342071624497582e-05,-0.0010242443531751633,0.01010131617940746,-7.230153067313422e-05,-0.0007713092491030693
66d34721-a96d-4a92-9042-0847e057f3ba,P,1,0.5,REAL,15,False,265.0951656844786,P frames only; missing on I frames,28.186870490127625,0.885162466190307,0.23793257176876068,0.037761439383029935,-0.018880718954248362,0.09529100372329297,6.205071636440578,0.09714416466656423,0.5,-0.022484048281558665,0.10198724348327559,40.02575285465718,0.10443791127732122,0.550454463561376,-0.014177109571248537,-7.086920393751435e-05,0.00029579301675160724,0.0,0.0,0.0,-0.011709337331603346,-5.542342298521241e-05,0.0002697974443435669
66d34721-a96d-4a92-9042-0847e057f3ba,IP,1,0.5,REAL,16,False,265.0951656844786,P frames only; missing on I frames,28.032160764453433,0.8815720537886054,0.2370118023827672,0.037761439383029935,-0.018880718954248362,0.09529100372329297,6.205071636440578,0.09714416466656423,0.5,-0.022484048281558665,0.10198724348327559,40.02575285465718,0.10443791127732122,0.550454463561376,-0.013291040223045503,-6.643987869141971e-05,0.0002773059532046318,0.0,0.0,0.0,-0.010977503748378137,-5.1959459048636636e-05,0.00025293510407209396
66d34721-a96d-4a92-9042-0847e057f3ba,P,1,0.5,WRONG_SOURCE,15,True,,P frames only; missing on I frames,28.19857982745923,0.8852178896132922,0.23766277432441713,0.020964052900671958,-0.01048202614379085,0.0715426613552561,4.61868566540016,0.07230832891400892,0.5,-0.022914749967033424,0.10147303093228947,39.86942755200505,0.10403001668635455,0.5539899071057638,-0.0024677722396451904,-1.5445780952301943e-05,2.5995572408040364e-05,0.011709337331603346,5.542342298521241e-05,-0.0002697974443435669,0.0,0.0,0.0
66d34721-a96d-4a92-9042-0847e057f3ba,IP,1,0.5,WRONG_SOURCE,16,True,,P frames only; missing on I frames,28.04313826820181,0.881624013247654,0.2367588672786951,0.020964052900671958,-0.01048202614379085,0.0715426613552561,4.61868566540016,0.07230832891400892,0.5,-0.022914749967033424,0.10147303093228947,39.86942755200505,0.10403001668635455,0.5539899071057638,-0.002313536474667366,-1.4480419642783071e-05,2.4370849132537842e-05,0.010977503748378137,5.1959459048636636e-05,-0.00025293510407209396,0.0,0.0,0.0
66d34721-a96d-4a92-9042-0847e057f3ba,P,1,0.5,ZERO,15,True,,P frames only; missing on I frames,28.20104759969887,0.8852333353942446,0.2376367787520091,0.0,0.0,0.0,0.0,0.0,0.0,-0.02333021367601681,0.1016782367684475,39.981388952715,0.10432215397297327,0.5599979043006897,0.0,0.0,0.0,0.014177109571248537,7.086920393751435e-05,-0.00029579301675160724,0.0024677722396451904,1.5445780952301943e-05,-2.5995572408040364e-05
66d34721-a96d-4a92-9042-0847e057f3ba,IP,1,0.5,ZERO,16,True,,P frames only; missing on I frames,28.04545180467648,0.8816384936672967,0.23673449642956257,0.0,0.0,0.0,0.0,0.0,0.0,-0.02333021367601681,0.1016782367684475,39.981388952715,0.10432215397297327,0.5599979043006897,0.0,0.0,0.0,0.013291040223045503,6.643987869141971e-05,-0.0002773059532046318,0.002313536474667366,1.4480419642783071e-05,-2.4370849132537842e-05
66d34721-a96d-4a92-9042-0847e057f3ba,P,2,2.0,CONTINUOUS,15,True,,P frames only; missing on I frames,28.209354564717266,0.8851407679805743,0.23684004445870718,,-0.042650720344601864,0.08881130916538464,6.293073797394185,0.0985218919379926,0.2934407889842987,-0.02099163890055649,0.10092576577159197,39.508233195256174,0.10308756385302531,0.554587717851003,0.008306965018389434,-9.256741367031177e-05,-0.0007967342933019002,0.008306965018389434,-9.256741367031177e-05,-0.0007967342933019002,0.008306965018389434,-9.256741367031177e-05,-0.0007967342933019002
66d34721-a96d-4a92-9042-0847e057f3ba,IP,2,2.0,CONTINUOUS,16,True,,P frames only; missing on I frames,28.053239584381217,0.8815517117169809,0.23598755802959204,,-0.042650720344601864,0.08881130916538464,6.293073797394185,0.0985218919379926,0.2934407889842987,-0.02099163890055649,0.10092576577159197,39.508233195256174,0.10308756385302531,0.554587717851003,0.007787779704740094,-8.678195031591729e-05,-0.0007469383999705315,0.007787779704740094,-8.678195031591729e-05,-0.0007469383999705315,0.007787779704740094,-8.678195031591729e-05,-0.0007469383999705315
66d34721-a96d-4a92-9042-0847e057f3ba,P,2,2.0,REAL,15,False,67.3200420750263,P frames only; missing on I frames,28.20104759969887,0.8852333353942446,0.2376367787520091,0.0,0.0,0.0,0.0,0.0,0.0,-0.02333021367601681,0.1016782367684475,39.981388952715,0.10432215397297327,0.5599979043006897,0.0,0.0,0.0,0.0,0.0,0.0,0.0,0.0,0.0
66d34721-a96d-4a92-9042-0847e057f3ba,IP,2,2.0,REAL,16,False,67.3200420750263,P frames only; missing on I frames,28.04545180467648,0.8816384936672967,0.23673449642956257,0.0,0.0,0.0,0.0,0.0,0.0,-0.02333021367601681,0.1016782367684475,39.981388952715,0.10432215397297327,0.5599979043006897,0.0,0.0,0.0,0.0,0.0,0.0,0.0,0.0,0.0
66d34721-a96d-4a92-9042-0847e057f3ba,P,2,2.0,WRONG_SOURCE,15,True,,P frames only; missing on I frames,28.20104759969887,0.8852333353942446,0.2376367787520091,0.0,0.0,0.0,0.0,0.0,0.0,-0.02333021367601681,0.1016782367684475,39.981388952715,0.10432215397297327,0.5599979043006897,0.0,0.0,0.0,0.0,0.0,0.0,0.0,0.0,0.0
66d34721-a96d-4a92-9042-0847e057f3ba,IP,2,2.0,WRONG_SOURCE,16,True,,P frames only; missing on I frames,28.04545180467648,0.8816384936672967,0.23673449642956257,0.0,0.0,0.0,0.0,0.0,0.0,-0.02333021367601681,0.1016782367684475,39.981388952715,0.10432215397297327,0.5599979043006897,0.0,0.0,0.0,0.0,0.0,0.0,0.0,0.0,0.0
66d34721-a96d-4a92-9042-0847e057f3ba,P,2,2.0,ZERO,15,True,,P frames only; missing on I frames,28.20104759969887,0.8852333353942446,0.2376367787520091,0.0,0.0,0.0,0.0,0.0,0.0,-0.02333021367601681,0.1016782367684475,39.981388952715,0.10432215397297327,0.5599979043006897,0.0,0.0,0.0,0.0,0.0,0.0,0.0,0.0,0.0
66d34721-a96d-4a92-9042-0847e057f3ba,IP,2,2.0,ZERO,16,True,,P frames only; missing on I frames,28.04545180467648,0.8816384936672967,0.23673449642956257,0.0,0.0,0.0,0.0,0.0,0.0,-0.02333021367601681,0.1016782367684475,39.981388952715,0.10432215397297327,0.5599979043006897,0.0,0.0,0.0,0.0,0.0,0.0,0.0,0.0,0.0
b3d4cebf-21ab-41e1-b79a-729d35794681,P,-1,,BASE_ONLY,15,False,,P frames only; missing on I frames,29.119918231985434,0.9088625065222244,0.274975977341334,,,,,,,-0.026023613809800974,0.11075614389248009,43.60529473879624,0.11377789493900697,0.5953815778096517,,,,,,,,,
b3d4cebf-21ab-41e1-b79a-729d35794681,IP,-1,,BASE_ONLY,16,False,,P frames only; missing on I frames,28.967308716435966,0.9059659114817974,0.2721399012953043,,,,,,,-0.026023613809800974,0.11075614389248009,43.60529473879624,0.11377789493900697,0.5953815778096517,,,,,,,,,
b3d4cebf-21ab-41e1-b79a-729d35794681,P,-1,,ORIGINAL_FP16,15,False,,P frames only; missing on I frames,25.888391609817216,0.8872393946954552,0.23460298478603364,,,,,,,,,,,,,,,,,,,,
b3d4cebf-21ab-41e1-b79a-729d35794681,IP,-1,,ORIGINAL_FP16,16,False,,P frames only; missing on I frames,25.937752508153253,0.8856942441442011,0.23429022077471018,,,,,,,,,,,,,,,,,,,,
b3d4cebf-21ab-41e1-b79a-729d35794681,P,-1,,REFERENCE_FP32,15,False,,P frames only; missing on I frames,25.890561444801765,0.8872333288078759,0.2346006234486898,,,,,,,,,,,,,,,,,,,,
b3d4cebf-21ab-41e1-b79a-729d35794681,IP,-1,,REFERENCE_FP32,16,False,,P frames only; missing on I frames,25.939786728451274,0.8856885573745953,0.23428800702095032,,,,,,,,,,,,,,,,,,,,
b3d4cebf-21ab-41e1-b79a-729d35794681,P,0,0.125,CONTINUOUS,15,True,,P frames only; missing on I frames,29.198323276306436,0.9085515591596648,0.27406394481658936,,-0.037825942738698805,0.08339299758187228,5.8490959646453975,0.09157114934872683,0.2877774516741435,-0.024838472272008673,0.10786424168843653,42.422718506202585,0.11069223676021485,0.6148831963539123,-0.04170191037609167,-0.00016713710977771522,-0.00047180652618408205,-0.008021387888527442,-3.6119994700989366e-05,-5.874832471211751e-05,0.03503689861543767,1.3282535939818096e-05,-7.629791895548502e-05
b3d4cebf-21ab-41e1-b79a-729d35794681,IP,0,0.125,CONTINUOUS,16,True,,P frames only; missing on I frames,29.040813445486904,0.9056743983293976,0.27128487080335617,,-0.037825942738698805,0.08339299758187228,5.8490959646453975,0.09157114934872683,0.2877774516741435,-0.024838472272008673,0.10786424168843653,42.422718506202585,0.11069223676021485,0.6148831963539123,-0.03909554097758594,-0.00015669104041660803,-0.0004423186182975769,-0.007520051145494477,-3.386249503217753e-05,-5.507655441761017e-05,0.032847092451972815,1.2452377443579465e-05,-7.152929902076721e-05
b3d4cebf-21ab-41e1-b79a-729d35794681,P,0,0.125,REAL,15,False,492.34530771581734,P frames only; missing on I frames,29.206344664194965,0.9085876791543659,0.2741226931413015,0.32003267804781593,-0.03427696078431373,0.09368704505797507,6.372264479394067,0.09976167015539071,0.25,-0.02478425837048026,0.1082656947863377,42.568042146390574,0.11107142506669253,0.6149353464444478,-0.03368052248756423,-0.00013101711507672585,-0.0004130582014719645,0.0,0.0,0.0,0.043058286503965114,4.9402530640807464e-05,-1.7549594243367513e-05
b3d4cebf-21ab-41e1-b79a-729d35794681,IP,0,0.125,REAL,16,False,492.34530771581734,P frames only; missing on I frames,29.0483334966324,0.9057082608244298,0.2713399473577738,0.32003267804781593,-0.03427696078431373,0.09368704505797507,6.372264479394067,0.09976167015539071,0.25,-0.02478425837048026,0.1082656947863377,42.568042146390574,0.11107142506669253,0.6149353464444478,-0.03157548983209146,-0.0001228285453844305,-0.00038724206387996674,0.0,0.0,0.0,0.04036714359746729,4.6314872475756996e-05,-1.6452744603157043e-05
b3d4cebf-21ab-41e1-b79a-729d35794681,P,0,0.125,WRONG_SOURCE,15,True,,P frames only; missing on I frames,29.163286377691005,0.9085382766237249,0.2741402427355448,0.3091176450252533,-0.038600898692810456,0.10194866255563725,6.963202105794733,0.10901315755959819,0.375,-0.02477433680450526,0.1075956199491558,42.31666503010177,0.11041551483151336,0.615661374727885,-0.07673880899152934,-0.00018041964571753334,-0.00039550860722859703,-0.043058286503965114,-4.9402530640807464e-05,1.7549594243367513e-05,0.0,0.0,0.0
b3d4cebf-21ab-41e1-b79a-729d35794681,IP,0,0.125,WRONG_SOURCE,16,True,,P frames only; missing on I frames,29.00796635303493,0.905661945951954,0.27135640010237694,0.3091176450252533,-0.038600898692810456,0.10194866255563725,6.963202105794733,0.10901315755959819,0.375,-0.02477433680450526,0.1075956199491558,42.31666503010177,0.11041551483151336,0.615661374727885,-0.07194263342955876,-0.0001691434178601875,-0.0003707893192768097,-0.04036714359746729,-4.6314872475756996e-05,1.6452744603157043e-05,0.0,0.0,0.0
b3d4cebf-21ab-41e1-b79a-729d35794681,P,0,0.125,ZERO,15,True,,P frames only; missing on I frames,29.240025186682537,0.9087186962694425,0.2745357513427734,0.0,0.0,0.0,0.0,0.0,0.0,-0.026656658299009452,0.10925818877337837,43.10307046546635,0.11246745727429128,0.6186414082845052,0.0,0.0,0.0,0.03368052248756423,0.00013101711507672585,0.0004130582014719645,0.07673880899152934,0.00018041964571753334,0.00039550860722859703
b3d4cebf-21ab-41e1-b79a-729d35794681,IP,0,0.125,ZERO,16,True,,P frames only; missing on I frames,29.07990898646449,0.9058310893698143,0.27172718942165375,0.0,0.0,0.0,0.0,0.0,0.0,-0.026656658299009452,0.10925818877337837,43.10307046546635,0.11246745727429128,0.6186414082845052,0.0,0.0,0.0,0.03157548983209146,0.0001228285453844305,0.00038724206387996674,0.07194263342955876,0.0001691434178601875,0.0003707893192768097
b3d4cebf-21ab-41e1-b79a-729d35794681,P,1,0.5,CONTINUOUS,15,True,,P frames only; missing on I frames,29.198323276306436,0.9085515591596648,0.27406394481658936,,-0.037825942738698805,0.08339299758187228,5.8490959646453975,0.09157114934872683,0.2877774516741435,-0.024838472272008673,0.10786424168843653,42.422718506202585,0.11069223676021485,0.6148831963539123,-0.04170191037609167,-0.00016713710977771522,-0.00047180652618408205,-0.04107416482893337,-0.0001516610097895462,-0.0007243990898132324,-0.025333151705696128,-0.00011248872705984513,-0.0010392208894093832
b3d4cebf-21ab-41e1-b79a-729d35794681,IP,1,0.5,CONTINUOUS,16,True,,P frames only; missing on I frames,29.040813445486904,0.9056743983293976,0.27128487080335617,,-0.037825942738698805,0.08339299758187228,5.8490959646453975,0.09157114934872683,0.2877774516741435,-0.024838472272008673,0.10786424168843653,42.422718506202585,0.11069223676021485,0.6148831963539123,-0.03909554097758594,-0.00015669104041660803,-0.0004423186182975769,-0.038507029527125036,-0.00014218219667769955,-0.0006791241466999054,-0.02374982972409012,-0.00010545818161860482,-0.0009742695838212967
b3d4cebf-21ab-41e1-b79a-729d35794681,P,1,0.5,REAL,15,False,264.58516536572836,P frames only; missing on I frames,29.239397441135377,0.9087032201694544,0.2747883439064026,0.020964052900671958,-0.01048202614379085,0.0715426613552561,4.61868566540016,0.07230832891400892,0.5,-0.026273306498204967,0.10928013455810563,43.076786865687616,0.11239887632163044,0.6180660804112752,-0.0006277455471582982,-1.547609998816905e-05,0.0002525925636291504,0.0,0.0,0.0,0.01574101312323724,3.9172282729701044e-05,-0.0003148217995961507
b3d4cebf-21ab-41e1-b79a-729d35794681,IP,1,0.5,REAL,16,False,264.58516536572836,P frames only; missing on I frames,29.07932047501403,0.9058165805260754,0.2719639949500561,0.020964052900671958,-0.01048202614379085,0.0715426613552561,4.61868566540016,0.07230832891400892,0.5,-0.026273306498204967,0.10928013455810563,43.076786865687616,0.11239887632163044,0.6180660804112752,-0.0005885114504609046,-1.4508843738908483e-05,0.0002368055284023285,0.0,0.0,0.0,0.014757199803034915,3.672401505909473e-05,-0.0002951454371213913
b3d4cebf-21ab-41e1-b79a-729d35794681,P,1,0.5,WRONG_SOURCE,15,True,,P frames only; missing on I frames,29.223656428012138,0.9086640478867248,0.27510316570599874,0.06970588316520056,-0.03485294117647058,0.12732462121355315,8.432040197134958,0.13200870987130808,0.5,-0.02547704621892796,0.1083996604533862,42.67788993331841,0.11135804736875986,0.6188566644986471,-0.016368758670395542,-5.4648382717870093e-05,0.0005674143632253011,-0.01574101312323724,-3.9172282729701044e-05,0.0003148217995961507,0.0,0.0,0.0
b3d4cebf-21ab-41e1-b79a-729d35794681,IP,1,0.5,WRONG_SOURCE,16,True,,P frames only; missing on I frames,29.064563275210997,0.9057798565110162,0.27225914038717747,0.06970588316520056,-0.03485294117647058,0.12732462121355315,8.432040197134958,0.13200870987130808,0.5,-0.02547704621892796,0.1083996604533862,42.67788993331841,0.11135804736875986,0.6188566644986471,-0.01534571125349582,-5.123285879800321e-05,0.0005319509655237198,-0.014757199803034915,-3.672401505909473e-05,0.0002951454371213913,0.0,0.0,0.0
b3d4cebf-21ab-41e1-b79a-729d35794681,P,1,0.5,ZERO,15,True,,P frames only; missing on I frames,29.240025186682537,0.9087186962694425,0.2745357513427734,0.0,0.0,0.0,0.0,0.0,0.0,-0.026656658299009452,0.10925818877337837,43.10307046546635,0.11246745727429128,0.6186414082845052,0.0,0.0,0.0,0.0006277455471582982,1.547609998816905e-05,-0.0002525925636291504,0.016368758670395542,5.4648382717870093e-05,-0.0005674143632253011
b3d4cebf-21ab-41e1-b79a-729d35794681,IP,1,0.5,ZERO,16,True,,P frames only; missing on I frames,29.07990898646449,0.9058310893698143,0.27172718942165375,0.0,0.0,0.0,0.0,0.0,0.0,-0.026656658299009452,0.10925818877337837,43.10307046546635,0.11246745727429128,0.6186414082845052,0.0,0.0,0.0,0.0005885114504609046,1.4508843738908483e-05,-0.0002368055284023285,0.01534571125349582,5.123285879800321e-05,-0.0005319509655237198
b3d4cebf-21ab-41e1-b79a-729d35794681,P,2,2.0,CONTINUOUS,15,True,,P frames only; missing on I frames,29.198323276306436,0.9085515591596648,0.27406394481658936,,-0.037825942738698805,0.08339299758187228,5.8490959646453975,0.09157114934872683,0.2877774516741435,-0.024838472272008673,0.10786424168843653,42.422718506202585,0.11069223676021485,0.6148831963539123,-0.04170191037609167,-0.00016713710977771522,-0.00047180652618408205,-0.04170191037609167,-0.00016713710977771522,-0.00047180652618408205,-0.04170191037609167,-0.00016713710977771522,-0.00047180652618408205
b3d4cebf-21ab-41e1-b79a-729d35794681,IP,2,2.0,CONTINUOUS,16,True,,P frames only; missing on I frames,29.040813445486904,0.9056743983293976,0.27128487080335617,,-0.037825942738698805,0.08339299758187228,5.8490959646453975,0.09157114934872683,0.2877774516741435,-0.024838472272008673,0.10786424168843653,42.422718506202585,0.11069223676021485,0.6148831963539123,-0.03909554097758594,-0.00015669104041660803,-0.0004423186182975769,-0.03909554097758594,-0.00015669104041660803,-0.0004423186182975769,-0.03909554097758594,-0.00015669104041660803,-0.0004423186182975769
b3d4cebf-21ab-41e1-b79a-729d35794681,P,2,2.0,REAL,15,False,67.3200420750263,P frames only; missing on I frames,29.240025186682537,0.9087186962694425,0.2745357513427734,0.0,0.0,0.0,0.0,0.0,0.0,-0.026656658299009452,0.10925818877337837,43.10307046546635,0.11246745727429128,0.6186414082845052,0.0,0.0,0.0,0.0,0.0,0.0,0.0,0.0,0.0
b3d4cebf-21ab-41e1-b79a-729d35794681,IP,2,2.0,REAL,16,False,67.3200420750263,P frames only; missing on I frames,29.07990898646449,0.9058310893698143,0.27172718942165375,0.0,0.0,0.0,0.0,0.0,0.0,-0.026656658299009452,0.10925818877337837,43.10307046546635,0.11246745727429128,0.6186414082845052,0.0,0.0,0.0,0.0,0.0,0.0,0.0,0.0,0.0
b3d4cebf-21ab-41e1-b79a-729d35794681,P,2,2.0,WRONG_SOURCE,15,True,,P frames only; missing on I frames,29.240025186682537,0.9087186962694425,0.2745357513427734,0.0,0.0,0.0,0.0,0.0,0.0,-0.026656658299009452,0.10925818877337837,43.10307046546635,0.11246745727429128,0.6186414082845052,0.0,0.0,0.0,0.0,0.0,0.0,0.0,0.0,0.0
b3d4cebf-21ab-41e1-b79a-729d35794681,IP,2,2.0,WRONG_SOURCE,16,True,,P frames only; missing on I frames,29.07990898646449,0.9058310893698143,0.27172718942165375,0.0,0.0,0.0,0.0,0.0,0.0,-0.026656658299009452,0.10925818877337837,43.10307046546635,0.11246745727429128,0.6186414082845052,0.0,0.0,0.0,0.0,0.0,0.0,0.0,0.0,0.0
b3d4cebf-21ab-41e1-b79a-729d35794681,P,2,2.0,ZERO,15,True,,P frames only; missing on I frames,29.240025186682537,0.9087186962694425,0.2745357513427734,0.0,0.0,0.0,0.0,0.0,0.0,-0.026656658299009452,0.10925818877337837,43.10307046546635,0.11246745727429128,0.6186414082845052,0.0,0.0,0.0,0.0,0.0,0.0,0.0,0.0,0.0
b3d4cebf-21ab-41e1-b79a-729d35794681,IP,2,2.0,ZERO,16,True,,P frames only; missing on I frames,29.07990898646449,0.9058310893698143,0.27172718942165375,0.0,0.0,0.0,0.0,0.0,0.0,-0.026656658299009452,0.10925818877337837,43.10307046546635,0.11246745727429128,0.6186414082845052,0.0,0.0,0.0,0.0,0.0,0.0,0.0,0.0,0.0
46da3cc3-6beb-425c-a870-c8d7bae89311,P,-1,,BASE_ONLY,15,False,,P frames only; missing on I frames,25.677258262904374,0.8827808221545567,0.2450254629055659,,,,,,,-0.015416824343251269,0.11035934257631048,42.70598751514644,0.1114313614865159,0.5880626122156779,,,,,,,,,
46da3cc3-6beb-425c-a870-c8d7bae89311,IP,-1,,BASE_ONLY,16,False,,P frames only; missing on I frames,25.552218720337333,0.8782405757745944,0.24424320552498102,,,,,,,-0.015416824343251269,0.11035934257631048,42.70598751514644,0.1114313614865159,0.5880626122156779,,,,,,,,,
46da3cc3-6beb-425c-a870-c8d7bae89311,P,-1,,ORIGINAL_FP16,15,False,,P frames only; missing on I frames,23.82122226158868,0.8729957521821414,0.20837702949841816,,,,,,,,,,,,,,,,,,,,
46da3cc3-6beb-425c-a870-c8d7bae89311,IP,-1,,ORIGINAL_FP16,16,False,,P frames only; missing on I frames,23.812184969103875,0.8690670726754549,0.20988529920578003,,,,,,,,,,,,,,,,,,,,
46da3cc3-6beb-425c-a870-c8d7bae89311,P,-1,,REFERENCE_FP32,15,False,,P frames only; missing on I frames,23.81959397402067,0.8729827759794746,0.20839074850082398,,,,,,,,,,,,,,,,,,,,
46da3cc3-6beb-425c-a870-c8d7bae89311,IP,-1,,REFERENCE_FP32,16,False,,P frames only; missing on I frames,23.810658449508857,0.8690549074854548,0.20989816077053547,,,,,,,,,,,,,,,,,,,,
46da3cc3-6beb-425c-a870-c8d7bae89311,P,0,0.125,CONTINUOUS,15,True,,P frames only; missing on I frames,25.920700310106255,0.8843587467596014,0.24172550141811372,,-0.03953846583310937,0.09713114862428629,6.698595233741051,0.10487057628789627,0.38239753047625225,-0.009348067733873675,0.10688322519723069,41.11948735780397,0.1072917575851065,0.615348772207896,-0.07642330103501963,-0.00017876933795430244,-0.0003932495911916097,-0.014957572810150548,2.7943664592111615e-05,-0.0001624832550684611,-0.03675502292407984,-5.355869719613586e-05,-0.00020540157953898112
46da3cc3-6beb-425c-a870-c8d7bae89311,IP,0,0.125,CONTINUOUS,16,True,,P frames only; missing on I frames,25.780445639589093,0.8797198800918238,0.2411494916304946,,-0.03953846583310937,0.09713114862428629,6.698595233741051,0.10487057628789627,0.38239753047625225,-0.009348067733873675,0.10688322519723069,41.11948735780397,0.1072917575851065,0.615348772207896,-0.0716468447203309,-0.00016759625433215852,-0.0003686714917421341,-0.014022724509516138,2.619718555510464e-05,-0.00015232805162668228,-0.03445783399132485,-5.0211278621377364e-05,-0.0001925639808177948
46da3cc3-6beb-425c-a870-c8d7bae89311,P,0,0.125,REAL,15,False,492.57030785644247,P frames only; missing on I frames,25.935657882916406,0.8843308030950093,0.24188798467318218,0.3091176450252533,-0.038600898692810456,0.10194866255563725,6.963202105794733,0.10901315755959819,0.375,-0.009430664360989816,0.10711998739491155,41.21265744529635,0.10753486330173255,0.6164965907732646,-0.06146572822486907,-0.00020671300254641403,-0.0002307663361231486,0.0,0.0,0.0,-0.021797450113929293,-8.150236178824747e-05,-4.291832447052002e-05
46da3cc3-6beb-425c-a870-c8d7bae89311,IP,0,0.125,REAL,16,False,492.57030785644247,P frames only; missing on I frames,25.79446836409861,0.8796936829062687,0.24130181968212128,0.3091176450252533,-0.038600898692810456,0.10194866255563725,6.963202105794733,0.10901315755959819,0.375,-0.009430664360989816,0.10711998739491155,41.21265744529635,0.10753486330173255,0.6164965907732646,-0.057624120210814755,-0.00019379343988726316,-0.0002163434401154518,0.0,0.0,0.0,-0.02043510948180871,-7.6408464176482e-05,-4.023592919111252e-05
46da3cc3-6beb-425c-a870-c8d7bae89311,P,0,0.125,WRONG_SOURCE,15,True,,P frames only; missing on I frames,25.957455333030325,0.8844123054567975,0.24193090299765269,0.17897058725357057,-0.03513480392156863,0.09004227490988075,6.173920560370704,0.09665647565335432,0.375,-0.010129186892980166,0.10713039779772883,41.24095336195834,0.10760869492820031,0.6123843590418497,-0.03966827811093978,-0.00012521064075816658,-0.00018784801165262858,0.021797450113929293,8.150236178824747e-05,4.291832447052002e-05,0.0,0.0,0.0
46da3cc3-6beb-425c-a870-c8d7bae89311,IP,0,0.125,WRONG_SOURCE,16,True,,P frames only; missing on I frames,25.81490347358042,0.8797700913704452,0.2413420556113124,0.17897058725357057,-0.03513480392156863,0.09004227490988075,6.173920560370704,0.09665647565335432,0.375,-0.010129186892980166,0.10713039779772883,41.24095336195834,0.10760869492820031,0.6123843590418497,-0.037189010729006045,-0.00011738497571078116,-0.0001761075109243393,0.02043510948180871,7.6408464176482e-05,4.023592919111252e-05,0.0,0.0,0.0
46da3cc3-6beb-425c-a870-c8d7bae89311,P,0,0.125,ZERO,15,True,,P frames only; missing on I frames,25.99712361114127,0.8845375160975557,0.24211875100930533,0.0,0.0,0.0,0.0,0.0,0.0,-0.011764599731864667,0.10732155422750901,41.37746232528546,0.10796488338147653,0.6118944764137269,0.0,0.0,0.0,0.06146572822486907,0.00020671300254641403,0.0002307663361231486,0.03966827811093978,0.00012521064075816658,0.00018784801165262858
46da3cc3-6beb-425c-a870-c8d7bae89311,IP,0,0.125,ZERO,16,True,,P frames only; missing on I frames,25.852092484309427,0.8798874763461559,0.24151816312223673,0.0,0.0,0.0,0.0,0.0,0.0,-0.011764599731864667,0.10732155422750901,41.37746232528546,0.10796488338147653,0.6118944764137269,0.0,0.0,0.0,0.057624120210814755,0.00019379343988726316,0.0002163434401154518,0.037189010729006045,0.00011738497571078116,0.0001761075109243393
46da3cc3-6beb-425c-a870-c8d7bae89311,P,1,0.5,CONTINUOUS,15,True,,P frames only; missing on I frames,25.920700310106255,0.8843587467596014,0.24172550141811372,,-0.03953846583310937,0.09713114862428629,6.698595233741051,0.10487057628789627,0.38239753047625225,-0.009348067733873675,0.10688322519723069,41.11948735780397,0.1072917575851065,0.615348772207896,-0.07642330103501963,-0.00017876933795430244,-0.0003932495911916097,-0.06054768796669165,-0.00016565878772858422,0.0002855161825815837,-0.045313728551222475,2.2068575552876744e-05,-0.00023962755997975667
46da3cc3-6beb-425c-a870-c8d7bae89311,IP,1,0.5,CONTINUOUS,16,True,,P frames only; missing on I frames,25.780445639589093,0.8797198800918238,0.2411494916304946,,-0.03953846583310937,0.09713114862428629,6.698595233741051,0.10487057628789627,0.38239753047625225,-0.009348067733873675,0.10688322519723069,41.11948735780397,0.1072917575851065,0.615348772207896,-0.0716468447203309,-0.00016759625433215852,-0.0003686714917421341,-0.056763457468773426,-0.0001553051134955477,0.0002676714211702347,-0.04248162051677107,2.0689289580821946e-05,-0.00022465083748102188
46da3cc3-6beb-425c-a870-c8d7bae89311,P,1,0.5,REAL,15,False,265.9951662469789,P frames only; missing on I frames,25.981247998072945,0.88452440554733,0.24143998523553212,0.06970588316520056,-0.03485294117647058,0.12732462121355315,8.432040197134958,0.13200870987130808,0.5,-0.010155769034080145,0.10756390950732127,41.407303308024204,0.10804274649923011,0.611276110013326,-0.015875613068327965,-1.3110550225718201e-05,-0.0006787657737731933,0.0,0.0,0.0,0.015233959415469182,0.00018772736328146096,-0.0005251437425613404
46da3cc3-6beb-425c-a870-c8d7bae89311,IP,1,0.5,REAL,16,False,265.9951662469789,P frames only; missing on I frames,25.83720909705787,0.8798751852053193,0.24088182020932436,0.06970588316520056,-0.03485294117647058,0.12732462121355315,8.432040197134958,0.13200870987130808,0.5,-0.010155769034080145,0.10756390950732127,41.407303308024204,0.10804274649923011,0.611276110013326,-0.014883387251557467,-1.2291140836610814e-05,-0.0006363429129123688,0.0,0.0,0.0,0.014281836952002358,0.00017599440307636965,-0.0004923222586512566
46da3cc3-6beb-425c-a870-c8d7bae89311,P,1,0.5,WRONG_SOURCE,15,True,,P frames only; missing on I frames,25.966014038657477,0.8843366781840486,0.24196512897809347,0.0843627467751503,-0.04218137254901961,0.1389645185182304,9.276257390495395,0.14522544270715895,0.5,-0.010073105945661222,0.10748160574722494,41.372938541006214,0.10795307961646282,0.6072518865267436,-0.031109572483797147,-0.00020083791350717918,-0.00015362203121185302,-0.015233959415469182,-0.00018772736328146096,0.0005251437425613404,0.0,0.0,0.0
46da3cc3-6beb-425c-a870-c8d7bae89311,IP,1,0.5,WRONG_SOURCE,16,True,,P frames only; missing on I frames,25.822927260105867,0.8796991908022429,0.24137414246797562,0.0843627467751503,-0.04218137254901961,0.1389645185182304,9.276257390495395,0.14522544270715895,0.5,-0.010073105945661222,0.10748160574722494,41.372938541006214,0.10795307961646282,0.6072518865267436,-0.029165224203559825,-0.00018828554391298047,-0.0001440206542611122,-0.014281836952002358,-0.00017599440307636965,0.0004923222586512566,0.0,0.0,0.0
46da3cc3-6beb-425c-a870-c8d7bae89311,P,1,0.5,ZERO,15,True,,P frames only; missing on I frames,25.99712361114127,0.8845375160975557,0.24211875100930533,0.0,0.0,0.0,0.0,0.0,0.0,-0.011764599731864667,0.10732155422750901,41.37746232528546,0.10796488338147653,0.6118944764137269,0.0,0.0,0.0,0.015875613068327965,1.3110550225718201e-05,0.0006787657737731933,0.031109572483797147,0.00020083791350717918,0.00015362203121185302
46da3cc3-6beb-425c-a870-c8d7bae89311,IP,1,0.5,ZERO,16,True,,P frames only; missing on I frames,25.852092484309427,0.8798874763461559,0.24151816312223673,0.0,0.0,0.0,0.0,0.0,0.0,-0.011764599731864667,0.10732155422750901,41.37746232528546,0.10796488338147653,0.6118944764137269,0.0,0.0,0.0,0.014883387251557467,1.2291140836610814e-05,0.0006363429129123688,0.029165224203559825,0.00018828554391298047,0.0001440206542611122
46da3cc3-6beb-425c-a870-c8d7bae89311,P,2,2.0,CONTINUOUS,15,True,,P frames only; missing on I frames,25.920700310106255,0.8843587467596014,0.24172550141811372,,-0.03953846583310937,0.09713114862428629,6.698595233741051,0.10487057628789627,0.38239753047625225,-0.009348067733873675,0.10688322519723069,41.11948735780397,0.1072917575851065,0.615348772207896,-0.07642330103501963,-0.00017876933795430244,-0.0003932495911916097,-0.07642330103501963,-0.00017876933795430244,-0.0003932495911916097,-0.07642330103501963,-0.00017876933795430244,-0.0003932495911916097
46da3cc3-6beb-425c-a870-c8d7bae89311,IP,2,2.0,CONTINUOUS,16,True,,P frames only; missing on I frames,25.780445639589093,0.8797198800918238,0.2411494916304946,,-0.03953846583310937,0.09713114862428629,6.698595233741051,0.10487057628789627,0.38239753047625225,-0.009348067733873675,0.10688322519723069,41.11948735780397,0.1072917575851065,0.615348772207896,-0.0716468447203309,-0.00016759625433215852,-0.0003686714917421341,-0.0716468447203309,-0.00016759625433215852,-0.0003686714917421341,-0.0716468447203309,-0.00016759625433215852,-0.0003686714917421341
46da3cc3-6beb-425c-a870-c8d7bae89311,P,2,2.0,REAL,15,False,67.3200420750263,P frames only; missing on I frames,25.99712361114127,0.8845375160975557,0.24211875100930533,0.0,0.0,0.0,0.0,0.0,0.0,-0.011764599731864667,0.10732155422750901,41.37746232528546,0.10796488338147653,0.6118944764137269,0.0,0.0,0.0,0.0,0.0,0.0,0.0,0.0,0.0
46da3cc3-6beb-425c-a870-c8d7bae89311,IP,2,2.0,REAL,16,False,67.3200420750263,P frames only; missing on I frames,25.852092484309427,0.8798874763461559,0.24151816312223673,0.0,0.0,0.0,0.0,0.0,0.0,-0.011764599731864667,0.10732155422750901,41.37746232528546,0.10796488338147653,0.6118944764137269,0.0,0.0,0.0,0.0,0.0,0.0,0.0,0.0,0.0
46da3cc3-6beb-425c-a870-c8d7bae89311,P,2,2.0,WRONG_SOURCE,15,True,,P frames only; missing on I frames,25.99712361114127,0.8845375160975557,0.24211875100930533,0.0,0.0,0.0,0.0,0.0,0.0,-0.011764599731864667,0.10732155422750901,41.37746232528546,0.10796488338147653,0.6118944764137269,0.0,0.0,0.0,0.0,0.0,0.0,0.0,0.0,0.0
46da3cc3-6beb-425c-a870-c8d7bae89311,IP,2,2.0,WRONG_SOURCE,16,True,,P frames only; missing on I frames,25.852092484309427,0.8798874763461559,0.24151816312223673,0.0,0.0,0.0,0.0,0.0,0.0,-0.011764599731864667,0.10732155422750901,41.37746232528546,0.10796488338147653,0.6118944764137269,0.0,0.0,0.0,0.0,0.0,0.0,0.0,0.0,0.0
46da3cc3-6beb-425c-a870-c8d7bae89311,P,2,2.0,ZERO,15,True,,P frames only; missing on I frames,25.99712361114127,0.8845375160975557,0.24211875100930533,0.0,0.0,0.0,0.0,0.0,0.0,-0.011764599731864667,0.10732155422750901,41.37746232528546,0.10796488338147653,0.6118944764137269,0.0,0.0,0.0,0.0,0.0,0.0,0.0,0.0,0.0
46da3cc3-6beb-425c-a870-c8d7bae89311,IP,2,2.0,ZERO,16,True,,P frames only; missing on I frames,25.852092484309427,0.8798874763461559,0.24151816312223673,0.0,0.0,0.0,0.0,0.0,0.0,-0.011764599731864667,0.10732155422750901,41.37746232528546,0.10796488338147653,0.6118944764137269,0.0,0.0,0.0,0.0,0.0,0.0,0.0,0.0,0.0
2996c286-14c5-4157-95ba-f2a73fae0187,P,-1,,BASE_ONLY,15,False,,P frames only; missing on I frames,18.122421338220736,0.47551334868140066,0.5705912431081136,,,,,,,-0.043808813509023055,0.1426808199329914,57.20226493159418,0.14925603252188532,0.6012308796246847,,,,,,,,,
2996c286-14c5-4157-95ba-f2a73fae0187,IP,-1,,BASE_ONLY,16,False,,P frames only; missing on I frames,18.011412500476844,0.4701325021861906,0.5609864145517349,,,,,,,-0.043808813509023055,0.1426808199329914,57.20226493159418,0.14925603252188532,0.6012308796246847,,,,,,,,,
2996c286-14c5-4157-95ba-f2a73fae0187,P,-1,,ORIGINAL_FP16,15,False,,P frames only; missing on I frames,16.34960398697767,0.47822147546447985,0.405735711256663,,,,,,,,,,,,,,,,,,,,
2996c286-14c5-4157-95ba-f2a73fae0187,IP,-1,,ORIGINAL_FP16,16,False,,P frames only; missing on I frames,16.34939623368648,0.4726713710453274,0.406434353441,,,,,,,,,,,,,,,,,,,,
2996c286-14c5-4157-95ba-f2a73fae0187,P,-1,,REFERENCE_FP32,15,False,,P frames only; missing on I frames,16.349103326422615,0.4781938745042604,0.40567427277565005,,,,,,,,,,,,,,,,,,,,
2996c286-14c5-4157-95ba-f2a73fae0187,IP,-1,,REFERENCE_FP32,16,False,,P frames only; missing on I frames,16.348926864416107,0.4726454951451217,0.4063767548650503,,,,,,,,,,,,,,,,,,,,
2996c286-14c5-4157-95ba-f2a73fae0187,P,0,0.125,CONTINUOUS,15,True,,P frames only; missing on I frames,18.18063822285943,0.4771099337026914,0.5720051844914754,,-0.035228705335995474,0.09508823157110405,6.477198931137277,0.10140448272172321,0.3457663635412852,-0.04066613512979891,0.1441701083320116,57.409739202778375,0.14979738847351337,0.6015272816022237,-0.010775277198037732,-0.00011823985536571676,-0.0001285115877787272,-0.006359870096503073,-0.00010167964963688029,-6.01808230082194e-05,-0.012698699952898806,-0.00031378325163163115,0.000824288527170817
2996c286-14c5-4157-95ba-f2a73fae0187,IP,0,0.125,CONTINUOUS,16,True,,P frames only; missing on I frames,18.06599082982562,0.4716293006436507,0.5623119845986366,,-0.035228705335995474,0.09508823157110405,6.477198931137277,0.10140448272172321,0.3457663635412852,-0.04066613512979891,0.1441701083320116,57.409739202778375,0.14979738847351337,0.6015272816022237,-0.010101822373160374,-0.00011084986440535946,-0.00012047961354255676,-0.005962378215471631,-9.532467153457527e-05,-5.641952157020569e-05,-0.011905031205842631,-0.0002941717984046542,0.000772770494222641
2996c286-14c5-4157-95ba-f2a73fae0187,P,0,0.125,REAL,15,False,492.30030768769234,P frames only; missing on I frames,18.18699809295593,0.4772116133523283,0.5720653653144836,0.17897058725357057,-0.03513480392156863,0.09004227490988075,6.173920560370704,0.09665647565335432,0.375,-0.04094279599970463,0.14447328894995393,57.550397783859346,0.15016440439110698,0.6025061090787251,-0.00441540710153466,-1.6560205728836467e-05,-6.833076477050782e-05,0.0,0.0,0.0,-0.006338829856395734,-0.00021210360199475087,0.0008844693501790364
2996c286-14c5-4157-95ba-f2a73fae0187,IP,0,0.125,REAL,16,False,492.30030768769234,P frames only; missing on I frames,18.07195320804109,0.47172462531518533,0.5623684041202068,0.17897058725357057,-0.03513480392156863,0.09004227490988075,6.173920560370704,0.09665647565335432,0.375,-0.04094279599970463,0.14447328894995393,57.550397783859346,0.15016440439110698,0.6025061090787251,-0.004139444157688743,-1.5525192870784188e-05,-6.406009197235107e-05,0.0,0.0,0.0,-0.005942652990371,-0.00019884712687007894,0.0008291900157928467
2996c286-14c5-4157-95ba-f2a73fae0187,P,0,0.125,WRONG_SOURCE,15,True,,P frames only; missing on I frames,18.19333692281232,0.477423716954323,0.5711808959643047,0.38566993474960326,-0.03439338235294118,0.1040777534362556,7.001678675693193,0.10961553162729945,0.375,-0.04034904039738268,0.14327134448455828,57.04523664417765,0.14884630365535306,0.6002686619758606,0.0019234227548610742,0.0001955433962659144,-0.0009528001149495443,0.006338829856395734,0.00021210360199475087,-0.0008844693501790364,0.0,0.0,0.0
2996c286-14c5-4157-95ba-f2a73fae0187,IP,0,0.125,WRONG_SOURCE,16,True,,P frames only; missing on I frames,18.07789586103146,0.47192347244205535,0.561539214104414,0.38566993474960326,-0.03439338235294118,0.1040777534362556,7.001678675693193,0.10961553162729945,0.375,-0.04034904039738268,0.14327134448455828,57.04523664417765,0.14884630365535306,0.6002686619758606,0.001803208832682257,0.00018332193399929475,-0.0008932501077651978,0.005942652990371,0.00019884712687007894,-0.0008291900157928467,0.0,0.0,0.0
2996c286-14c5-4157-95ba-f2a73fae0187,P,0,0.125,ZERO,15,True,,P frames only; missing on I frames,18.19141350005746,0.4772281735580571,0.5721336960792541,0.0,0.0,0.0,0.0,0.0,0.0,-0.04245524739832389,0.14466859397416998,57.78291118958785,0.15077109415223247,0.6058803955713908,0.0,0.0,0.0,0.00441540710153466,1.6560205728836467e-05,6.833076477050782e-05,-0.0019234227548610742,-0.0001955433962659144,0.0009528001149495443
2996c286-14c5-4157-95ba-f2a73fae0187,IP,0,0.125,ZERO,16,True,,P frames only; missing on I frames,18.076092652198778,0.47174015050805607,0.5624324642121792,0.0,0.0,0.0,0.0,0.0,0.0,-0.04245524739832389,0.14466859397416998,57.78291118958785,0.15077109415223247,0.6058803955713908,0.0,0.0,0.0,0.004139444157688743,1.5525192870784188e-05,6.406009197235107e-05,-0.001803208832682257,-0.00018332193399929475,0.0008932501077651978
2996c286-14c5-4157-95ba-f2a73fae0187,P,1,0.5,CONTINUOUS,15,True,,P frames only; missing on I frames,18.18063822285943,0.4771099337026914,0.5720051844914754,,-0.035228705335995474,0.09508823157110405,6.477198931137277,0.10140448272172321,0.3457663635412852,-0.04066613512979891,0.1441701083320116,57.409739202778375,0.14979738847351337,0.6015272816022237,-0.010775277198037732,-0.00011823985536571676,-0.0001285115877787272,0.0016949415099261956,0.00017282864670264964,-1.1110305786132813e-05,-0.011585527178864888,1.7648659533657056e-05,-0.0005856712659200032
2996c286-14c5-4157-95ba-f2a73fae0187,IP,1,0.5,CONTINUOUS,16,True,,P frames only; missing on I frames,18.06599082982562,0.4716293006436507,0.5623119845986366,,-0.035228705335995474,0.09508823157110405,6.477198931137277,0.10140448272172321,0.3457663635412852,-0.04066613512979891,0.1441701083320116,57.409739202778375,0.14979738847351337,0.6015272816022237,-0.010101822373160374,-0.00011084986440535946,-0.00012047961354255676,0.0015890076655558083,0.00016202685628373403,-1.0415911674499512e-05,-0.010861431730185833,1.654561831280349e-05,-0.000549066811800003
2996c286-14c5-4157-95ba-f2a73fae0187,P,1,0.5,REAL,15,False,266.44516652822915,P frames only; missing on I frames,18.178943281349497,0.47693710505598863,0.5720162947972616,0.0843627467751503,-0.04218137254901961,0.1389645185182304,9.276257390495395,0.14522544270715895,0.5,-0.040791107880831214,0.1446467615299999,57.59854745306688,0.1502900397763798,0.6016139308611552,-0.012470218707963927,-0.0002910685020683664,-0.0001174012819925944,0.0,0.0,0.0,-0.013280468688791085,-0.00015517998716899257,-0.0005745609601338704
2996c286-14c5-4157-95ba-f2a73fae0187,IP,1,0.5,REAL,16,False,266.44516652822915,P frames only; missing on I frames,18.064401822160065,0.47146727378736697,0.5623224005103111,0.0843627467751503,-0.04218137254901961,0.1389645185182304,9.276257390495395,0.14522544270715895,0.5,-0.040791107880831214,0.1446467615299999,57.59854745306688,0.1502900397763798,0.6016139308611552,-0.011690830038716182,-0.0002728767206890935,-0.00011006370186805725,0.0,0.0,0.0,-0.012450439395741641,-0.00014548123797093054,-0.0005386509001255035
2996c286-14c5-4157-95ba-f2a73fae0187,P,1,0.5,WRONG_SOURCE,15,True,,P frames only; missing on I frames,18.192223750038288,0.47709228504315765,0.5725908557573954,0.04679738655686379,-0.02339869281045751,0.10558343740557459,6.907809355309229,0.10814595041199712,0.5,-0.04170092774228857,0.14443550471291305,57.616381702221524,0.15033657410985438,0.5997281352678935,0.0008102499808271564,-0.0001358885148993738,0.00045715967814127605,0.013280468688791085,0.00015517998716899257,0.0005745609601338704,0.0,0.0,0.0
2996c286-14c5-4157-95ba-f2a73fae0187,IP,1,0.5,WRONG_SOURCE,16,True,,P frames only; missing on I frames,18.076852261555803,0.4716127550253379,0.5628610514104366,0.04679738655686379,-0.02339869281045751,0.10558343740557459,6.907809355309229,0.10814595041199712,0.5,-0.04170092774228857,0.14443550471291305,57.616381702221524,0.15033657410985438,0.5997281352678935,0.0007596093570254592,-0.00012739548271816295,0.0004285871982574463,0.012450439395741641,0.00014548123797093054,0.0005386509001255035,0.0,0.0,0.0
2996c286-14c5-4157-95ba-f2a73fae0187,P,1,0.5,ZERO,15,True,,P frames only; missing on I frames,18.19141350005746,0.4772281735580571,0.5721336960792541,0.0,0.0,0.0,0.0,0.0,0.0,-0.04245524739832389,0.14466859397416998,57.78291118958785,0.15077109415223247,0.6058803955713908,0.0,0.0,0.0,0.012470218707963927,0.0002910685020683664,0.0001174012819925944,-0.0008102499808271564,0.0001358885148993738,-0.00045715967814127605
2996c286-14c5-4157-95ba-f2a73fae0187,IP,1,0.5,ZERO,16,True,,P frames only; missing on I frames,18.076092652198778,0.47174015050805607,0.5624324642121792,0.0,0.0,0.0,0.0,0.0,0.0,-0.04245524739832389,0.14466859397416998,57.78291118958785,0.15077109415223247,0.6058803955713908,0.0,0.0,0.0,0.011690830038716182,0.0002728767206890935,0.00011006370186805725,-0.0007596093570254592,0.00012739548271816295,-0.0004285871982574463
2996c286-14c5-4157-95ba-f2a73fae0187,P,2,2.0,CONTINUOUS,15,True,,P frames only; missing on I frames,18.18063822285943,0.4771099337026914,0.5720051844914754,,-0.035228705335995474,0.09508823157110405,6.477198931137277,0.10140448272172321,0.3457663635412852,-0.04066613512979891,0.1441701083320116,57.409739202778375,0.14979738847351337,0.6015272816022237,-0.010775277198037732,-0.00011823985536571676,-0.0001285115877787272,-0.010775277198037732,-0.00011823985536571676,-0.0001285115877787272,-0.010775277198037732,-0.00011823985536571676,-0.0001285115877787272
2996c286-14c5-4157-95ba-f2a73fae0187,IP,2,2.0,CONTINUOUS,16,True,,P frames only; missing on I frames,18.06599082982562,0.4716293006436507,0.5623119845986366,,-0.035228705335995474,0.09508823157110405,6.477198931137277,0.10140448272172321,0.3457663635412852,-0.04066613512979891,0.1441701083320116,57.409739202778375,0.14979738847351337,0.6015272816022237,-0.010101822373160374,-0.00011084986440535946,-0.00012047961354255676,-0.010101822373160374,-0.00011084986440535946,-0.00012047961354255676,-0.010101822373160374,-0.00011084986440535946,-0.00012047961354255676
2996c286-14c5-4157-95ba-f2a73fae0187,P,2,2.0,REAL,15,False,67.3200420750263,P frames only; missing on I frames,18.19141350005746,0.4772281735580571,0.5721336960792541,0.0,0.0,0.0,0.0,0.0,0.0,-0.04245524739832389,0.14466859397416998,57.78291118958785,0.15077109415223247,0.6058803955713908,0.0,0.0,0.0,0.0,0.0,0.0,0.0,0.0,0.0
2996c286-14c5-4157-95ba-f2a73fae0187,IP,2,2.0,REAL,16,False,67.3200420750263,P frames only; missing on I frames,18.076092652198778,0.47174015050805607,0.5624324642121792,0.0,0.0,0.0,0.0,0.0,0.0,-0.04245524739832389,0.14466859397416998,57.78291118958785,0.15077109415223247,0.6058803955713908,0.0,0.0,0.0,0.0,0.0,0.0,0.0,0.0,0.0
2996c286-14c5-4157-95ba-f2a73fae0187,P,2,2.0,WRONG_SOURCE,15,True,,P frames only; missing on I frames,18.19141350005746,0.4772281735580571,0.5721336960792541,0.0,0.0,0.0,0.0,0.0,0.0,-0.04245524739832389,0.14466859397416998,57.78291118958785,0.15077109415223247,0.6058803955713908,0.0,0.0,0.0,0.0,0.0,0.0,0.0,0.0,0.0
2996c286-14c5-4157-95ba-f2a73fae0187,IP,2,2.0,WRONG_SOURCE,16,True,,P frames only; missing on I frames,18.076092652198778,0.47174015050805607,0.5624324642121792,0.0,0.0,0.0,0.0,0.0,0.0,-0.04245524739832389,0.14466859397416998,57.78291118958785,0.15077109415223247,0.6058803955713908,0.0,0.0,0.0,0.0,0.0,0.0,0.0,0.0,0.0
2996c286-14c5-4157-95ba-f2a73fae0187,P,2,2.0,ZERO,15,True,,P frames only; missing on I frames,18.19141350005746,0.4772281735580571,0.5721336960792541,0.0,0.0,0.0,0.0,0.0,0.0,-0.04245524739832389,0.14466859397416998,57.78291118958785,0.15077109415223247,0.6058803955713908,0.0,0.0,0.0,0.0,0.0,0.0,0.0,0.0,0.0
2996c286-14c5-4157-95ba-f2a73fae0187,IP,2,2.0,ZERO,16,True,,P frames only; missing on I frames,18.076092652198778,0.47174015050805607,0.5624324642121792,0.0,0.0,0.0,0.0,0.0,0.0,-0.04245524739832389,0.14466859397416998,57.78291118958785,0.15077109415223247,0.6058803955713908,0.0,0.0,0.0,0.0,0.0,0.0,0.0,0.0,0.0
ALL_VAL6,P,-1,,BASE_ONLY,90,False,,P frames only; missing on I frames,26.532898976570948,0.8138199966749669,0.31220692694187163,,,,,,,-0.025659109759775763,0.11523244141999694,45.484989077970624,0.11868252100153302,0.5586886935763888,,,,,,,,,
ALL_VAL6,IP,-1,,BASE_ONLY,96,False,,P frames only; missing on I frames,26.380958431305757,0.8099703700822135,0.30838708905503154,,,,,,,-0.025659109759775763,0.11523244141999694,45.484989077970624,0.11868252100153302,0.5586886935763888,,,,,,,,,
ALL_VAL6,P,-1,,ORIGINAL_FP16,90,False,,P frames only; missing on I frames,23.69057308532196,0.7939716664295062,0.2349310433699025,,,,,,,,,,,,,,,,,,,,
ALL_VAL6,IP,-1,,ORIGINAL_FP16,96,False,,P frames only; missing on I frames,23.716277908259826,0.791362560477094,0.23594094820631048,,,,,,,,,,,,,,,,,,,,
ALL_VAL6,P,-1,,REFERENCE_FP32,90,False,,P frames only; missing on I frames,23.69131786007635,0.7939608149439041,0.2349161813656489,,,,,,,,,,,,,,,,,,,,
ALL_VAL6,IP,-1,,REFERENCE_FP32,96,False,,P frames only; missing on I frames,23.716976134592063,0.7913523872093421,0.23592701507732272,,,,,,,,,,,,,,,,,,,,
ALL_VAL6,P,0,0.125,CONTINUOUS,90,True,,P frames only; missing on I frames,26.57461373149189,0.8141550803124741,0.3090560633275244,,-0.036852783912036266,0.08839040876311931,6.121955441585236,0.0958429301615397,0.32269983258512286,-0.021537768095565013,0.11234230352863278,44.176186968935866,0.11526750569777866,0.5746571001079347,-0.03231079848254979,-0.00011681477478511781,-0.0005866263475683,-0.0034655276646497887,-7.1905717565046155e-06,-0.00037979003455903794,-0.013571491577455951,-9.870612102582727e-05,0.00034517604443762035
ALL_VAL6,IP,0,0.125,CONTINUOUS,96,True,,P frames only; missing on I frames,26.420066014044135,0.8102845109923762,0.305433154416581,,-0.036852783912036266,0.08839040876311931,6.121955441585236,0.0958429301615397,0.32269983258512286,-0.021537768095565013,0.11234230352863278,44.176186968935866,0.11526750569777866,0.5746571001079347,-0.030291373577390424,-0.00010951385136104795,-0.0005499622008452812,-0.003248932185609177,-6.741161021723077e-06,-0.0003560531573990981,-0.012723273353864953,-9.253698846171307e-05,0.0003236025416602691
ALL_VAL6,P,0,0.125,REAL,90,False,476.45830466648425,P frames only; missing on I frames,26.578079259156535,0.8141622708842304,0.30943585336208346,0.2788316981659995,-0.035437431917211326,0.09410728279237522,6.4253232466264665,0.10059233737778973,0.3125,-0.02162778330622222,0.11266669230320024,44.30871114066932,0.11561329676234294,0.5749054686890708,-0.028845270817899997,-0.0001096242030286132,-0.00020683631300926207,0.0,0.0,0.0,-0.010105963912806161,-9.151554926932266e-05,0.0007249660789966583
ALL_VAL6,IP,0,0.125,REAL,96,False,476.45830466648425,P frames only; missing on I frames,26.423314946229738,0.810291252153398,0.3057892075739801,0.2788316981659995,-0.035437431917211326,0.09410728279237522,6.4253232466264665,0.10059233737778973,0.3125,-0.02162778330622222,0.11266669230320024,44.30871114066932,0.11561329676234294,0.5749054686890708,-0.027042441391781247,-0.00010277269033932487,-0.0001939090434461832,0.0,0.0,0.0,-0.009474341168255776,-8.579582743999e-05,0.0006796556990593672
ALL_VAL6,P,0,0.125,WRONG_SOURCE,90,True,,P frames only; missing on I frames,26.588185223069342,0.8142537864334998,0.30871088728308677,0.2788316981659995,-0.035437431917211326,0.09410728279237522,6.4253232466264665,0.10059233737778975,0.3125,-0.02179117392217091,0.11201972594311806,44.044566965872534,0.11492407385148301,0.5734911544455422,-0.018739306905093834,-1.8108653759290542e-05,-0.0009318023920059204,0.010105963912806161,9.151554926932266e-05,-0.0007249660789966583,0.0,0.0,0.0
ALL_VAL6,IP,0,0.125,WRONG_SOURCE,96,True,,P frames only; missing on I frames,26.432789287398,0.8103770479808379,0.3051095518749207,0.2788316981659995,-0.035437431917211326,0.09410728279237522,6.4253232466264665,0.10059233737778975,0.3125,-0.02179117392217091,0.11201972594311806,44.044566965872534,0.11492407385148301,0.5734911544455422,-0.01756810022352547,-1.6976862899334883e-05,-0.0008735647425055504,0.009474341168255776,8.579582743999e-05,-0.0006796556990593672,0.0,0.0,0.0
ALL_VAL6,P,0,0.125,ZERO,90,True,,P frames only; missing on I frames,26.60692452997444,0.8142718950872591,0.3096426896750927,0.0,0.0,0.0,0.0,0.0,0.0,-0.02359674195252592,0.11323166991651838,44.632739383318224,0.11645877324794453,0.5761396649811003,0.0,0.0,0.0,0.028845270817899997,0.0001096242030286132,0.00020683631300926207,0.018739306905093834,1.8108653759290542e-05,0.0009318023920059204
ALL_VAL6,IP,0,0.125,ZERO,96,True,,P frames only; missing on I frames,26.450357387621523,0.8103940248437373,0.3059831166174263,0.0,0.0,0.0,0.0,0.0,0.0,-0.02359674195252592,0.11323166991651838,44.632739383318224,0.11645877324794453,0.5761396649811003,0.0,0.0,0.0,0.027042441391781247,0.00010277269033932487,0.0001939090434461832,0.01756810022352547,1.6976862899334883e-05,0.0008735647425055504
ALL_VAL6,P,1,0.5,CONTINUOUS,90,True,,P frames only; missing on I frames,26.57461373149189,0.8141550803124741,0.3090560633275244,,-0.036852783912036266,0.08839040876311931,6.121955441585236,0.0958429301615397,0.32269983258512286,-0.021537768095565013,0.11234230352863278,44.176186968935866,0.11526750569777866,0.5746571001079347,-0.03231079848254979,-0.00011681477478511781,-0.0005866263475683,-0.023433807688507672,-3.183098205734591e-05,-0.0005931485030386183,-0.02392028520496636,-4.61260408779856e-05,-0.0006771908866034614
ALL_VAL6,IP,1,0.5,CONTINUOUS,96,True,,P frames only; missing on I frames,26.420066014044135,0.8102845109923762,0.305433154416581,,-0.036852783912036266,0.08839040876311931,6.121955441585236,0.0958429301615397,0.32269983258512286,-0.021537768095565013,0.11234230352863278,44.176186968935866,0.11526750569777866,0.5746571001079347,-0.030291373577390424,-0.00010951385136104795,-0.0005499622008452812,-0.021969194707975943,-2.9841545678761794e-05,-0.0005560767215987047,-0.02242526737965596,-4.3243163323111504e-05,-0.000634866456190745
ALL_VAL6,P,1,0.5,REAL,90,False,256.679161632642,P frames only; missing on I frames,26.59804753918039,0.8141869112945314,0.30964921183056304,0.04330610113910451,-0.021653050108932464,0.09108884775100377,5.989977374130054,0.09377673336826693,0.5,-0.02265449025914908,0.11333243083249094,44.61537236937004,0.11641345805628632,0.5742192427317302,-0.008876990794042111,-8.49837927277719e-05,6.522155470318265e-06,0.0,0.0,0.0,-0.0004864775164586869,-1.4295058820639688e-05,-8.404238356484307e-05
ALL_VAL6,IP,1,0.5,REAL,96,False,256.679161632642,P frames only; missing on I frames,26.442035208752113,0.8103143525380551,0.3059892311381797,0.04330610113910451,-0.021653050108932464,0.09108884775100377,5.989977374130054,0.09377673336826693,0.5,-0.02265449025914908,0.11333243083249094,44.61537236937004,0.11641345805628632,0.5742192427317302,-0.00832217886941448,-7.967230568228616e-05,6.114520753423373e-06,0.0,0.0,0.0,-0.00045607267168001897,-1.3401617644349708e-05,-7.878973459204038e-05
ALL_VAL6,P,1,0.5,WRONG_SOURCE,90,True,,P frames only; missing on I frames,26.59853401669685,0.814201206353352,0.30973325421412784,0.04330610113910451,-0.02165305010893246,0.09108884775100377,5.989977374130053,0.09377673336826693,0.5,-0.022811804045462993,0.1129327516226307,44.461171837324876,0.11601110756101575,0.572784373164177,-0.008390513277583425,-7.068873390713221e-05,9.056453903516134e-05,0.0004864775164586869,1.4295058820639688e-05,8.404238356484307e-05,0.0,0.0,0.0
ALL_VAL6,IP,1,0.5,WRONG_SOURCE,96,True,,P frames only; missing on I frames,26.442491281423788,0.8103277541556994,0.30606802087277174,0.04330610113910451,-0.02165305010893246,0.09108884775100377,5.989977374130053,0.09377673336826693,0.5,-0.022811804045462993,0.1129327516226307,44.461171837324876,0.11601110756101575,0.572784373164177,-0.00786610619773446,-6.627068803793645e-05,8.490425534546375e-05,0.00045607267168001897,1.3401617644349708e-05,7.878973459204038e-05,0.0,0.0,0.0
ALL_VAL6,P,1,0.5,ZERO,90,True,,P frames only; missing on I frames,26.60692452997444,0.8142718950872591,0.3096426896750927,0.0,0.0,0.0,0.0,0.0,0.0,-0.02359674195252592,0.11323166991651838,44.632739383318224,0.11645877324794453,0.5761396649811003,0.0,0.0,0.0,0.008876990794042111,8.49837927277719e-05,-6.522155470318265e-06,0.008390513277583425,7.068873390713221e-05,-9.056453903516134e-05
ALL_VAL6,IP,1,0.5,ZERO,96,True,,P frames only; missing on I frames,26.450357387621523,0.8103940248437373,0.3059831166174263,0.0,0.0,0.0,0.0,0.0,0.0,-0.02359674195252592,0.11323166991651838,44.632739383318224,0.11645877324794453,0.5761396649811003,0.0,0.0,0.0,0.00832217886941448,7.967230568228616e-05,-6.114520753423373e-06,0.00786610619773446,6.627068803793645e-05,-8.490425534546375e-05
ALL_VAL6,P,2,2.0,CONTINUOUS,90,True,,P frames only; missing on I frames,26.57461373149189,0.8141550803124741,0.3090560633275244,,-0.036852783912036266,0.08839040876311931,6.121955441585236,0.0958429301615397,0.32269983258512286,-0.021537768095565013,0.11234230352863278,44.176186968935866,0.11526750569777866,0.5746571001079347,-0.03231079848254979,-0.00011681477478511781,-0.0005866263475683,-0.03231079848254979,-0.00011681477478511781,-0.0005866263475683,-0.03231079848254979,-0.00011681477478511781,-0.0005866263475683
ALL_VAL6,IP,2,2.0,CONTINUOUS,96,True,,P frames only; missing on I frames,26.420066014044135,0.8102845109923762,0.305433154416581,,-0.036852783912036266,0.08839040876311931,6.121955441585236,0.0958429301615397,0.32269983258512286,-0.021537768095565013,0.11234230352863278,44.176186968935866,0.11526750569777866,0.5746571001079347,-0.030291373577390424,-0.00010951385136104795,-0.0005499622008452812,-0.030291373577390424,-0.00010951385136104795,-0.0005499622008452812,-0.030291373577390424,-0.00010951385136104795,-0.0005499622008452812
ALL_VAL6,P,2,2.0,REAL,90,False,65.1484199336794,P frames only; missing on I frames,26.60692452997444,0.8142718950872591,0.3096426896750927,0.0,0.0,0.0,0.0,0.0,0.0,-0.02359674195252592,0.11323166991651838,44.632739383318224,0.11645877324794453,0.5761396649811003,0.0,0.0,0.0,0.0,0.0,0.0,0.0,0.0,0.0
ALL_VAL6,IP,2,2.0,REAL,96,False,65.1484199336794,P frames only; missing on I frames,26.450357387621523,0.8103940248437373,0.3059831166174263,0.0,0.0,0.0,0.0,0.0,0.0,-0.02359674195252592,0.11323166991651838,44.632739383318224,0.11645877324794453,0.5761396649811003,0.0,0.0,0.0,0.0,0.0,0.0,0.0,0.0,0.0
ALL_VAL6,P,2,2.0,WRONG_SOURCE,90,True,,P frames only; missing on I frames,26.60692452997444,0.8142718950872591,0.3096426896750927,0.0,0.0,0.0,0.0,0.0,0.0,-0.02359674195252592,0.11323166991651838,44.632739383318224,0.11645877324794453,0.5761396649811003,0.0,0.0,0.0,0.0,0.0,0.0,0.0,0.0,0.0
ALL_VAL6,IP,2,2.0,WRONG_SOURCE,96,True,,P frames only; missing on I frames,26.450357387621523,0.8103940248437373,0.3059831166174263,0.0,0.0,0.0,0.0,0.0,0.0,-0.02359674195252592,0.11323166991651838,44.632739383318224,0.11645877324794453,0.5761396649811003,0.0,0.0,0.0,0.0,0.0,0.0,0.0,0.0,0.0
ALL_VAL6,P,2,2.0,ZERO,90,True,,P frames only; missing on I frames,26.60692452997444,0.8142718950872591,0.3096426896750927,0.0,0.0,0.0,0.0,0.0,0.0,-0.02359674195252592,0.11323166991651838,44.632739383318224,0.11645877324794453,0.5761396649811003,0.0,0.0,0.0,0.0,0.0,0.0,0.0,0.0,0.0
ALL_VAL6,IP,2,2.0,ZERO,96,True,,P frames only; missing on I frames,26.450357387621523,0.8103940248437373,0.3059831166174263,0.0,0.0,0.0,0.0,0.0,0.0,-0.02359674195252592,0.11323166991651838,44.632739383318224,0.11645877324794453,0.5761396649811003,0.0,0.0,0.0,0.0,0.0,0.0,0.0,0.0,0.0
