dataset,video,video_id,qp,granularity,selection_label,target_rate_ratio,baseline_bytes,target_bytes,selection_type,selected_bytes,selected_rate_ratio,I_frame_bytes,z_bytes,w0_bytes,original_retained_w1_bytes,replacement_correction_bytes,mode_map_bytes,alignment_bytes,headers_bytes,MSE,PSNR,MS_SSIM,LPIPS,DISTS,total_pixel_SSE,total_pixels,aggregate_MSE,sequence_PSNR,mean_frame_PSNR,decode_status,bitstream_path,bitstream_sha256
fresh_ulong,fee5d9ad-e77d-44cd-b576-d588d7a0ce9d,0,1,G8,TARGET_0.99,0.99,57653,57076,TARGET_NOT_REACHED,,,,,,,,,,,,,,,,,,,,,,,
fresh_ulong,fee5d9ad-e77d-44cd-b576-d588d7a0ce9d,0,1,G8,TARGET_0.975,0.975,57653,56211,TARGET_NOT_REACHED,,,,,,,,,,,,,,,,,,,,,,,
fresh_ulong,fee5d9ad-e77d-44cd-b576-d588d7a0ce9d,0,1,G8,TARGET_0.95,0.95,57653,54770,TARGET_NOT_REACHED,,,,,,,,,,,,,,,,,,,,,,,
fresh_ulong,fee5d9ad-e77d-44cd-b576-d588d7a0ce9d,0,1,G8,TARGET_0.9,0.9,57653,51887,TARGET_NOT_REACHED,,,,,,,,,,,,,,,,,,,,,,,
fresh_ulong,fee5d9ad-e77d-44cd-b576-d588d7a0ce9d,0,1,G8,TARGET_0.8,0.8,57653,46122,TARGET_NOT_REACHED,,,,,,,,,,,,,,,,,,,,,,,
fresh_ulong,fee5d9ad-e77d-44cd-b576-d588d7a0ce9d,0,1,G8,BEST_RATE_WITH_NONWORSE_SSE,,57653,57652,TARGET_NOT_REACHED,,,,,,,,,,,,,,,,,,,,,,,
fresh_ulong,fee5d9ad-e77d-44cd-b576-d588d7a0ce9d,0,1,G8,BEST_SSE_UNDER_BASELINE_RATE,,57653,57653,REPLACEMENT,57653,1.0,5095,12228,32276,7793,0,0,0,261,0.0037327407699194737,24.52116441850623,0.9759418275207281,0.15588989714160562,0.09348528552800417,1486120.5760921896,398131200,0.0037327408052727083,24.279721656450665,24.52116441850623,PASS,/Huang_group/zyyz/Projects/GVC-RT/experiments/gvcrt_v14_replacement_oracle/bitstreams/fresh_ulong_00_qp1_G8_BEST_SSE_UNDER_BASELINE_RATE_fresh_ulong_00_qp1_G8_T3202.bin,fc99a3ab6fe7472249a201022d1d522e575a4aa3f13271cfc5cf37505355cca6
fresh_ulong,fee5d9ad-e77d-44cd-b576-d588d7a0ce9d,0,1,G16,TARGET_0.99,0.99,57653,57076,TARGET_NOT_REACHED,,,,,,,,,,,,,,,,,,,,,,,
fresh_ulong,fee5d9ad-e77d-44cd-b576-d588d7a0ce9d,0,1,G16,TARGET_0.975,0.975,57653,56211,TARGET_NOT_REACHED,,,,,,,,,,,,,,,,,,,,,,,
fresh_ulong,fee5d9ad-e77d-44cd-b576-d588d7a0ce9d,0,1,G16,TARGET_0.95,0.95,57653,54770,TARGET_NOT_REACHED,,,,,,,,,,,,,,,,,,,,,,,
fresh_ulong,fee5d9ad-e77d-44cd-b576-d588d7a0ce9d,0,1,G16,TARGET_0.9,0.9,57653,51887,TARGET_NOT_REACHED,,,,,,,,,,,,,,,,,,,,,,,
fresh_ulong,fee5d9ad-e77d-44cd-b576-d588d7a0ce9d,0,1,G16,TARGET_0.8,0.8,57653,46122,TARGET_NOT_REACHED,,,,,,,,,,,,,,,,,,,,,,,
fresh_ulong,fee5d9ad-e77d-44cd-b576-d588d7a0ce9d,0,1,G16,BEST_RATE_WITH_NONWORSE_SSE,,57653,57652,TARGET_NOT_REACHED,,,,,,,,,,,,,,,,,,,,,,,
fresh_ulong,fee5d9ad-e77d-44cd-b576-d588d7a0ce9d,0,1,G16,BEST_SSE_UNDER_BASELINE_RATE,,57653,57653,REPLACEMENT,57653,1.0,5095,12228,32276,7793,0,0,0,261,0.0037327407699194737,24.52116441850623,0.9759418275207281,0.15588989714160562,0.09348528552800417,1486120.5760921896,398131200,0.0037327408052727083,24.279721656450665,24.52116441850623,PASS,/Huang_group/zyyz/Projects/GVC-RT/experiments/gvcrt_v14_replacement_oracle/bitstreams/fresh_ulong_00_qp1_G16_BEST_SSE_UNDER_BASELINE_RATE_fresh_ulong_00_qp1_G16_T3007.bin,fc99a3ab6fe7472249a201022d1d522e575a4aa3f13271cfc5cf37505355cca6
fresh_ulong,fee5d9ad-e77d-44cd-b576-d588d7a0ce9d,0,3,G8,TARGET_0.99,0.99,96549,95583,TARGET_NOT_REACHED,,,,,,,,,,,,,,,,,,,,,,,
fresh_ulong,fee5d9ad-e77d-44cd-b576-d588d7a0ce9d,0,3,G8,TARGET_0.975,0.975,96549,94135,TARGET_NOT_REACHED,,,,,,,,,,,,,,,,,,,,,,,
fresh_ulong,fee5d9ad-e77d-44cd-b576-d588d7a0ce9d,0,3,G8,TARGET_0.95,0.95,96549,91721,TARGET_NOT_REACHED,,,,,,,,,,,,,,,,,,,,,,,
fresh_ulong,fee5d9ad-e77d-44cd-b576-d588d7a0ce9d,0,3,G8,TARGET_0.9,0.9,96549,86894,TARGET_NOT_REACHED,,,,,,,,,,,,,,,,,,,,,,,
fresh_ulong,fee5d9ad-e77d-44cd-b576-d588d7a0ce9d,0,3,G8,TARGET_0.8,0.8,96549,77239,TARGET_NOT_REACHED,,,,,,,,,,,,,,,,,,,,,,,
fresh_ulong,fee5d9ad-e77d-44cd-b576-d588d7a0ce9d,0,3,G8,BEST_RATE_WITH_NONWORSE_SSE,,96549,96548,TARGET_NOT_REACHED,,,,,,,,,,,,,,,,,,,,,,,
fresh_ulong,fee5d9ad-e77d-44cd-b576-d588d7a0ce9d,0,3,G8,BEST_SSE_UNDER_BASELINE_RATE,,96549,96549,REPLACEMENT,96549,1.0,7971,15343,58575,14408,0,0,0,252,0.002720622742344858,25.9471324105213,0.9826976666226983,0.1200498960679397,0.07413897477090359,1083164.8174869283,398131200,0.0027206227934081237,25.653316677378335,25.9471324105213,PASS,/Huang_group/zyyz/Projects/GVC-RT/experiments/gvcrt_v14_replacement_oracle/bitstreams/fresh_ulong_00_qp3_G8_BEST_SSE_UNDER_BASELINE_RATE_fresh_ulong_00_qp3_G8_T3180.bin,fe8dd2743db63b635b729536ecd5c81795c802d91ab11c161be16d2344a08dcb
fresh_ulong,fee5d9ad-e77d-44cd-b576-d588d7a0ce9d,0,3,G16,TARGET_0.99,0.99,96549,95583,TARGET_NOT_REACHED,,,,,,,,,,,,,,,,,,,,,,,
fresh_ulong,fee5d9ad-e77d-44cd-b576-d588d7a0ce9d,0,3,G16,TARGET_0.975,0.975,96549,94135,TARGET_NOT_REACHED,,,,,,,,,,,,,,,,,,,,,,,
fresh_ulong,fee5d9ad-e77d-44cd-b576-d588d7a0ce9d,0,3,G16,TARGET_0.95,0.95,96549,91721,TARGET_NOT_REACHED,,,,,,,,,,,,,,,,,,,,,,,
fresh_ulong,fee5d9ad-e77d-44cd-b576-d588d7a0ce9d,0,3,G16,TARGET_0.9,0.9,96549,86894,TARGET_NOT_REACHED,,,,,,,,,,,,,,,,,,,,,,,
fresh_ulong,fee5d9ad-e77d-44cd-b576-d588d7a0ce9d,0,3,G16,TARGET_0.8,0.8,96549,77239,TARGET_NOT_REACHED,,,,,,,,,,,,,,,,,,,,,,,
fresh_ulong,fee5d9ad-e77d-44cd-b576-d588d7a0ce9d,0,3,G16,BEST_RATE_WITH_NONWORSE_SSE,,96549,96548,REPLACEMENT,96513,0.9996271323369481,7971,15213,58652,14336,0,15,0,326,0.0027178082364116563,25.95285518235799,0.9827072462067008,0.11993509228341281,0.0739981196820736,1082044.2744035395,398131200,0.0027178082863225476,25.65781181572889,25.95285518235799,PASS,/Huang_group/zyyz/Projects/GVC-RT/experiments/gvcrt_v14_replacement_oracle/bitstreams/fresh_ulong_00_qp3_G16_BEST_RATE_WITH_NONWORSE_SSE_fresh_ulong_00_qp3_G16_T3393.bin,673d5a79b624699865f7a7c68463062f0672f98a78acb000b5e06797b7f92e6a
fresh_ulong,fee5d9ad-e77d-44cd-b576-d588d7a0ce9d,0,3,G16,BEST_SSE_UNDER_BASELINE_RATE,,96549,96549,REPLACEMENT,96513,0.9996271323369481,7971,15213,58652,14336,0,15,0,326,0.0027178082364116563,25.95285518235799,0.9827072462067008,0.11993509228341281,0.0739981196820736,1082044.2744035395,398131200,0.0027178082863225476,25.65781181572889,25.95285518235799,PASS,/Huang_group/zyyz/Projects/GVC-RT/experiments/gvcrt_v14_replacement_oracle/bitstreams/fresh_ulong_00_qp3_G16_BEST_RATE_WITH_NONWORSE_SSE_fresh_ulong_00_qp3_G16_T3393.bin,673d5a79b624699865f7a7c68463062f0672f98a78acb000b5e06797b7f92e6a
fresh_ulong,0834e99f-94bc-4568-a7c2-f7022dade8e1,1,1,G8,TARGET_0.99,0.99,52078,51557,TARGET_NOT_REACHED,,,,,,,,,,,,,,,,,,,,,,,
fresh_ulong,0834e99f-94bc-4568-a7c2-f7022dade8e1,1,1,G8,TARGET_0.975,0.975,52078,50776,TARGET_NOT_REACHED,,,,,,,,,,,,,,,,,,,,,,,
fresh_ulong,0834e99f-94bc-4568-a7c2-f7022dade8e1,1,1,G8,TARGET_0.95,0.95,52078,49474,TARGET_NOT_REACHED,,,,,,,,,,,,,,,,,,,,,,,
fresh_ulong,0834e99f-94bc-4568-a7c2-f7022dade8e1,1,1,G8,TARGET_0.9,0.9,52078,46870,TARGET_NOT_REACHED,,,,,,,,,,,,,,,,,,,,,,,
fresh_ulong,0834e99f-94bc-4568-a7c2-f7022dade8e1,1,1,G8,TARGET_0.8,0.8,52078,41662,TARGET_NOT_REACHED,,,,,,,,,,,,,,,,,,,,,,,
fresh_ulong,0834e99f-94bc-4568-a7c2-f7022dade8e1,1,1,G8,BEST_RATE_WITH_NONWORSE_SSE,,52078,52077,REPLACEMENT,52025,0.9989822957870886,5072,12185,27551,6852,7,24,0,334,0.0012185410650999984,29.154677962961134,0.9790748730301857,0.13165507931262255,0.07711378950625658,485139.22545238776,398131200,0.0012185410875922003,29.141598223974153,29.154677962961134,PASS,/Huang_group/zyyz/Projects/GVC-RT/experiments/gvcrt_v14_replacement_oracle/bitstreams/fresh_ulong_01_qp1_G8_BEST_RATE_WITH_NONWORSE_SSE_fresh_ulong_01_qp1_G8_T3204.bin,2dae0d3f632c85680fe5343bf518dfd239ba255250decc69c7364fd5135fad38
fresh_ulong,0834e99f-94bc-4568-a7c2-f7022dade8e1,1,1,G8,BEST_SSE_UNDER_BASELINE_RATE,,52078,52078,REPLACEMENT,52065,0.9997503744383425,5072,12181,27555,6854,7,26,0,370,0.0012185006162326317,29.15482157524888,0.9790754336863756,0.13165393378585577,0.07711428962647915,485123.12152513134,398131200,0.0012185006387972893,29.141742388009106,29.15482157524888,PASS,/Huang_group/zyyz/Projects/GVC-RT/experiments/gvcrt_v14_replacement_oracle/bitstreams/fresh_ulong_01_qp1_G8_BEST_SSE_UNDER_BASELINE_RATE_fresh_ulong_01_qp1_G8_T3201.bin,275575e20310c22fd467720030a3cfd5d8dc02bd5c5a80585080fd7003621b61
fresh_ulong,0834e99f-94bc-4568-a7c2-f7022dade8e1,1,1,G16,TARGET_0.99,0.99,52078,51557,TARGET_NOT_REACHED,,,,,,,,,,,,,,,,,,,,,,,
fresh_ulong,0834e99f-94bc-4568-a7c2-f7022dade8e1,1,1,G16,TARGET_0.975,0.975,52078,50776,TARGET_NOT_REACHED,,,,,,,,,,,,,,,,,,,,,,,
fresh_ulong,0834e99f-94bc-4568-a7c2-f7022dade8e1,1,1,G16,TARGET_0.95,0.95,52078,49474,TARGET_NOT_REACHED,,,,,,,,,,,,,,,,,,,,,,,
fresh_ulong,0834e99f-94bc-4568-a7c2-f7022dade8e1,1,1,G16,TARGET_0.9,0.9,52078,46870,TARGET_NOT_REACHED,,,,,,,,,,,,,,,,,,,,,,,
fresh_ulong,0834e99f-94bc-4568-a7c2-f7022dade8e1,1,1,G16,TARGET_0.8,0.8,52078,41662,TARGET_NOT_REACHED,,,,,,,,,,,,,,,,,,,,,,,
fresh_ulong,0834e99f-94bc-4568-a7c2-f7022dade8e1,1,1,G16,BEST_RATE_WITH_NONWORSE_SSE,,52078,52077,REPLACEMENT,52008,0.9986558623603057,5072,12183,27479,6963,5,8,0,298,0.001221351076310384,29.14452895072074,0.9790221974253654,0.13201074663084,0.07712197955697775,486257.980691652,398131200,0.0012213511040874265,29.131594706591976,29.14452895072074,PASS,/Huang_group/zyyz/Projects/GVC-RT/experiments/gvcrt_v14_replacement_oracle/bitstreams/fresh_ulong_01_qp1_G16_BEST_RATE_WITH_NONWORSE_SSE_fresh_ulong_01_qp1_G16_T3068.bin,5dd844edb982eaae858c0b357eb1c1f20bc3a70d91dd662de4f6378e8a110976
fresh_ulong,0834e99f-94bc-4568-a7c2-f7022dade8e1,1,1,G16,BEST_SSE_UNDER_BASELINE_RATE,,52078,52078,REPLACEMENT,52064,0.9997311724720611,5072,12179,27496,6959,9,15,0,334,0.001221277905642637,29.144780105467145,0.9790235981345177,0.13200304529163986,0.07717668544501066,486228.8497494579,398131200,0.0012212779348854295,29.131854893302076,29.144780105467145,PASS,/Huang_group/zyyz/Projects/GVC-RT/experiments/gvcrt_v14_replacement_oracle/bitstreams/fresh_ulong_01_qp1_G16_BEST_SSE_UNDER_BASELINE_RATE_fresh_ulong_01_qp1_G16_T3083.bin,341fb6cc62e32f555e5ae0e88997101f88586f24bfdf8e6a21688f8ef41c0c8c
fresh_ulong,0834e99f-94bc-4568-a7c2-f7022dade8e1,1,3,G8,TARGET_0.99,0.99,78986,78196,TARGET_NOT_REACHED,,,,,,,,,,,,,,,,,,,,,,,
fresh_ulong,0834e99f-94bc-4568-a7c2-f7022dade8e1,1,3,G8,TARGET_0.975,0.975,78986,77011,TARGET_NOT_REACHED,,,,,,,,,,,,,,,,,,,,,,,
fresh_ulong,0834e99f-94bc-4568-a7c2-f7022dade8e1,1,3,G8,TARGET_0.95,0.95,78986,75036,TARGET_NOT_REACHED,,,,,,,,,,,,,,,,,,,,,,,
fresh_ulong,0834e99f-94bc-4568-a7c2-f7022dade8e1,1,3,G8,TARGET_0.9,0.9,78986,71087,TARGET_NOT_REACHED,,,,,,,,,,,,,,,,,,,,,,,
fresh_ulong,0834e99f-94bc-4568-a7c2-f7022dade8e1,1,3,G8,TARGET_0.8,0.8,78986,63188,TARGET_NOT_REACHED,,,,,,,,,,,,,,,,,,,,,,,
fresh_ulong,0834e99f-94bc-4568-a7c2-f7022dade8e1,1,3,G8,BEST_RATE_WITH_NONWORSE_SSE,,78986,78985,TARGET_NOT_REACHED,,,,,,,,,,,,,,,,,,,,,,,
fresh_ulong,0834e99f-94bc-4568-a7c2-f7022dade8e1,1,3,G8,BEST_SSE_UNDER_BASELINE_RATE,,78986,78986,REPLACEMENT,78986,1.0,7833,15451,43767,11673,0,0,0,262,0.0009682657300800201,30.15030891001539,0.9835106832906604,0.10498300509061664,0.06271296553313732,385496.80309601,398131200,0.0009682657453020763,30.140054320726218,30.15030891001539,PASS,/Huang_group/zyyz/Projects/GVC-RT/experiments/gvcrt_v14_replacement_oracle/bitstreams/fresh_ulong_01_qp3_G8_BEST_SSE_UNDER_BASELINE_RATE_fresh_ulong_01_qp3_G8_T3519.bin,699f95510983015cc3b7bbb1ea4601d1a9a953dcd901daad6ad324131fa05c0d
fresh_ulong,0834e99f-94bc-4568-a7c2-f7022dade8e1,1,3,G16,TARGET_0.99,0.99,78986,78196,TARGET_NOT_REACHED,,,,,,,,,,,,,,,,,,,,,,,
fresh_ulong,0834e99f-94bc-4568-a7c2-f7022dade8e1,1,3,G16,TARGET_0.975,0.975,78986,77011,TARGET_NOT_REACHED,,,,,,,,,,,,,,,,,,,,,,,
fresh_ulong,0834e99f-94bc-4568-a7c2-f7022dade8e1,1,3,G16,TARGET_0.95,0.95,78986,75036,TARGET_NOT_REACHED,,,,,,,,,,,,,,,,,,,,,,,
fresh_ulong,0834e99f-94bc-4568-a7c2-f7022dade8e1,1,3,G16,TARGET_0.9,0.9,78986,71087,TARGET_NOT_REACHED,,,,,,,,,,,,,,,,,,,,,,,
fresh_ulong,0834e99f-94bc-4568-a7c2-f7022dade8e1,1,3,G16,TARGET_0.8,0.8,78986,63188,TARGET_NOT_REACHED,,,,,,,,,,,,,,,,,,,,,,,
fresh_ulong,0834e99f-94bc-4568-a7c2-f7022dade8e1,1,3,G16,BEST_RATE_WITH_NONWORSE_SSE,,78986,78985,REPLACEMENT,78772,0.997290659104145,7833,15443,43941,10669,47,109,0,730,0.0009644218735047616,30.16687898922759,0.9835774311795831,0.10476022004149854,0.06292755901813507,383966.43996142247,398131200,0.0009644218789218792,30.15732945756984,30.16687898922759,PASS,/Huang_group/zyyz/Projects/GVC-RT/experiments/gvcrt_v14_replacement_oracle/bitstreams/fresh_ulong_01_qp3_G16_BEST_RATE_WITH_NONWORSE_SSE_fresh_ulong_01_qp3_G16_T3591.bin,883321452dbd89c84e71c47f4b33a45a9c263ba3aff7b8d7583af568118b6855
fresh_ulong,0834e99f-94bc-4568-a7c2-f7022dade8e1,1,3,G16,BEST_SSE_UNDER_BASELINE_RATE,,78986,78986,REPLACEMENT,78969,0.9997847719849087,7833,15363,43895,11131,45,80,0,622,0.0009629351961848442,30.173697185811278,0.9836056996136904,0.10468014667276293,0.062076037749648094,383374.54961173725,398131200,0.0009629352073179325,30.164029341121857,30.173697185811278,PASS,/Huang_group/zyyz/Projects/GVC-RT/experiments/gvcrt_v14_replacement_oracle/bitstreams/fresh_ulong_01_qp3_G16_BEST_SSE_UNDER_BASELINE_RATE_fresh_ulong_01_qp3_G16_T3564.bin,69bb23f04539b3646f781a536791e7609798d7cce0581217e6a8d0162ad69590
fresh_ulong,98881c99-ebda-4469-bbe4-0ee789ff217d,10,1,G8,TARGET_0.99,0.99,35312,34958,TARGET_NOT_REACHED,,,,,,,,,,,,,,,,,,,,,,,
fresh_ulong,98881c99-ebda-4469-bbe4-0ee789ff217d,10,1,G8,TARGET_0.975,0.975,35312,34429,TARGET_NOT_REACHED,,,,,,,,,,,,,,,,,,,,,,,
fresh_ulong,98881c99-ebda-4469-bbe4-0ee789ff217d,10,1,G8,TARGET_0.95,0.95,35312,33546,TARGET_NOT_REACHED,,,,,,,,,,,,,,,,,,,,,,,
fresh_ulong,98881c99-ebda-4469-bbe4-0ee789ff217d,10,1,G8,TARGET_0.9,0.9,35312,31780,TARGET_NOT_REACHED,,,,,,,,,,,,,,,,,,,,,,,
fresh_ulong,98881c99-ebda-4469-bbe4-0ee789ff217d,10,1,G8,TARGET_0.8,0.8,35312,28249,TARGET_NOT_REACHED,,,,,,,,,,,,,,,,,,,,,,,
fresh_ulong,98881c99-ebda-4469-bbe4-0ee789ff217d,10,1,G8,BEST_RATE_WITH_NONWORSE_SSE,,35312,35311,TARGET_NOT_REACHED,,,,,,,,,,,,,,,,,,,,,,,
fresh_ulong,98881c99-ebda-4469-bbe4-0ee789ff217d,10,1,G8,BEST_SSE_UNDER_BASELINE_RATE,,35312,35312,REPLACEMENT,35312,1.0,3259,10668,18400,2732,0,0,0,253,0.0014269640669226646,28.47158724994585,0.981841198168695,0.07612672576215118,0.07411882560700178,568118.9261892335,398131200,0.001426964091709551,28.45586955384729,28.47158724994585,PASS,/Huang_group/zyyz/Projects/GVC-RT/experiments/gvcrt_v14_replacement_oracle/bitstreams/fresh_ulong_10_qp1_G8_BEST_SSE_UNDER_BASELINE_RATE_fresh_ulong_10_qp1_G8_T3460.bin,6b3c2df67aabc382b1e31c2361aeb9766abd69f77fdef30a288bca23ef127aa1
fresh_ulong,98881c99-ebda-4469-bbe4-0ee789ff217d,10,1,G16,TARGET_0.99,0.99,35312,34958,TARGET_NOT_REACHED,,,,,,,,,,,,,,,,,,,,,,,
fresh_ulong,98881c99-ebda-4469-bbe4-0ee789ff217d,10,1,G16,TARGET_0.975,0.975,35312,34429,TARGET_NOT_REACHED,,,,,,,,,,,,,,,,,,,,,,,
fresh_ulong,98881c99-ebda-4469-bbe4-0ee789ff217d,10,1,G16,TARGET_0.95,0.95,35312,33546,TARGET_NOT_REACHED,,,,,,,,,,,,,,,,,,,,,,,
fresh_ulong,98881c99-ebda-4469-bbe4-0ee789ff217d,10,1,G16,TARGET_0.9,0.9,35312,31780,TARGET_NOT_REACHED,,,,,,,,,,,,,,,,,,,,,,,
fresh_ulong,98881c99-ebda-4469-bbe4-0ee789ff217d,10,1,G16,TARGET_0.8,0.8,35312,28249,TARGET_NOT_REACHED,,,,,,,,,,,,,,,,,,,,,,,
fresh_ulong,98881c99-ebda-4469-bbe4-0ee789ff217d,10,1,G16,BEST_RATE_WITH_NONWORSE_SSE,,35312,35311,TARGET_NOT_REACHED,,,,,,,,,,,,,,,,,,,,,,,
fresh_ulong,98881c99-ebda-4469-bbe4-0ee789ff217d,10,1,G16,BEST_SSE_UNDER_BASELINE_RATE,,35312,35312,REPLACEMENT,35312,1.0,3259,10668,18400,2732,0,0,0,253,0.0014269640669226646,28.47158724994585,0.981841198168695,0.07612672576215118,0.07411882560700178,568118.9261892335,398131200,0.001426964091709551,28.45586955384729,28.47158724994585,PASS,/Huang_group/zyyz/Projects/GVC-RT/experiments/gvcrt_v14_replacement_oracle/bitstreams/fresh_ulong_10_qp1_G16_BEST_SSE_UNDER_BASELINE_RATE_fresh_ulong_10_qp1_G16_T3222.bin,6b3c2df67aabc382b1e31c2361aeb9766abd69f77fdef30a288bca23ef127aa1
fresh_ulong,98881c99-ebda-4469-bbe4-0ee789ff217d,10,3,G8,TARGET_0.99,0.99,60467,59862,TARGET_NOT_REACHED,,,,,,,,,,,,,,,,,,,,,,,
fresh_ulong,98881c99-ebda-4469-bbe4-0ee789ff217d,10,3,G8,TARGET_0.975,0.975,60467,58955,TARGET_NOT_REACHED,,,,,,,,,,,,,,,,,,,,,,,
fresh_ulong,98881c99-ebda-4469-bbe4-0ee789ff217d,10,3,G8,TARGET_0.95,0.95,60467,57443,TARGET_NOT_REACHED,,,,,,,,,,,,,,,,,,,,,,,
fresh_ulong,98881c99-ebda-4469-bbe4-0ee789ff217d,10,3,G8,TARGET_0.9,0.9,60467,54420,TARGET_NOT_REACHED,,,,,,,,,,,,,,,,,,,,,,,
fresh_ulong,98881c99-ebda-4469-bbe4-0ee789ff217d,10,3,G8,TARGET_0.8,0.8,60467,48373,TARGET_NOT_REACHED,,,,,,,,,,,,,,,,,,,,,,,
fresh_ulong,98881c99-ebda-4469-bbe4-0ee789ff217d,10,3,G8,BEST_RATE_WITH_NONWORSE_SSE,,60467,60466,TARGET_NOT_REACHED,,,,,,,,,,,,,,,,,,,,,,,
fresh_ulong,98881c99-ebda-4469-bbe4-0ee789ff217d,10,3,G8,BEST_SSE_UNDER_BASELINE_RATE,,60467,60467,REPLACEMENT,60467,1.0,4887,13663,36418,5237,0,0,0,262,0.001229947546562471,29.1175276946312,0.9851789195090532,0.06236264604376629,0.061576093547046185,489680.4979451034,398131200,0.0012299475598624358,29.10113404778386,29.1175276946312,PASS,/Huang_group/zyyz/Projects/GVC-RT/experiments/gvcrt_v14_replacement_oracle/bitstreams/fresh_ulong_10_qp3_G8_BEST_SSE_UNDER_BASELINE_RATE_fresh_ulong_10_qp3_G8_T3822.bin,82b908f356f29f8f863419425c34dd515975b41a82dd596afdd27679a2f7e911
fresh_ulong,98881c99-ebda-4469-bbe4-0ee789ff217d,10,3,G16,TARGET_0.99,0.99,60467,59862,TARGET_NOT_REACHED,,,,,,,,,,,,,,,,,,,,,,,
fresh_ulong,98881c99-ebda-4469-bbe4-0ee789ff217d,10,3,G16,TARGET_0.975,0.975,60467,58955,TARGET_NOT_REACHED,,,,,,,,,,,,,,,,,,,,,,,
fresh_ulong,98881c99-ebda-4469-bbe4-0ee789ff217d,10,3,G16,TARGET_0.95,0.95,60467,57443,TARGET_NOT_REACHED,,,,,,,,,,,,,,,,,,,,,,,
fresh_ulong,98881c99-ebda-4469-bbe4-0ee789ff217d,10,3,G16,TARGET_0.9,0.9,60467,54420,TARGET_NOT_REACHED,,,,,,,,,,,,,,,,,,,,,,,
fresh_ulong,98881c99-ebda-4469-bbe4-0ee789ff217d,10,3,G16,TARGET_0.8,0.8,60467,48373,TARGET_NOT_REACHED,,,,,,,,,,,,,,,,,,,,,,,
fresh_ulong,98881c99-ebda-4469-bbe4-0ee789ff217d,10,3,G16,BEST_RATE_WITH_NONWORSE_SSE,,60467,60466,REPLACEMENT,60180,0.9952536094067839,4887,13640,36151,5056,8,32,0,406,0.0012245789521330153,29.136634359877277,0.9852536832913756,0.06228812545305118,0.06110052764415741,487543.0935658362,398131200,0.001224578966847703,29.1201320420163,29.136634359877277,PASS,/Huang_group/zyyz/Projects/GVC-RT/experiments/gvcrt_v14_replacement_oracle/bitstreams/fresh_ulong_10_qp3_G16_BEST_RATE_WITH_NONWORSE_SSE_fresh_ulong_10_qp3_G16_T3546.bin,676afbc08c72e7455f657047674b01a830a2de7716cfda95253e9b245db6d12d
fresh_ulong,98881c99-ebda-4469-bbe4-0ee789ff217d,10,3,G16,BEST_SSE_UNDER_BASELINE_RATE,,60467,60467,REPLACEMENT,60449,0.9997023169662791,4887,13618,36337,4949,15,57,0,586,0.0012199409566164832,29.153812477010028,0.9852777291089296,0.062302868405822664,0.061558003537356853,485696.5618118587,398131200,0.0012199409687355793,29.136611837290683,29.153812477010028,PASS,/Huang_group/zyyz/Projects/GVC-RT/experiments/gvcrt_v14_replacement_oracle/bitstreams/fresh_ulong_10_qp3_G16_BEST_SSE_UNDER_BASELINE_RATE_fresh_ulong_10_qp3_G16_T3519.bin,3a1c22e39bb884f090e93bfb983bedd842525ed27638e35014b11d1368016a2b
uvg,Beauty,0,1,G8,TARGET_0.99,0.99,22057,21836,TARGET_NOT_REACHED,,,,,,,,,,,,,,,,,,,,,,,
uvg,Beauty,0,1,G8,TARGET_0.975,0.975,22057,21505,TARGET_NOT_REACHED,,,,,,,,,,,,,,,,,,,,,,,
uvg,Beauty,0,1,G8,TARGET_0.95,0.95,22057,20954,TARGET_NOT_REACHED,,,,,,,,,,,,,,,,,,,,,,,
uvg,Beauty,0,1,G8,TARGET_0.9,0.9,22057,19851,TARGET_NOT_REACHED,,,,,,,,,,,,,,,,,,,,,,,
uvg,Beauty,0,1,G8,TARGET_0.8,0.8,22057,17645,TARGET_NOT_REACHED,,,,,,,,,,,,,,,,,,,,,,,
uvg,Beauty,0,1,G8,BEST_RATE_WITH_NONWORSE_SSE,,22057,22056,TARGET_NOT_REACHED,,,,,,,,,,,,,,,,,,,,,,,
uvg,Beauty,0,1,G8,BEST_SSE_UNDER_BASELINE_RATE,,22057,22057,REPLACEMENT,22057,1.0,3019,7485,9928,1389,0,0,0,236,0.0016920566813496407,27.739446239050412,0.9767590817064047,0.1534828911535442,0.14173196256160736,673660.5694877658,398131200,0.0016920567126810604,27.715850848007353,27.739446239050412,PASS,/Huang_group/zyyz/Projects/GVC-RT/experiments/gvcrt_v14_replacement_oracle/bitstreams/uvg_00_qp1_G8_BEST_SSE_UNDER_BASELINE_RATE_uvg_00_qp1_G8_T3425.bin,13fdd9c6a840f891261e981d633e82ee5be3bda83988b3baa2f497cbe4e36e7d
uvg,Beauty,0,1,G16,TARGET_0.99,0.99,22057,21836,TARGET_NOT_REACHED,,,,,,,,,,,,,,,,,,,,,,,
uvg,Beauty,0,1,G16,TARGET_0.975,0.975,22057,21505,TARGET_NOT_REACHED,,,,,,,,,,,,,,,,,,,,,,,
uvg,Beauty,0,1,G16,TARGET_0.95,0.95,22057,20954,TARGET_NOT_REACHED,,,,,,,,,,,,,,,,,,,,,,,
uvg,Beauty,0,1,G16,TARGET_0.9,0.9,22057,19851,TARGET_NOT_REACHED,,,,,,,,,,,,,,,,,,,,,,,
uvg,Beauty,0,1,G16,TARGET_0.8,0.8,22057,17645,TARGET_NOT_REACHED,,,,,,,,,,,,,,,,,,,,,,,
uvg,Beauty,0,1,G16,BEST_RATE_WITH_NONWORSE_SSE,,22057,22056,TARGET_NOT_REACHED,,,,,,,,,,,,,,,,,,,,,,,
uvg,Beauty,0,1,G16,BEST_SSE_UNDER_BASELINE_RATE,,22057,22057,REPLACEMENT,22057,1.0,3019,7485,9928,1389,0,0,0,236,0.0016920566813496407,27.739446239050412,0.9767590817064047,0.1534828911535442,0.14173196256160736,673660.5694877658,398131200,0.0016920567126810604,27.715850848007353,27.739446239050412,PASS,/Huang_group/zyyz/Projects/GVC-RT/experiments/gvcrt_v14_replacement_oracle/bitstreams/uvg_00_qp1_G16_BEST_SSE_UNDER_BASELINE_RATE_uvg_00_qp1_G16_T3468.bin,13fdd9c6a840f891261e981d633e82ee5be3bda83988b3baa2f497cbe4e36e7d
uvg,Beauty,0,3,G8,TARGET_0.99,0.99,41349,40935,TARGET_NOT_REACHED,,,,,,,,,,,,,,,,,,,,,,,
uvg,Beauty,0,3,G8,TARGET_0.975,0.975,41349,40315,TARGET_NOT_REACHED,,,,,,,,,,,,,,,,,,,,,,,
uvg,Beauty,0,3,G8,TARGET_0.95,0.95,41349,39281,TARGET_NOT_REACHED,,,,,,,,,,,,,,,,,,,,,,,
uvg,Beauty,0,3,G8,TARGET_0.9,0.9,41349,37214,TARGET_NOT_REACHED,,,,,,,,,,,,,,,,,,,,,,,
uvg,Beauty,0,3,G8,TARGET_0.8,0.8,41349,33079,TARGET_NOT_REACHED,,,,,,,,,,,,,,,,,,,,,,,
uvg,Beauty,0,3,G8,BEST_RATE_WITH_NONWORSE_SSE,,41349,41348,REPLACEMENT,41259,0.9978234056446347,4622,10122,22439,3396,19,113,0,548,0.0015521246969001368,28.099585280241687,0.9788585985079408,0.12967515888158232,0.1319764731451869,617949.283111175,398131200,0.0015521247345376978,28.09073380149574,28.099585280241687,PASS,/Huang_group/zyyz/Projects/GVC-RT/experiments/gvcrt_v14_replacement_oracle/bitstreams/uvg_00_qp3_G8_BEST_RATE_WITH_NONWORSE_SSE_uvg_00_qp3_G8_T3861.bin,5cf55a21549d663889f6fcc33e836f3e2f4b0775f159e2182662983a5e6093da
uvg,Beauty,0,3,G8,BEST_SSE_UNDER_BASELINE_RATE,,41349,41349,REPLACEMENT,41298,0.9987665965319596,4622,10116,22445,3391,19,121,0,584,0.0015518001546297455,28.100512815166518,0.9788623759523034,0.1296742440899834,0.13198973797261715,617820.0743654463,398131200,0.001551800196431343,28.091641974936824,28.100512815166518,PASS,/Huang_group/zyyz/Projects/GVC-RT/experiments/gvcrt_v14_replacement_oracle/bitstreams/uvg_00_qp3_G8_BEST_SSE_UNDER_BASELINE_RATE_uvg_00_qp3_G8_T3841.bin,23ac5e4ccef36d90cca6736c9ec29c143b471d959c704ebc7de7fbf6ceb09249
uvg,Beauty,0,3,G16,TARGET_0.99,0.99,41349,40935,TARGET_NOT_REACHED,,,,,,,,,,,,,,,,,,,,,,,
uvg,Beauty,0,3,G16,TARGET_0.975,0.975,41349,40315,TARGET_NOT_REACHED,,,,,,,,,,,,,,,,,,,,,,,
uvg,Beauty,0,3,G16,TARGET_0.95,0.95,41349,39281,TARGET_NOT_REACHED,,,,,,,,,,,,,,,,,,,,,,,
uvg,Beauty,0,3,G16,TARGET_0.9,0.9,41349,37214,TARGET_NOT_REACHED,,,,,,,,,,,,,,,,,,,,,,,
uvg,Beauty,0,3,G16,TARGET_0.8,0.8,41349,33079,TARGET_NOT_REACHED,,,,,,,,,,,,,,,,,,,,,,,
uvg,Beauty,0,3,G16,BEST_RATE_WITH_NONWORSE_SSE,,41349,41348,REPLACEMENT,41215,0.9967592928486784,4622,10210,22431,3237,30,66,0,619,0.001553819767650566,28.094887873994672,0.9788646595552564,0.13013747555669397,0.1319909831508994,618624.1427837383,398131200,0.0015538198030793325,28.08599347868411,28.094887873994672,PASS,/Huang_group/zyyz/Projects/GVC-RT/experiments/gvcrt_v14_replacement_oracle/bitstreams/uvg_00_qp3_G16_BEST_RATE_WITH_NONWORSE_SSE_uvg_00_qp3_G16_T3839.bin,316262f8bed8823b61aa4de684e150a60d1c2ecbd60a8c4a9766309562c74e94
uvg,Beauty,0,3,G16,BEST_SSE_UNDER_BASELINE_RATE,,41349,41349,REPLACEMENT,41287,0.9985005683329705,4622,10223,22441,3200,30,79,0,692,0.0015527545201621251,28.09801809183495,0.9788751760497689,0.13017492892686278,0.13202115520834923,618200.0349524436,398131200,0.0015527545566698705,28.08897187612164,28.09801809183495,PASS,/Huang_group/zyyz/Projects/GVC-RT/experiments/gvcrt_v14_replacement_oracle/bitstreams/uvg_00_qp3_G16_BEST_SSE_UNDER_BASELINE_RATE_uvg_00_qp3_G16_T3803.bin,cb92617bee29096fef0d95d7d2e43f19cba66b80008c62661cc2e01adcbf9804
uvg,Bosphorus,1,1,G8,TARGET_0.99,0.99,30994,30684,TARGET_NOT_REACHED,,,,,,,,,,,,,,,,,,,,,,,
uvg,Bosphorus,1,1,G8,TARGET_0.975,0.975,30994,30219,TARGET_NOT_REACHED,,,,,,,,,,,,,,,,,,,,,,,
uvg,Bosphorus,1,1,G8,TARGET_0.95,0.95,30994,29444,TARGET_NOT_REACHED,,,,,,,,,,,,,,,,,,,,,,,
uvg,Bosphorus,1,1,G8,TARGET_0.9,0.9,30994,27894,TARGET_NOT_REACHED,,,,,,,,,,,,,,,,,,,,,,,
uvg,Bosphorus,1,1,G8,TARGET_0.8,0.8,30994,24795,TARGET_NOT_REACHED,,,,,,,,,,,,,,,,,,,,,,,
uvg,Bosphorus,1,1,G8,BEST_RATE_WITH_NONWORSE_SSE,,30994,30993,TARGET_NOT_REACHED,,,,,,,,,,,,,,,,,,,,,,,
uvg,Bosphorus,1,1,G8,BEST_SSE_UNDER_BASELINE_RATE,,30994,30994,REPLACEMENT,30994,1.0,3910,6044,18766,2041,0,0,0,233,0.0008182345518434886,30.87728239422079,0.9534675534814596,0.15879749436862767,0.13753508869558573,325764.7112111166,398131200,0.0008182345699385443,30.87122175758705,30.87728239422079,PASS,/Huang_group/zyyz/Projects/GVC-RT/experiments/gvcrt_v14_replacement_oracle/bitstreams/uvg_01_qp1_G8_BEST_SSE_UNDER_BASELINE_RATE_uvg_01_qp1_G8_T2686.bin,df7bdf4f3e256c1610669f26f5a8706e357db62314d10a9b707c43c09636c8e4
uvg,Bosphorus,1,1,G16,TARGET_0.99,0.99,30994,30684,TARGET_NOT_REACHED,,,,,,,,,,,,,,,,,,,,,,,
uvg,Bosphorus,1,1,G16,TARGET_0.975,0.975,30994,30219,TARGET_NOT_REACHED,,,,,,,,,,,,,,,,,,,,,,,
uvg,Bosphorus,1,1,G16,TARGET_0.95,0.95,30994,29444,TARGET_NOT_REACHED,,,,,,,,,,,,,,,,,,,,,,,
uvg,Bosphorus,1,1,G16,TARGET_0.9,0.9,30994,27894,TARGET_NOT_REACHED,,,,,,,,,,,,,,,,,,,,,,,
uvg,Bosphorus,1,1,G16,TARGET_0.8,0.8,30994,24795,TARGET_NOT_REACHED,,,,,,,,,,,,,,,,,,,,,,,
uvg,Bosphorus,1,1,G16,BEST_RATE_WITH_NONWORSE_SSE,,30994,30993,TARGET_NOT_REACHED,,,,,,,,,,,,,,,,,,,,,,,
uvg,Bosphorus,1,1,G16,BEST_SSE_UNDER_BASELINE_RATE,,30994,30994,REPLACEMENT,30994,1.0,3910,6044,18766,2041,0,0,0,233,0.0008182345518434886,30.87728239422079,0.9534675534814596,0.15879749436862767,0.13753508869558573,325764.7112111166,398131200,0.0008182345699385443,30.87122175758705,30.87728239422079,PASS,/Huang_group/zyyz/Projects/GVC-RT/experiments/gvcrt_v14_replacement_oracle/bitstreams/uvg_01_qp1_G16_BEST_SSE_UNDER_BASELINE_RATE_uvg_01_qp1_G16_T2771.bin,df7bdf4f3e256c1610669f26f5a8706e357db62314d10a9b707c43c09636c8e4
uvg,Bosphorus,1,3,G8,TARGET_0.99,0.99,51949,51429,TARGET_NOT_REACHED,,,,,,,,,,,,,,,,,,,,,,,
uvg,Bosphorus,1,3,G8,TARGET_0.975,0.975,51949,50650,TARGET_NOT_REACHED,,,,,,,,,,,,,,,,,,,,,,,
uvg,Bosphorus,1,3,G8,TARGET_0.95,0.95,51949,49351,TARGET_NOT_REACHED,,,,,,,,,,,,,,,,,,,,,,,
uvg,Bosphorus,1,3,G8,TARGET_0.9,0.9,51949,46754,TARGET_NOT_REACHED,,,,,,,,,,,,,,,,,,,,,,,
uvg,Bosphorus,1,3,G8,TARGET_0.8,0.8,51949,41559,TARGET_NOT_REACHED,,,,,,,,,,,,,,,,,,,,,,,
uvg,Bosphorus,1,3,G8,BEST_RATE_WITH_NONWORSE_SSE,,51949,51948,TARGET_NOT_REACHED,,,,,,,,,,,,,,,,,,,,,,,
uvg,Bosphorus,1,3,G8,BEST_SSE_UNDER_BASELINE_RATE,,51949,51949,REPLACEMENT,51949,1.0,6159,7477,33654,4425,0,0,0,234,0.0007133777671697317,31.472206806681417,0.9598000217229128,0.12848799442872405,0.1171071631833911,284017.953570168,398131200,0.000713377784936644,31.466804190089483,31.472206806681417,PASS,/Huang_group/zyyz/Projects/GVC-RT/experiments/gvcrt_v14_replacement_oracle/bitstreams/uvg_01_qp3_G8_BEST_SSE_UNDER_BASELINE_RATE_uvg_01_qp3_G8_T2705.bin,abf456d08544418d14ff29dd33ac972307f54eba31d515eaeefafb47097b271d
uvg,Bosphorus,1,3,G16,TARGET_0.99,0.99,51949,51429,TARGET_NOT_REACHED,,,,,,,,,,,,,,,,,,,,,,,
uvg,Bosphorus,1,3,G16,TARGET_0.975,0.975,51949,50650,TARGET_NOT_REACHED,,,,,,,,,,,,,,,,,,,,,,,
uvg,Bosphorus,1,3,G16,TARGET_0.95,0.95,51949,49351,TARGET_NOT_REACHED,,,,,,,,,,,,,,,,,,,,,,,
uvg,Bosphorus,1,3,G16,TARGET_0.9,0.9,51949,46754,TARGET_NOT_REACHED,,,,,,,,,,,,,,,,,,,,,,,
uvg,Bosphorus,1,3,G16,TARGET_0.8,0.8,51949,41559,TARGET_NOT_REACHED,,,,,,,,,,,,,,,,,,,,,,,
uvg,Bosphorus,1,3,G16,BEST_RATE_WITH_NONWORSE_SSE,,51949,51948,REPLACEMENT,51889,0.9988450210783654,6159,7505,33699,4058,21,33,0,414,0.0007133736407922697,31.47234215292178,0.9597766492515802,0.12848247110377997,0.11760899238288403,284016.31108944805,398131200,0.0007133736594606201,31.466829305486836,31.47234215292178,PASS,/Huang_group/zyyz/Projects/GVC-RT/experiments/gvcrt_v14_replacement_oracle/bitstreams/uvg_01_qp3_G16_BEST_RATE_WITH_NONWORSE_SSE_uvg_01_qp3_G16_T2707.bin,32be5f2480cab01ba3c7c628d939bbe74649ce57beaa27afee15c1a8e74da82c
uvg,Bosphorus,1,3,G16,BEST_SSE_UNDER_BASELINE_RATE,,51949,51949,REPLACEMENT,51889,0.9988450210783654,6159,7505,33699,4058,21,33,0,414,0.0007133736407922697,31.47234215292178,0.9597766492515802,0.12848247110377997,0.11760899238288403,284016.31108944805,398131200,0.0007133736594606201,31.466829305486836,31.47234215292178,PASS,/Huang_group/zyyz/Projects/GVC-RT/experiments/gvcrt_v14_replacement_oracle/bitstreams/uvg_01_qp3_G16_BEST_RATE_WITH_NONWORSE_SSE_uvg_01_qp3_G16_T2707.bin,32be5f2480cab01ba3c7c628d939bbe74649ce57beaa27afee15c1a8e74da82c
uvg,HoneyBee,2,1,G8,TARGET_0.99,0.99,28168,27886,TARGET_NOT_REACHED,,,,,,,,,,,,,,,,,,,,,,,
uvg,HoneyBee,2,1,G8,TARGET_0.975,0.975,28168,27463,TARGET_NOT_REACHED,,,,,,,,,,,,,,,,,,,,,,,
uvg,HoneyBee,2,1,G8,TARGET_0.95,0.95,28168,26759,TARGET_NOT_REACHED,,,,,,,,,,,,,,,,,,,,,,,
uvg,HoneyBee,2,1,G8,TARGET_0.9,0.9,28168,25351,TARGET_NOT_REACHED,,,,,,,,,,,,,,,,,,,,,,,
uvg,HoneyBee,2,1,G8,TARGET_0.8,0.8,28168,22534,TARGET_NOT_REACHED,,,,,,,,,,,,,,,,,,,,,,,
uvg,HoneyBee,2,1,G8,BEST_RATE_WITH_NONWORSE_SSE,,28168,28167,TARGET_NOT_REACHED,,,,,,,,,,,,,,,,,,,,,,,
uvg,HoneyBee,2,1,G8,BEST_SSE_UNDER_BASELINE_RATE,,28168,28168,BASELINE,28168,1.0,5028,4557,14892,3464,0,0,0,227,0.001058113399267313,29.7708103550545,0.9727460807189345,0.15386110451072454,0.12848099041730165,421267.9693928886,398131200,0.0010581134294244928,29.754677735743442,29.7708103550545,PASS,/Huang_group/zyyz/Projects/GVC-RT/experiments/gvcrt_v14_replacement_oracle/bitstreams/uvg_02_qp1_G8_BEST_SSE_UNDER_BASELINE_RATE_uvg_02_qp1_G8_T2703.bin,4f07426c355d1e68738aa5c2d6781df595e4b7fc14c159d35f424fdb770ccde0
uvg,HoneyBee,2,1,G16,TARGET_0.99,0.99,28168,27886,TARGET_NOT_REACHED,,,,,,,,,,,,,,,,,,,,,,,
uvg,HoneyBee,2,1,G16,TARGET_0.975,0.975,28168,27463,TARGET_NOT_REACHED,,,,,,,,,,,,,,,,,,,,,,,
uvg,HoneyBee,2,1,G16,TARGET_0.95,0.95,28168,26759,TARGET_NOT_REACHED,,,,,,,,,,,,,,,,,,,,,,,
uvg,HoneyBee,2,1,G16,TARGET_0.9,0.9,28168,25351,TARGET_NOT_REACHED,,,,,,,,,,,,,,,,,,,,,,,
uvg,HoneyBee,2,1,G16,TARGET_0.8,0.8,28168,22534,TARGET_NOT_REACHED,,,,,,,,,,,,,,,,,,,,,,,
uvg,HoneyBee,2,1,G16,BEST_RATE_WITH_NONWORSE_SSE,,28168,28167,REPLACEMENT,28167,0.999964498721954,5028,4560,14911,3233,29,35,0,371,0.0010564609128778102,29.77745613968871,0.9726927103474736,0.15393043938092887,0.1288672536611557,420610.0644087313,398131200,0.0010564609465641762,29.7614655256828,29.77745613968871,PASS,/Huang_group/zyyz/Projects/GVC-RT/experiments/gvcrt_v14_replacement_oracle/bitstreams/uvg_02_qp1_G16_BEST_RATE_WITH_NONWORSE_SSE_uvg_02_qp1_G16_T2671.bin,eed0706070127b76ff272065b43e099a7ec4a9fe14a274e1fa8dba1fc5c11eb3
uvg,HoneyBee,2,1,G16,BEST_SSE_UNDER_BASELINE_RATE,,28168,28168,REPLACEMENT,28167,0.999964498721954,5028,4560,14911,3233,29,35,0,371,0.0010564609128778102,29.77745613968871,0.9726927103474736,0.15393043938092887,0.1288672536611557,420610.0644087313,398131200,0.0010564609465641762,29.7614655256828,29.77745613968871,PASS,/Huang_group/zyyz/Projects/GVC-RT/experiments/gvcrt_v14_replacement_oracle/bitstreams/uvg_02_qp1_G16_BEST_RATE_WITH_NONWORSE_SSE_uvg_02_qp1_G16_T2671.bin,eed0706070127b76ff272065b43e099a7ec4a9fe14a274e1fa8dba1fc5c11eb3
uvg,HoneyBee,2,3,G8,TARGET_0.99,0.99,44679,44232,TARGET_NOT_REACHED,,,,,,,,,,,,,,,,,,,,,,,
uvg,HoneyBee,2,3,G8,TARGET_0.975,0.975,44679,43562,TARGET_NOT_REACHED,,,,,,,,,,,,,,,,,,,,,,,
uvg,HoneyBee,2,3,G8,TARGET_0.95,0.95,44679,42445,TARGET_NOT_REACHED,,,,,,,,,,,,,,,,,,,,,,,
uvg,HoneyBee,2,3,G8,TARGET_0.9,0.9,44679,40211,TARGET_NOT_REACHED,,,,,,,,,,,,,,,,,,,,,,,
uvg,HoneyBee,2,3,G8,TARGET_0.8,0.8,44679,35743,TARGET_NOT_REACHED,,,,,,,,,,,,,,,,,,,,,,,
uvg,HoneyBee,2,3,G8,BEST_RATE_WITH_NONWORSE_SSE,,44679,44678,REPLACEMENT,44641,0.9991494885740505,8070,5786,24760,5449,40,124,0,412,0.0008652956976220594,30.636315950767383,0.9796441243961453,0.11929554597008973,0.11503113899379969,344501.22334568505,398131200,0.0008652957199679027,30.62835444440427,30.636315950767383,PASS,/Huang_group/zyyz/Projects/GVC-RT/experiments/gvcrt_v14_replacement_oracle/bitstreams/uvg_02_qp3_G8_BEST_RATE_WITH_NONWORSE_SSE_uvg_02_qp3_G8_T2854.bin,f001bc3479dad0830d77136a41665bfc09e076d270a20d6ca0795c5e554fbd6c
uvg,HoneyBee,2,3,G8,BEST_SSE_UNDER_BASELINE_RATE,,44679,44679,REPLACEMENT,44641,0.9991494885740505,8070,5786,24760,5449,40,124,0,412,0.0008652956976220594,30.636315950767383,0.9796441243961453,0.11929554597008973,0.11503113899379969,344501.22334568505,398131200,0.0008652957199679027,30.62835444440427,30.636315950767383,PASS,/Huang_group/zyyz/Projects/GVC-RT/experiments/gvcrt_v14_replacement_oracle/bitstreams/uvg_02_qp3_G8_BEST_RATE_WITH_NONWORSE_SSE_uvg_02_qp3_G8_T2854.bin,f001bc3479dad0830d77136a41665bfc09e076d270a20d6ca0795c5e554fbd6c
uvg,HoneyBee,2,3,G16,TARGET_0.99,0.99,44679,44232,TARGET_NOT_REACHED,,,,,,,,,,,,,,,,,,,,,,,
uvg,HoneyBee,2,3,G16,TARGET_0.975,0.975,44679,43562,TARGET_NOT_REACHED,,,,,,,,,,,,,,,,,,,,,,,
uvg,HoneyBee,2,3,G16,TARGET_0.95,0.95,44679,42445,TARGET_NOT_REACHED,,,,,,,,,,,,,,,,,,,,,,,
uvg,HoneyBee,2,3,G16,TARGET_0.9,0.9,44679,40211,TARGET_NOT_REACHED,,,,,,,,,,,,,,,,,,,,,,,
uvg,HoneyBee,2,3,G16,TARGET_0.8,0.8,44679,35743,TARGET_NOT_REACHED,,,,,,,,,,,,,,,,,,,,,,,
uvg,HoneyBee,2,3,G16,BEST_RATE_WITH_NONWORSE_SSE,,44679,44678,TARGET_NOT_REACHED,,,,,,,,,,,,,,,,,,,,,,,
uvg,HoneyBee,2,3,G16,BEST_SSE_UNDER_BASELINE_RATE,,44679,44679,BASELINE,44679,1.0,8070,5812,24703,5862,0,0,0,232,0.0008654143884996301,30.635786704063676,0.979667286388576,0.1192838343558833,0.11505281273275614,344548.4766080433,398131200,0.0008654144076325676,30.627758788354274,30.635786704063676,PASS,/Huang_group/zyyz/Projects/GVC-RT/experiments/gvcrt_v14_replacement_oracle/bitstreams/uvg_02_qp3_G16_BEST_SSE_UNDER_BASELINE_RATE_uvg_02_qp3_G16_T2788.bin,6d4359ff358945a8171b91e5cf29771bfcf25598d6d9e4fb87da5347e1689dd5
