split,video,method,alpha,frame,candidate,actual_nonzero_symbols,guard_allowed,packet_bytes,packet_kind,nonzero_symbols,mse,psnr,ms_ssim,lpips,d
Train2,fb63c34e-0c28-4a4d-b8f8-59932b5e7875,M2_E_FRAME_GUARD,0,1.0,Z,False,True,1.0,ZERO,0.0,0.014518528168263446,18.380774084844518,0.7843452553097912,0.3777421712875366,0.014896270339550982
Train2,fb63c34e-0c28-4a4d-b8f8-59932b5e7875,M2_E_FRAME_GUARD,0,2.0,Z,False,True,1.0,ZERO,0.0,0.014461303926505544,18.39792546422175,0.790151174481061,0.37269139289855957,0.014833995319404103
Train2,fb63c34e-0c28-4a4d-b8f8-59932b5e7875,M2_E_FRAME_GUARD,0,3.0,Z,False,True,1.0,ZERO,0.0,0.014337797154308224,18.43517568139394,0.792569618828697,0.37328192591667175,0.014711079080224895
Train2,fb63c34e-0c28-4a4d-b8f8-59932b5e7875,M2_E_FRAME_GUARD,0,4.0,Z,False,True,1.0,ZERO,0.0,0.014770672740468943,18.30599723996119,0.7901818846568697,0.38248443603515625,0.0151531571765041
Train2,fb63c34e-0c28-4a4d-b8f8-59932b5e7875,M2_E_FRAME_GUARD,0,5.0,Z,False,True,1.0,ZERO,0.0,0.014312605644440184,18.442812946826333,0.7920176088177971,0.3723566234111786,0.014684962267851364
Train2,fb63c34e-0c28-4a4d-b8f8-59932b5e7875,M2_E_FRAME_GUARD,0,6.0,Z,False,True,1.0,ZERO,0.0,0.01454084282161529,18.374104200128485,0.7908164707434683,0.3756115138530731,0.014916454335468362
Train2,fb63c34e-0c28-4a4d-b8f8-59932b5e7875,M2_E_FRAME_GUARD,0,7.0,Z,False,True,1.0,ZERO,0.0,0.014192229878867148,18.479493629636618,0.7905097082966499,0.3711719214916229,0.01456340180035877
Train2,fb63c34e-0c28-4a4d-b8f8-59932b5e7875,M2_E_FRAME_GUARD,0,8.0,Z,False,True,1.0,ZERO,0.0,0.014933942283403598,18.258255314628165,0.7864553587050874,0.3857608735561371,0.015319703156959736
Train2,fb63c34e-0c28-4a4d-b8f8-59932b5e7875,M2_E_FRAME_GUARD,0,9.0,Z,False,True,1.0,ZERO,0.0,0.014265616134018307,18.45709466360519,0.7872462612111572,0.3715718686580658,0.014637188002676372
Train2,fb63c34e-0c28-4a4d-b8f8-59932b5e7875,M2_E_FRAME_GUARD,0,10.0,Z,False,True,1.0,ZERO,0.0,0.015027104231448502,18.231247012140393,0.7822240124577718,0.3817782402038574,0.01540888247165236
Train2,fb63c34e-0c28-4a4d-b8f8-59932b5e7875,M2_E_FRAME_GUARD,0,11.0,Z,False,True,1.0,ZERO,0.0,0.014645607784354203,18.34292600635568,0.7806586152611237,0.3741006851196289,0.015019708469473831
Train2,fb63c34e-0c28-4a4d-b8f8-59932b5e7875,M2_E_FRAME_GUARD,0,12.0,Z,False,True,1.0,ZERO,0.0,0.015128627809520975,18.202004613871544,0.7801243874582853,0.39121079444885254,0.015519838603969827
Train2,fb63c34e-0c28-4a4d-b8f8-59932b5e7875,M2_E_FRAME_GUARD,0,13.0,Z,False,True,1.0,ZERO,0.0,0.014726271471247459,18.319071977899117,0.7793700600251098,0.379841685295105,0.015106113156542563
Train2,fb63c34e-0c28-4a4d-b8f8-59932b5e7875,M2_E_FRAME_GUARD,0,14.0,Z,False,True,1.0,ZERO,0.0,0.015324659720078933,18.14609160093902,0.7741065822600527,0.3867919147014618,0.015711451634780396
Train2,fb63c34e-0c28-4a4d-b8f8-59932b5e7875,M2_E_FRAME_GUARD,0,15.0,Z,False,True,1.0,ZERO,0.0,0.01522176602678956,18.175349578679636,0.7709346461417427,0.38231155276298523,0.015604077579552544
Train2,fb63c34e-0c28-4a4d-b8f8-59932b5e7875,M2_E_FRAME_GUARD,0.1,1.0,Z,False,True,1.0,ZERO,0.0,0.014518528168263446,18.380774084844518,0.7843452553097912,0.3777421712875366,0.014896270339550982
Train2,fb63c34e-0c28-4a4d-b8f8-59932b5e7875,M2_E_FRAME_GUARD,0.1,2.0,Z,False,True,1.0,ZERO,0.0,0.014461303926505544,18.39792546422175,0.790151174481061,0.37269139289855957,0.014833995319404103
Train2,fb63c34e-0c28-4a4d-b8f8-59932b5e7875,M2_E_FRAME_GUARD,0.1,3.0,Z,False,True,1.0,ZERO,0.0,0.014337797154308224,18.43517568139394,0.792569618828697,0.37328192591667175,0.014711079080224895
Train2,fb63c34e-0c28-4a4d-b8f8-59932b5e7875,M2_E_FRAME_GUARD,0.1,4.0,Z,False,True,1.0,ZERO,0.0,0.014770672740468943,18.30599723996119,0.7901818846568697,0.38248443603515625,0.0151531571765041
Train2,fb63c34e-0c28-4a4d-b8f8-59932b5e7875,M2_E_FRAME_GUARD,0.1,5.0,Z,False,True,1.0,ZERO,0.0,0.014312605644440184,18.442812946826333,0.7920176088177971,0.3723566234111786,0.014684962267851364
Train2,fb63c34e-0c28-4a4d-b8f8-59932b5e7875,M2_E_FRAME_GUARD,0.1,6.0,Z,False,True,1.0,ZERO,0.0,0.01454084282161529,18.374104200128485,0.7908164707434683,0.3756115138530731,0.014916454335468362
Train2,fb63c34e-0c28-4a4d-b8f8-59932b5e7875,M2_E_FRAME_GUARD,0.1,7.0,Z,False,True,1.0,ZERO,0.0,0.014192229878867148,18.479493629636618,0.7905097082966499,0.3711719214916229,0.01456340180035877
Train2,fb63c34e-0c28-4a4d-b8f8-59932b5e7875,M2_E_FRAME_GUARD,0.1,8.0,Z,False,True,1.0,ZERO,0.0,0.014933942283403598,18.258255314628165,0.7864553587050874,0.3857608735561371,0.015319703156959736
Train2,fb63c34e-0c28-4a4d-b8f8-59932b5e7875,M2_E_FRAME_GUARD,0.1,9.0,Z,False,True,1.0,ZERO,0.0,0.014265616134018307,18.45709466360519,0.7872462612111572,0.3715718686580658,0.014637188002676372
Train2,fb63c34e-0c28-4a4d-b8f8-59932b5e7875,M2_E_FRAME_GUARD,0.1,10.0,Z,False,True,1.0,ZERO,0.0,0.015027104231448502,18.231247012140393,0.7822240124577718,0.3817782402038574,0.01540888247165236
Train2,fb63c34e-0c28-4a4d-b8f8-59932b5e7875,M2_E_FRAME_GUARD,0.1,11.0,Z,False,True,1.0,ZERO,0.0,0.014645607784354203,18.34292600635568,0.7806586152611237,0.3741006851196289,0.015019708469473831
Train2,fb63c34e-0c28-4a4d-b8f8-59932b5e7875,M2_E_FRAME_GUARD,0.1,12.0,Z,False,True,1.0,ZERO,0.0,0.015128627809520975,18.202004613871544,0.7801243874582853,0.39121079444885254,0.015519838603969827
Train2,fb63c34e-0c28-4a4d-b8f8-59932b5e7875,M2_E_FRAME_GUARD,0.1,13.0,Z,False,True,1.0,ZERO,0.0,0.014726271471247459,18.319071977899117,0.7793700600251098,0.379841685295105,0.015106113156542563
Train2,fb63c34e-0c28-4a4d-b8f8-59932b5e7875,M2_E_FRAME_GUARD,0.1,14.0,Z,False,True,1.0,ZERO,0.0,0.015324659720078933,18.14609160093902,0.7741065822600527,0.3867919147014618,0.015711451634780396
Train2,fb63c34e-0c28-4a4d-b8f8-59932b5e7875,M2_E_FRAME_GUARD,0.1,15.0,Z,False,True,1.0,ZERO,0.0,0.01522176602678956,18.175349578679636,0.7709346461417427,0.38231155276298523,0.015604077579552544
Train2,fb63c34e-0c28-4a4d-b8f8-59932b5e7875,M2_E_FRAME_GUARD,0.25,1.0,Z,False,True,1.0,ZERO,0.0,0.014518528168263446,18.380774084844518,0.7843452553097912,0.3777421712875366,0.014896270339550982
Train2,fb63c34e-0c28-4a4d-b8f8-59932b5e7875,M2_E_FRAME_GUARD,0.25,2.0,Z,False,True,1.0,ZERO,0.0,0.014461303926505544,18.39792546422175,0.790151174481061,0.37269139289855957,0.014833995319404103
Train2,fb63c34e-0c28-4a4d-b8f8-59932b5e7875,M2_E_FRAME_GUARD,0.25,3.0,Z,False,True,1.0,ZERO,0.0,0.014337797154308224,18.43517568139394,0.792569618828697,0.37328192591667175,0.014711079080224895
Train2,fb63c34e-0c28-4a4d-b8f8-59932b5e7875,M2_E_FRAME_GUARD,0.25,4.0,Z,False,True,1.0,ZERO,0.0,0.014770672740468943,18.30599723996119,0.7901818846568697,0.38248443603515625,0.0151531571765041
Train2,fb63c34e-0c28-4a4d-b8f8-59932b5e7875,M2_E_FRAME_GUARD,0.25,5.0,Z,False,True,1.0,ZERO,0.0,0.014312605644440184,18.442812946826333,0.7920176088177971,0.3723566234111786,0.014684962267851364
Train2,fb63c34e-0c28-4a4d-b8f8-59932b5e7875,M2_E_FRAME_GUARD,0.25,6.0,Z,False,True,1.0,ZERO,0.0,0.01454084282161529,18.374104200128485,0.7908164707434683,0.3756115138530731,0.014916454335468362
Train2,fb63c34e-0c28-4a4d-b8f8-59932b5e7875,M2_E_FRAME_GUARD,0.25,7.0,Z,False,True,1.0,ZERO,0.0,0.014192229878867148,18.479493629636618,0.7905097082966499,0.3711719214916229,0.01456340180035877
Train2,fb63c34e-0c28-4a4d-b8f8-59932b5e7875,M2_E_FRAME_GUARD,0.25,8.0,E,True,True,1532.0,CODED,2256.0,0.01303528588551277,18.84879439590463,0.8200491114796306,0.32299840450286865,0.013358284290015638
Train2,fb63c34e-0c28-4a4d-b8f8-59932b5e7875,M2_E_FRAME_GUARD,0.25,9.0,Z,False,True,1.0,ZERO,0.0,0.014265616134018307,18.45709466360519,0.7872462612111572,0.3715718686580658,0.014637188002676372
Train2,fb63c34e-0c28-4a4d-b8f8-59932b5e7875,M2_E_FRAME_GUARD,0.25,10.0,Z,False,True,1.0,ZERO,0.0,0.015027104231448502,18.231247012140393,0.7822240124577718,0.3817782402038574,0.01540888247165236
Train2,fb63c34e-0c28-4a4d-b8f8-59932b5e7875,M2_E_FRAME_GUARD,0.25,11.0,Z,False,True,1.0,ZERO,0.0,0.014645607784354203,18.34292600635568,0.7806586152611237,0.3741006851196289,0.015019708469473831
Train2,fb63c34e-0c28-4a4d-b8f8-59932b5e7875,M2_E_FRAME_GUARD,0.25,12.0,Z,False,True,1.0,ZERO,0.0,0.015128627809520975,18.202004613871544,0.7801243874582853,0.39121079444885254,0.015519838603969827
Train2,fb63c34e-0c28-4a4d-b8f8-59932b5e7875,M2_E_FRAME_GUARD,0.25,13.0,Z,False,True,1.0,ZERO,0.0,0.014726271471247459,18.319071977899117,0.7793700600251098,0.379841685295105,0.015106113156542563
Train2,fb63c34e-0c28-4a4d-b8f8-59932b5e7875,M2_E_FRAME_GUARD,0.25,14.0,Z,False,True,1.0,ZERO,0.0,0.015324659720078933,18.14609160093902,0.7741065822600527,0.3867919147014618,0.015711451634780396
Train2,fb63c34e-0c28-4a4d-b8f8-59932b5e7875,M2_E_FRAME_GUARD,0.25,15.0,Z,False,True,1.0,ZERO,0.0,0.01522176602678956,18.175349578679636,0.7709346461417427,0.38231155276298523,0.015604077579552544
Train2,fb63c34e-0c28-4a4d-b8f8-59932b5e7875,M2_E_FRAME_GUARD,0.5,1.0,Z,False,True,1.0,ZERO,0.0,0.014518528168263446,18.380774084844518,0.7843452553097912,0.3777421712875366,0.014896270339550982
Train2,fb63c34e-0c28-4a4d-b8f8-59932b5e7875,M2_E_FRAME_GUARD,0.5,2.0,Z,False,True,1.0,ZERO,0.0,0.014461303926505544,18.39792546422175,0.790151174481061,0.37269139289855957,0.014833995319404103
Train2,fb63c34e-0c28-4a4d-b8f8-59932b5e7875,M2_E_FRAME_GUARD,0.5,3.0,Z,False,True,1.0,ZERO,0.0,0.014337797154308224,18.43517568139394,0.792569618828697,0.37328192591667175,0.014711079080224895
Train2,fb63c34e-0c28-4a4d-b8f8-59932b5e7875,M2_E_FRAME_GUARD,0.5,4.0,Z,False,True,1.0,ZERO,0.0,0.014770672740468943,18.30599723996119,0.7901818846568697,0.38248443603515625,0.0151531571765041
Train2,fb63c34e-0c28-4a4d-b8f8-59932b5e7875,M2_E_FRAME_GUARD,0.5,5.0,Z,False,True,1.0,ZERO,0.0,0.014312605644440184,18.442812946826333,0.7920176088177971,0.3723566234111786,0.014684962267851364
Train2,fb63c34e-0c28-4a4d-b8f8-59932b5e7875,M2_E_FRAME_GUARD,0.5,6.0,Z,False,True,1.0,ZERO,0.0,0.01454084282161529,18.374104200128485,0.7908164707434683,0.3756115138530731,0.014916454335468362
Train2,fb63c34e-0c28-4a4d-b8f8-59932b5e7875,M2_E_FRAME_GUARD,0.5,7.0,Z,False,True,1.0,ZERO,0.0,0.014192229878867148,18.479493629636618,0.7905097082966499,0.3711719214916229,0.01456340180035877
Train2,fb63c34e-0c28-4a4d-b8f8-59932b5e7875,M2_E_FRAME_GUARD,0.5,8.0,E,True,True,1532.0,CODED,2256.0,0.01303528588551277,18.84879439590463,0.8200491114796306,0.32299840450286865,0.013358284290015638
Train2,fb63c34e-0c28-4a4d-b8f8-59932b5e7875,M2_E_FRAME_GUARD,0.5,9.0,E,True,True,1555.0,CODED,2268.0,0.012472069938062375,19.040614624736886,0.8194781798992232,0.3105311989784241,0.012782601137040798
Train2,fb63c34e-0c28-4a4d-b8f8-59932b5e7875,M2_E_FRAME_GUARD,0.5,10.0,Z,False,True,1.0,ZERO,0.0,0.015027104231448502,18.231247012140393,0.7822240124577718,0.3817782402038574,0.01540888247165236
Train2,fb63c34e-0c28-4a4d-b8f8-59932b5e7875,M2_E_FRAME_GUARD,0.5,11.0,Z,False,True,1.0,ZERO,0.0,0.014645607784354203,18.34292600635568,0.7806586152611237,0.3741006851196289,0.015019708469473831
Train2,fb63c34e-0c28-4a4d-b8f8-59932b5e7875,M2_E_FRAME_GUARD,0.5,12.0,Z,False,True,1.0,ZERO,0.0,0.015128627809520975,18.202004613871544,0.7801243874582853,0.39121079444885254,0.015519838603969827
Train2,fb63c34e-0c28-4a4d-b8f8-59932b5e7875,M2_E_FRAME_GUARD,0.5,13.0,Z,False,True,1.0,ZERO,0.0,0.014726271471247459,18.319071977899117,0.7793700600251098,0.379841685295105,0.015106113156542563
Train2,fb63c34e-0c28-4a4d-b8f8-59932b5e7875,M2_E_FRAME_GUARD,0.5,14.0,Z,False,True,1.0,ZERO,0.0,0.015324659720078933,18.14609160093902,0.7741065822600527,0.3867919147014618,0.015711451634780396
Train2,fb63c34e-0c28-4a4d-b8f8-59932b5e7875,M2_E_FRAME_GUARD,0.5,15.0,E,True,True,1580.0,CODED,2357.0,0.013324812290173581,18.75338900268821,0.804201492507957,0.32001829147338867,0.01364483058164697
Train2,fb63c34e-0c28-4a4d-b8f8-59932b5e7875,M4_O_FRAME_GUARD,0,1.0,Z,False,True,1.0,ZERO,0.0,0.014518528168263446,18.380774084844518,0.7843452553097912,0.3777421712875366,0.014896270339550982
Train2,fb63c34e-0c28-4a4d-b8f8-59932b5e7875,M4_O_FRAME_GUARD,0,2.0,Z,False,True,1.0,ZERO,0.0,0.014461303926505544,18.39792546422175,0.790151174481061,0.37269139289855957,0.014833995319404103
Train2,fb63c34e-0c28-4a4d-b8f8-59932b5e7875,M4_O_FRAME_GUARD,0,3.0,Z,False,True,1.0,ZERO,0.0,0.014337797154308224,18.43517568139394,0.792569618828697,0.37328192591667175,0.014711079080224895
Train2,fb63c34e-0c28-4a4d-b8f8-59932b5e7875,M4_O_FRAME_GUARD,0,4.0,Z,False,True,1.0,ZERO,0.0,0.014770672740468943,18.30599723996119,0.7901818846568697,0.38248443603515625,0.0151531571765041
Train2,fb63c34e-0c28-4a4d-b8f8-59932b5e7875,M4_O_FRAME_GUARD,0,5.0,Z,False,True,1.0,ZERO,0.0,0.014312605644440184,18.442812946826333,0.7920176088177971,0.3723566234111786,0.014684962267851364
Train2,fb63c34e-0c28-4a4d-b8f8-59932b5e7875,M4_O_FRAME_GUARD,0,6.0,Z,False,True,1.0,ZERO,0.0,0.01454084282161529,18.374104200128485,0.7908164707434683,0.3756115138530731,0.014916454335468362
Train2,fb63c34e-0c28-4a4d-b8f8-59932b5e7875,M4_O_FRAME_GUARD,0,7.0,Z,False,True,1.0,ZERO,0.0,0.014192229878867148,18.479493629636618,0.7905097082966499,0.3711719214916229,0.01456340180035877
Train2,fb63c34e-0c28-4a4d-b8f8-59932b5e7875,M4_O_FRAME_GUARD,0,8.0,Z,False,True,1.0,ZERO,0.0,0.014933942283403598,18.258255314628165,0.7864553587050874,0.3857608735561371,0.015319703156959736
Train2,fb63c34e-0c28-4a4d-b8f8-59932b5e7875,M4_O_FRAME_GUARD,0,9.0,Z,False,True,1.0,ZERO,0.0,0.014265616134018307,18.45709466360519,0.7872462612111572,0.3715718686580658,0.014637188002676372
Train2,fb63c34e-0c28-4a4d-b8f8-59932b5e7875,M4_O_FRAME_GUARD,0,10.0,Z,False,True,1.0,ZERO,0.0,0.015027104231448502,18.231247012140393,0.7822240124577718,0.3817782402038574,0.01540888247165236
Train2,fb63c34e-0c28-4a4d-b8f8-59932b5e7875,M4_O_FRAME_GUARD,0,11.0,Z,False,True,1.0,ZERO,0.0,0.014645607784354203,18.34292600635568,0.7806586152611237,0.3741006851196289,0.015019708469473831
Train2,fb63c34e-0c28-4a4d-b8f8-59932b5e7875,M4_O_FRAME_GUARD,0,12.0,Z,False,True,1.0,ZERO,0.0,0.015128627809520975,18.202004613871544,0.7801243874582853,0.39121079444885254,0.015519838603969827
Train2,fb63c34e-0c28-4a4d-b8f8-59932b5e7875,M4_O_FRAME_GUARD,0,13.0,Z,False,True,1.0,ZERO,0.0,0.014726271471247459,18.319071977899117,0.7793700600251098,0.379841685295105,0.015106113156542563
Train2,fb63c34e-0c28-4a4d-b8f8-59932b5e7875,M4_O_FRAME_GUARD,0,14.0,Z,False,True,1.0,ZERO,0.0,0.015324659720078933,18.14609160093902,0.7741065822600527,0.3867919147014618,0.015711451634780396
Train2,fb63c34e-0c28-4a4d-b8f8-59932b5e7875,M4_O_FRAME_GUARD,0,15.0,Z,False,True,1.0,ZERO,0.0,0.01522176602678956,18.175349578679636,0.7709346461417427,0.38231155276298523,0.015604077579552544
Train2,fb63c34e-0c28-4a4d-b8f8-59932b5e7875,M4_O_FRAME_GUARD,0.1,1.0,Z,False,True,1.0,ZERO,0.0,0.014518528168263446,18.380774084844518,0.7843452553097912,0.3777421712875366,0.014896270339550982
Train2,fb63c34e-0c28-4a4d-b8f8-59932b5e7875,M4_O_FRAME_GUARD,0.1,2.0,Z,False,True,1.0,ZERO,0.0,0.014461303926505544,18.39792546422175,0.790151174481061,0.37269139289855957,0.014833995319404103
Train2,fb63c34e-0c28-4a4d-b8f8-59932b5e7875,M4_O_FRAME_GUARD,0.1,3.0,Z,False,True,1.0,ZERO,0.0,0.014337797154308224,18.43517568139394,0.792569618828697,0.37328192591667175,0.014711079080224895
Train2,fb63c34e-0c28-4a4d-b8f8-59932b5e7875,M4_O_FRAME_GUARD,0.1,4.0,Z,False,True,1.0,ZERO,0.0,0.014770672740468943,18.30599723996119,0.7901818846568697,0.38248443603515625,0.0151531571765041
Train2,fb63c34e-0c28-4a4d-b8f8-59932b5e7875,M4_O_FRAME_GUARD,0.1,5.0,Z,False,True,1.0,ZERO,0.0,0.014312605644440184,18.442812946826333,0.7920176088177971,0.3723566234111786,0.014684962267851364
Train2,fb63c34e-0c28-4a4d-b8f8-59932b5e7875,M4_O_FRAME_GUARD,0.1,6.0,Z,False,True,1.0,ZERO,0.0,0.01454084282161529,18.374104200128485,0.7908164707434683,0.3756115138530731,0.014916454335468362
Train2,fb63c34e-0c28-4a4d-b8f8-59932b5e7875,M4_O_FRAME_GUARD,0.1,7.0,Z,False,True,1.0,ZERO,0.0,0.014192229878867148,18.479493629636618,0.7905097082966499,0.3711719214916229,0.01456340180035877
Train2,fb63c34e-0c28-4a4d-b8f8-59932b5e7875,M4_O_FRAME_GUARD,0.1,8.0,Z,False,True,1.0,ZERO,0.0,0.014933942283403598,18.258255314628165,0.7864553587050874,0.3857608735561371,0.015319703156959736
Train2,fb63c34e-0c28-4a4d-b8f8-59932b5e7875,M4_O_FRAME_GUARD,0.1,9.0,Z,False,True,1.0,ZERO,0.0,0.014265616134018307,18.45709466360519,0.7872462612111572,0.3715718686580658,0.014637188002676372
Train2,fb63c34e-0c28-4a4d-b8f8-59932b5e7875,M4_O_FRAME_GUARD,0.1,10.0,Z,False,True,1.0,ZERO,0.0,0.015027104231448502,18.231247012140393,0.7822240124577718,0.3817782402038574,0.01540888247165236
Train2,fb63c34e-0c28-4a4d-b8f8-59932b5e7875,M4_O_FRAME_GUARD,0.1,11.0,Z,False,True,1.0,ZERO,0.0,0.014645607784354203,18.34292600635568,0.7806586152611237,0.3741006851196289,0.015019708469473831
Train2,fb63c34e-0c28-4a4d-b8f8-59932b5e7875,M4_O_FRAME_GUARD,0.1,12.0,Z,False,True,1.0,ZERO,0.0,0.015128627809520975,18.202004613871544,0.7801243874582853,0.39121079444885254,0.015519838603969827
Train2,fb63c34e-0c28-4a4d-b8f8-59932b5e7875,M4_O_FRAME_GUARD,0.1,13.0,Z,False,True,1.0,ZERO,0.0,0.014726271471247459,18.319071977899117,0.7793700600251098,0.379841685295105,0.015106113156542563
Train2,fb63c34e-0c28-4a4d-b8f8-59932b5e7875,M4_O_FRAME_GUARD,0.1,14.0,O1,True,True,633.0,CODED,1093.0,0.014447888448511775,18.401956201855256,0.784575726071996,0.3791518807411194,0.014827040329252895
Train2,fb63c34e-0c28-4a4d-b8f8-59932b5e7875,M4_O_FRAME_GUARD,0.1,15.0,Z,False,True,1.0,ZERO,0.0,0.01522176602678956,18.175349578679636,0.7709346461417427,0.38231155276298523,0.015604077579552544
Train2,fb63c34e-0c28-4a4d-b8f8-59932b5e7875,M4_O_FRAME_GUARD,0.25,1.0,Z,False,True,1.0,ZERO,0.0,0.014518528168263446,18.380774084844518,0.7843452553097912,0.3777421712875366,0.014896270339550982
Train2,fb63c34e-0c28-4a4d-b8f8-59932b5e7875,M4_O_FRAME_GUARD,0.25,2.0,Z,False,True,1.0,ZERO,0.0,0.014461303926505544,18.39792546422175,0.790151174481061,0.37269139289855957,0.014833995319404103
Train2,fb63c34e-0c28-4a4d-b8f8-59932b5e7875,M4_O_FRAME_GUARD,0.25,3.0,Z,False,True,1.0,ZERO,0.0,0.014337797154308224,18.43517568139394,0.792569618828697,0.37328192591667175,0.014711079080224895
Train2,fb63c34e-0c28-4a4d-b8f8-59932b5e7875,M4_O_FRAME_GUARD,0.25,4.0,O2,True,True,570.0,CODED,970.0,0.013985478247571818,18.54322677899524,0.8014182278768677,0.3686385154724121,0.01435411676304423
Train2,fb63c34e-0c28-4a4d-b8f8-59932b5e7875,M4_O_FRAME_GUARD,0.25,5.0,Z,False,True,1.0,ZERO,0.0,0.014312605644440184,18.442812946826333,0.7920176088177971,0.3723566234111786,0.014684962267851364
Train2,fb63c34e-0c28-4a4d-b8f8-59932b5e7875,M4_O_FRAME_GUARD,0.25,6.0,O2,True,True,568.0,CODED,916.0,0.013771715015451921,18.610119729334716,0.8003900371040621,0.3673170804977417,0.014139032095949662
Train2,fb63c34e-0c28-4a4d-b8f8-59932b5e7875,M4_O_FRAME_GUARD,0.25,7.0,Z,False,True,1.0,ZERO,0.0,0.014192229878867148,18.479493629636618,0.7905097082966499,0.3711719214916229,0.01456340180035877
Train2,fb63c34e-0c28-4a4d-b8f8-59932b5e7875,M4_O_FRAME_GUARD,0.25,8.0,Z,False,True,1.0,ZERO,0.0,0.014933942283403598,18.258255314628165,0.7864553587050874,0.3857608735561371,0.015319703156959736
Train2,fb63c34e-0c28-4a4d-b8f8-59932b5e7875,M4_O_FRAME_GUARD,0.25,9.0,Z,False,True,1.0,ZERO,0.0,0.014265616134018307,18.45709466360519,0.7872462612111572,0.3715718686580658,0.014637188002676372
Train2,fb63c34e-0c28-4a4d-b8f8-59932b5e7875,M4_O_FRAME_GUARD,0.25,10.0,Z,False,True,1.0,ZERO,0.0,0.015027104231448502,18.231247012140393,0.7822240124577718,0.3817782402038574,0.01540888247165236
Train2,fb63c34e-0c28-4a4d-b8f8-59932b5e7875,M4_O_FRAME_GUARD,0.25,11.0,Z,False,True,1.0,ZERO,0.0,0.014645607784354203,18.34292600635568,0.7806586152611237,0.3741006851196289,0.015019708469473831
Train2,fb63c34e-0c28-4a4d-b8f8-59932b5e7875,M4_O_FRAME_GUARD,0.25,12.0,Z,False,True,1.0,ZERO,0.0,0.015128627809520975,18.202004613871544,0.7801243874582853,0.39121079444885254,0.015519838603969827
Train2,fb63c34e-0c28-4a4d-b8f8-59932b5e7875,M4_O_FRAME_GUARD,0.25,13.0,O2,True,True,535.0,CODED,840.0,0.013962581045404661,18.55034293019047,0.7882485897781731,0.373783141374588,0.014336364186779249
Train2,fb63c34e-0c28-4a4d-b8f8-59932b5e7875,M4_O_FRAME_GUARD,0.25,14.0,O2,True,True,579.0,CODED,943.0,0.014504712329790235,18.384908800859705,0.7831078846192255,0.3843490183353424,0.014889061348125577
Train2,fb63c34e-0c28-4a4d-b8f8-59932b5e7875,M4_O_FRAME_GUARD,0.25,15.0,O2,True,True,548.0,CODED,853.0,0.014405801229068134,18.414625819037983,0.7792095802816433,0.3797347843647003,0.014785536013432833
Train2,fb63c34e-0c28-4a4d-b8f8-59932b5e7875,M4_O_FRAME_GUARD,0.5,1.0,O2,True,True,655.0,CODED,1152.0,0.013672061368668465,18.64166000900671,0.7988917148941889,0.35541144013404846,0.014027472808802514
Train2,fb63c34e-0c28-4a4d-b8f8-59932b5e7875,M4_O_FRAME_GUARD,0.5,2.0,Z,False,True,1.0,ZERO,0.0,0.014461303926505544,18.39792546422175,0.790151174481061,0.37269139289855957,0.014833995319404103
Train2,fb63c34e-0c28-4a4d-b8f8-59932b5e7875,M4_O_FRAME_GUARD,0.5,3.0,Z,False,True,1.0,ZERO,0.0,0.014337797154308224,18.43517568139394,0.792569618828697,0.37328192591667175,0.014711079080224895
Train2,fb63c34e-0c28-4a4d-b8f8-59932b5e7875,M4_O_FRAME_GUARD,0.5,4.0,O2,True,True,570.0,CODED,970.0,0.013985478247571818,18.54322677899524,0.8014182278768677,0.3686385154724121,0.01435411676304423
Train2,fb63c34e-0c28-4a4d-b8f8-59932b5e7875,M4_O_FRAME_GUARD,0.5,5.0,Z,False,True,1.0,ZERO,0.0,0.014312605644440184,18.442812946826333,0.7920176088177971,0.3723566234111786,0.014684962267851364
Train2,fb63c34e-0c28-4a4d-b8f8-59932b5e7875,M4_O_FRAME_GUARD,0.5,6.0,O2,True,True,568.0,CODED,916.0,0.013771715015451921,18.610119729334716,0.8003900371040621,0.3673170804977417,0.014139032095949662
Train2,fb63c34e-0c28-4a4d-b8f8-59932b5e7875,M4_O_FRAME_GUARD,0.5,7.0,O2,True,True,541.0,CODED,859.0,0.013450566880915671,18.712594117161807,0.7986273591531999,0.3670264184474945,0.013817593299363166
Train2,fb63c34e-0c28-4a4d-b8f8-59932b5e7875,M4_O_FRAME_GUARD,0.5,8.0,O1,True,True,605.0,CODED,1008.0,0.014121692543702267,18.501132481611013,0.796317071336133,0.37797611951828003,0.014499668663220546
Train2,fb63c34e-0c28-4a4d-b8f8-59932b5e7875,M4_O_FRAME_GUARD,0.5,9.0,Z,False,True,1.0,ZERO,0.0,0.014265616134018307,18.45709466360519,0.7872462612111572,0.3715718686580658,0.014637188002676372
Train2,fb63c34e-0c28-4a4d-b8f8-59932b5e7875,M4_O_FRAME_GUARD,0.5,10.0,Z,False,True,1.0,ZERO,0.0,0.015027104231448502,18.231247012140393,0.7822240124577718,0.3817782402038574,0.01540888247165236
Train2,fb63c34e-0c28-4a4d-b8f8-59932b5e7875,M4_O_FRAME_GUARD,0.5,11.0,O2,True,True,533.0,CODED,835.0,0.013895347599128914,18.571305846552015,0.78850494215219,0.37326160073280334,0.014268609199861717
Train2,fb63c34e-0c28-4a4d-b8f8-59932b5e7875,M4_O_FRAME_GUARD,0.5,12.0,O2,True,True,581.0,CODED,956.0,0.014363991167948186,18.427248705824827,0.78998466425371,0.38419637084007263,0.014748187538788258
Train2,fb63c34e-0c28-4a4d-b8f8-59932b5e7875,M4_O_FRAME_GUARD,0.5,13.0,O2,True,True,535.0,CODED,840.0,0.013962581045404661,18.55034293019047,0.7882485897781731,0.373783141374588,0.014336364186779249
Train2,fb63c34e-0c28-4a4d-b8f8-59932b5e7875,M4_O_FRAME_GUARD,0.5,14.0,O2,True,True,579.0,CODED,943.0,0.014504712329790235,18.384908800859705,0.7831078846192255,0.3843490183353424,0.014889061348125577
Train2,fb63c34e-0c28-4a4d-b8f8-59932b5e7875,M4_O_FRAME_GUARD,0.5,15.0,O2,True,True,548.0,CODED,853.0,0.014405801229068134,18.414625819037983,0.7792095802816433,0.3797347843647003,0.014785536013432833
Train2,c227e33d-910e-4e39-a325-0fe1d1116436,M2_E_FRAME_GUARD,0,1.0,Z,False,True,1.0,ZERO,0.0,0.0011981765550642131,29.214791825806202,0.8948575140545686,0.18397662043571472,0.0013821531754999279
Train2,c227e33d-910e-4e39-a325-0fe1d1116436,M2_E_FRAME_GUARD,0,2.0,Z,False,True,1.0,ZERO,0.0,0.001137977009034439,29.438665120625117,0.8986678670935632,0.1743094027042389,0.001312286411738678
Train2,c227e33d-910e-4e39-a325-0fe1d1116436,M2_E_FRAME_GUARD,0,3.0,Z,False,True,1.0,ZERO,0.0,0.001099376608926279,29.588535076125233,0.9014633007044565,0.16605448722839355,0.0012654310961546726
Train2,c227e33d-910e-4e39-a325-0fe1d1116436,M2_E_FRAME_GUARD,0,4.0,Z,False,True,1.0,ZERO,0.0,0.0011113091463598812,29.541651112823363,0.9011842544782888,0.17556104063987732,0.0012868701869997586
Train2,c227e33d-910e-4e39-a325-0fe1d1116436,M2_E_FRAME_GUARD,0,5.0,Z,False,True,1.0,ZERO,0.0,0.0010615184620582547,29.740724481298248,0.9048725419205983,0.17001351714134216,0.001231531979199597
Train2,c227e33d-910e-4e39-a325-0fe1d1116436,M2_E_FRAME_GUARD,0,6.0,Z,False,True,1.0,ZERO,0.0,0.001069421890334127,29.70850930433903,0.9040085013693004,0.17246824502944946,0.0012418901353635765
Train2,c227e33d-910e-4e39-a325-0fe1d1116436,M2_E_FRAME_GUARD,0,7.0,Z,False,True,1.0,ZERO,0.0,0.0010274781091751117,29.882274221679307,0.9072283073650452,0.16594964265823364,0.0011934277518333453
Train2,c227e33d-910e-4e39-a325-0fe1d1116436,M2_E_FRAME_GUARD,0,8.0,Z,False,True,1.0,ZERO,0.0,0.0010898709980745817,29.62624904022592,0.9031067629130028,0.17986352741718292,0.0012697345254917647
Train2,c227e33d-910e-4e39-a325-0fe1d1116436,M2_E_FRAME_GUARD,0,9.0,Z,False,True,1.0,ZERO,0.0,0.0010336529313837845,29.85625259392232,0.9069215461005676,0.16979053616523743,0.0012034434675490219
Train2,c227e33d-910e-4e39-a325-0fe1d1116436,M2_E_FRAME_GUARD,0,10.0,Z,False,True,1.0,ZERO,0.0,0.001096658736635857,29.59928497177962,0.9024184808725065,0.18107970058918,0.001277738437225037
Train2,c227e33d-910e-4e39-a325-0fe1d1116436,M2_E_FRAME_GUARD,0,11.0,Z,False,True,1.0,ZERO,0.0,0.0011069748941855788,29.558622286608504,0.9015772774345429,0.17961841821670532,0.001286593312402284
Train2,c227e33d-910e-4e39-a325-0fe1d1116436,M2_E_FRAME_GUARD,0,12.0,Z,False,True,1.0,ZERO,0.0,0.0011115127748623948,29.540855414936793,0.9011635556575097,0.17763149738311768,0.0012891442722455125
Train2,c227e33d-910e-4e39-a325-0fe1d1116436,M2_E_FRAME_GUARD,0,13.0,Z,False,True,1.0,ZERO,0.0,0.0010894171621400434,29.62805787348173,0.9027434647283251,0.17320823669433594,0.0012626253988343794
Train2,c227e33d-910e-4e39-a325-0fe1d1116436,M2_E_FRAME_GUARD,0,14.0,Z,False,True,1.0,ZERO,0.0,0.0011525642750855995,29.3833484594991,0.8984899828003817,0.18254341185092926,0.0013351076869365288
Train2,c227e33d-910e-4e39-a325-0fe1d1116436,M2_E_FRAME_GUARD,0,15.0,Z,False,True,1.0,ZERO,0.0,0.0011734090432676113,29.30550569071717,0.8976753691216395,0.18136849999427795,0.0013547775432618892
Train2,c227e33d-910e-4e39-a325-0fe1d1116436,M2_E_FRAME_GUARD,0.1,1.0,E,True,True,587.0,CODED,1135.0,0.0009733951096497841,30.11710839988391,0.909165304313513,0.13985545933246613,0.0011132505689822503
Train2,c227e33d-910e-4e39-a325-0fe1d1116436,M2_E_FRAME_GUARD,0.1,2.0,E,True,True,594.0,CODED,1149.0,0.000972615668911294,30.120587381948432,0.9107959024931257,0.1306927502155304,0.0011033084191268243
Train2,c227e33d-910e-4e39-a325-0fe1d1116436,M2_E_FRAME_GUARD,0.1,3.0,Z,False,True,1.0,ZERO,0.0,0.001099376608926279,29.588535076125233,0.9014633007044565,0.16605448722839355,0.0012654310961546726
Train2,c227e33d-910e-4e39-a325-0fe1d1116436,M2_E_FRAME_GUARD,0.1,4.0,Z,False,True,1.0,ZERO,0.0,0.0011113091463598812,29.541651112823363,0.9011842544782888,0.17556104063987732,0.0012868701869997586
Train2,c227e33d-910e-4e39-a325-0fe1d1116436,M2_E_FRAME_GUARD,0.1,5.0,Z,False,True,1.0,ZERO,0.0,0.0010615184620582547,29.740724481298248,0.9048725419205983,0.17001351714134216,0.001231531979199597
Train2,c227e33d-910e-4e39-a325-0fe1d1116436,M2_E_FRAME_GUARD,0.1,6.0,Z,False,True,1.0,ZERO,0.0,0.001069421890334127,29.70850930433903,0.9040085013693004,0.17246824502944946,0.0012418901353635765
Train2,c227e33d-910e-4e39-a325-0fe1d1116436,M2_E_FRAME_GUARD,0.1,7.0,Z,False,True,1.0,ZERO,0.0,0.0010274781091751117,29.882274221679307,0.9072283073650452,0.16594964265823364,0.0011934277518333453
Train2,c227e33d-910e-4e39-a325-0fe1d1116436,M2_E_FRAME_GUARD,0.1,8.0,Z,False,True,1.0,ZERO,0.0,0.0010898709980745817,29.62624904022592,0.9031067629130028,0.17986352741718292,0.0012697345254917647
Train2,c227e33d-910e-4e39-a325-0fe1d1116436,M2_E_FRAME_GUARD,0.1,9.0,Z,False,True,1.0,ZERO,0.0,0.0010336529313837845,29.85625259392232,0.9069215461005676,0.16979053616523743,0.0012034434675490219
Train2,c227e33d-910e-4e39-a325-0fe1d1116436,M2_E_FRAME_GUARD,0.1,10.0,Z,False,True,1.0,ZERO,0.0,0.001096658736635857,29.59928497177962,0.9024184808725065,0.18107970058918,0.001277738437225037
Train2,c227e33d-910e-4e39-a325-0fe1d1116436,M2_E_FRAME_GUARD,0.1,11.0,Z,False,True,1.0,ZERO,0.0,0.0011069748941855788,29.558622286608504,0.9015772774345429,0.17961841821670532,0.001286593312402284
Train2,c227e33d-910e-4e39-a325-0fe1d1116436,M2_E_FRAME_GUARD,0.1,12.0,Z,False,True,1.0,ZERO,0.0,0.0011115127748623948,29.540855414936793,0.9011635556575097,0.17763149738311768,0.0012891442722455125
Train2,c227e33d-910e-4e39-a325-0fe1d1116436,M2_E_FRAME_GUARD,0.1,13.0,Z,False,True,1.0,ZERO,0.0,0.0010894171621400434,29.62805787348173,0.9027434647283251,0.17320823669433594,0.0012626253988343794
Train2,c227e33d-910e-4e39-a325-0fe1d1116436,M2_E_FRAME_GUARD,0.1,14.0,Z,False,True,1.0,ZERO,0.0,0.0011525642750855995,29.3833484594991,0.8984899828003817,0.18254341185092926,0.0013351076869365288
Train2,c227e33d-910e-4e39-a325-0fe1d1116436,M2_E_FRAME_GUARD,0.1,15.0,Z,False,True,1.0,ZERO,0.0,0.0011734090432676113,29.30550569071717,0.8976753691216395,0.18136849999427795,0.0013547775432618892
Train2,c227e33d-910e-4e39-a325-0fe1d1116436,M2_E_FRAME_GUARD,0.25,1.0,E,True,True,587.0,CODED,1135.0,0.0009733951096497841,30.11710839988391,0.909165304313513,0.13985545933246613,0.0011132505689822503
Train2,c227e33d-910e-4e39-a325-0fe1d1116436,M2_E_FRAME_GUARD,0.25,2.0,E,True,True,594.0,CODED,1149.0,0.000972615668911294,30.120587381948432,0.9107959024931257,0.1306927502155304,0.0011033084191268243
Train2,c227e33d-910e-4e39-a325-0fe1d1116436,M2_E_FRAME_GUARD,0.25,3.0,Z,False,True,1.0,ZERO,0.0,0.001099376608926279,29.588535076125233,0.9014633007044565,0.16605448722839355,0.0012654310961546726
Train2,c227e33d-910e-4e39-a325-0fe1d1116436,M2_E_FRAME_GUARD,0.25,4.0,Z,False,True,1.0,ZERO,0.0,0.0011113091463598812,29.541651112823363,0.9011842544782888,0.17556104063987732,0.0012868701869997586
Train2,c227e33d-910e-4e39-a325-0fe1d1116436,M2_E_FRAME_GUARD,0.25,5.0,Z,False,True,1.0,ZERO,0.0,0.0010615184620582547,29.740724481298248,0.9048725419205983,0.17001351714134216,0.001231531979199597
Train2,c227e33d-910e-4e39-a325-0fe1d1116436,M2_E_FRAME_GUARD,0.25,6.0,Z,False,True,1.0,ZERO,0.0,0.001069421890334127,29.70850930433903,0.9040085013693004,0.17246824502944946,0.0012418901353635765
Train2,c227e33d-910e-4e39-a325-0fe1d1116436,M2_E_FRAME_GUARD,0.25,7.0,Z,False,True,1.0,ZERO,0.0,0.0010274781091751117,29.882274221679307,0.9072283073650452,0.16594964265823364,0.0011934277518333453
Train2,c227e33d-910e-4e39-a325-0fe1d1116436,M2_E_FRAME_GUARD,0.25,8.0,E,True,True,587.0,CODED,1147.0,0.0009415819571263865,30.261418721649665,0.914440346028731,0.13624198734760284,0.0010778239444739894
Train2,c227e33d-910e-4e39-a325-0fe1d1116436,M2_E_FRAME_GUARD,0.25,9.0,Z,False,True,1.0,ZERO,0.0,0.0010336529313837845,29.85625259392232,0.9069215461005676,0.16979053616523743,0.0012034434675490219
Train2,c227e33d-910e-4e39-a325-0fe1d1116436,M2_E_FRAME_GUARD,0.25,10.0,Z,False,True,1.0,ZERO,0.0,0.001096658736635857,29.59928497177962,0.9024184808725065,0.18107970058918,0.001277738437225037
Train2,c227e33d-910e-4e39-a325-0fe1d1116436,M2_E_FRAME_GUARD,0.25,11.0,Z,False,True,1.0,ZERO,0.0,0.0011069748941855788,29.558622286608504,0.9015772774345429,0.17961841821670532,0.001286593312402284
Train2,c227e33d-910e-4e39-a325-0fe1d1116436,M2_E_FRAME_GUARD,0.25,12.0,Z,False,True,1.0,ZERO,0.0,0.0011115127748623948,29.540855414936793,0.9011635556575097,0.17763149738311768,0.0012891442722455125
Train2,c227e33d-910e-4e39-a325-0fe1d1116436,M2_E_FRAME_GUARD,0.25,13.0,Z,False,True,1.0,ZERO,0.0,0.0010894171621400434,29.62805787348173,0.9027434647283251,0.17320823669433594,0.0012626253988343794
Train2,c227e33d-910e-4e39-a325-0fe1d1116436,M2_E_FRAME_GUARD,0.25,14.0,E,True,True,614.0,CODED,1226.0,0.0009869963879313545,30.05684436696474,0.9102540275713599,0.13990531861782074,0.0011269017065491753
Train2,c227e33d-910e-4e39-a325-0fe1d1116436,M2_E_FRAME_GUARD,0.25,15.0,E,True,True,626.0,CODED,1252.0,0.0009852868670371547,30.064373059155464,0.9104351081051226,0.13761596381664276,0.0011229028308537975
Train2,c227e33d-910e-4e39-a325-0fe1d1116436,M2_E_FRAME_GUARD,0.5,1.0,E,True,True,587.0,CODED,1135.0,0.0009733951096497841,30.11710839988391,0.909165304313513,0.13985545933246613,0.0011132505689822503
Train2,c227e33d-910e-4e39-a325-0fe1d1116436,M2_E_FRAME_GUARD,0.5,2.0,E,True,True,594.0,CODED,1149.0,0.000972615668911294,30.120587381948432,0.9107959024931257,0.1306927502155304,0.0011033084191268243
Train2,c227e33d-910e-4e39-a325-0fe1d1116436,M2_E_FRAME_GUARD,0.5,3.0,Z,False,True,1.0,ZERO,0.0,0.001099376608926279,29.588535076125233,0.9014633007044565,0.16605448722839355,0.0012654310961546726
Train2,c227e33d-910e-4e39-a325-0fe1d1116436,M2_E_FRAME_GUARD,0.5,4.0,E,True,True,573.0,CODED,1092.0,0.000977698633967899,30.09794991607275,0.9121427717895899,0.1330481320619583,0.0011107467660298573
Train2,c227e33d-910e-4e39-a325-0fe1d1116436,M2_E_FRAME_GUARD,0.5,5.0,Z,False,True,1.0,ZERO,0.0,0.0010615184620582547,29.740724481298248,0.9048725419205983,0.17001351714134216,0.001231531979199597
Train2,c227e33d-910e-4e39-a325-0fe1d1116436,M2_E_FRAME_GUARD,0.5,6.0,Z,False,True,1.0,ZERO,0.0,0.001069421890334127,29.70850930433903,0.9040085013693004,0.17246824502944946,0.0012418901353635765
Train2,c227e33d-910e-4e39-a325-0fe1d1116436,M2_E_FRAME_GUARD,0.5,7.0,Z,False,True,1.0,ZERO,0.0,0.0010274781091751117,29.882274221679307,0.9072283073650452,0.16594964265823364,0.0011934277518333453
Train2,c227e33d-910e-4e39-a325-0fe1d1116436,M2_E_FRAME_GUARD,0.5,8.0,E,True,True,587.0,CODED,1147.0,0.0009415819571263865,30.261418721649665,0.914440346028731,0.13624198734760284,0.0010778239444739894
Train2,c227e33d-910e-4e39-a325-0fe1d1116436,M2_E_FRAME_GUARD,0.5,9.0,Z,False,True,1.0,ZERO,0.0,0.0010336529313837845,29.85625259392232,0.9069215461005676,0.16979053616523743,0.0012034434675490219
Train2,c227e33d-910e-4e39-a325-0fe1d1116436,M2_E_FRAME_GUARD,0.5,10.0,E,True,True,595.0,CODED,1161.0,0.000964171906711202,30.158455268024515,0.9130346595107275,0.13864338397979736,0.0011028152906909993
Train2,c227e33d-910e-4e39-a325-0fe1d1116436,M2_E_FRAME_GUARD,0.5,11.0,E,True,True,604.0,CODED,1202.0,0.0009785955170015172,30.093967780978087,0.9117388728983475,0.13718435168266296,0.00111577986868418
Train2,c227e33d-910e-4e39-a325-0fe1d1116436,M2_E_FRAME_GUARD,0.5,12.0,E,True,True,609.0,CODED,1221.0,0.0009719422229440447,30.123595509197862,0.9116246453064231,0.13598820567131042,0.001107930428615355
Train2,c227e33d-910e-4e39-a325-0fe1d1116436,M2_E_FRAME_GUARD,0.5,13.0,E,True,True,623.0,CODED,1254.0,0.0009481474717307866,30.231241086768126,0.912953934465848,0.1335875540971756,0.001081735025827962
Train2,c227e33d-910e-4e39-a325-0fe1d1116436,M2_E_FRAME_GUARD,0.5,14.0,E,True,True,614.0,CODED,1226.0,0.0009869963879313545,30.05684436696474,0.9102540275713599,0.13990531861782074,0.0011269017065491753
Train2,c227e33d-910e-4e39-a325-0fe1d1116436,M2_E_FRAME_GUARD,0.5,15.0,E,True,True,626.0,CODED,1252.0,0.0009852868670371547,30.064373059155464,0.9104351081051226,0.13761596381664276,0.0011229028308537975
Train2,c227e33d-910e-4e39-a325-0fe1d1116436,M4_O_FRAME_GUARD,0,1.0,Z,False,True,1.0,ZERO,0.0,0.0011981765550642131,29.214791825806202,0.8948575140545686,0.18397662043571472,0.0013821531754999279
Train2,c227e33d-910e-4e39-a325-0fe1d1116436,M4_O_FRAME_GUARD,0,2.0,Z,False,True,1.0,ZERO,0.0,0.001137977009034439,29.438665120625117,0.8986678670935632,0.1743094027042389,0.001312286411738678
Train2,c227e33d-910e-4e39-a325-0fe1d1116436,M4_O_FRAME_GUARD,0,3.0,Z,False,True,1.0,ZERO,0.0,0.001099376608926279,29.588535076125233,0.9014633007044565,0.16605448722839355,0.0012654310961546726
Train2,c227e33d-910e-4e39-a325-0fe1d1116436,M4_O_FRAME_GUARD,0,4.0,Z,False,True,1.0,ZERO,0.0,0.0011113091463598812,29.541651112823363,0.9011842544782888,0.17556104063987732,0.0012868701869997586
Train2,c227e33d-910e-4e39-a325-0fe1d1116436,M4_O_FRAME_GUARD,0,5.0,Z,False,True,1.0,ZERO,0.0,0.0010615184620582547,29.740724481298248,0.9048725419205983,0.17001351714134216,0.001231531979199597
Train2,c227e33d-910e-4e39-a325-0fe1d1116436,M4_O_FRAME_GUARD,0,6.0,Z,False,True,1.0,ZERO,0.0,0.001069421890334127,29.70850930433903,0.9040085013693004,0.17246824502944946,0.0012418901353635765
Train2,c227e33d-910e-4e39-a325-0fe1d1116436,M4_O_FRAME_GUARD,0,7.0,Z,False,True,1.0,ZERO,0.0,0.0010274781091751117,29.882274221679307,0.9072283073650452,0.16594964265823364,0.0011934277518333453
Train2,c227e33d-910e-4e39-a325-0fe1d1116436,M4_O_FRAME_GUARD,0,8.0,Z,False,True,1.0,ZERO,0.0,0.0010898709980745817,29.62624904022592,0.9031067629130028,0.17986352741718292,0.0012697345254917647
Train2,c227e33d-910e-4e39-a325-0fe1d1116436,M4_O_FRAME_GUARD,0,9.0,Z,False,True,1.0,ZERO,0.0,0.0010336529313837845,29.85625259392232,0.9069215461005676,0.16979053616523743,0.0012034434675490219
Train2,c227e33d-910e-4e39-a325-0fe1d1116436,M4_O_FRAME_GUARD,0,10.0,Z,False,True,1.0,ZERO,0.0,0.001096658736635857,29.59928497177962,0.9024184808725065,0.18107970058918,0.001277738437225037
Train2,c227e33d-910e-4e39-a325-0fe1d1116436,M4_O_FRAME_GUARD,0,11.0,Z,False,True,1.0,ZERO,0.0,0.0011069748941855788,29.558622286608504,0.9015772774345429,0.17961841821670532,0.001286593312402284
Train2,c227e33d-910e-4e39-a325-0fe1d1116436,M4_O_FRAME_GUARD,0,12.0,Z,False,True,1.0,ZERO,0.0,0.0011115127748623948,29.540855414936793,0.9011635556575097,0.17763149738311768,0.0012891442722455125
Train2,c227e33d-910e-4e39-a325-0fe1d1116436,M4_O_FRAME_GUARD,0,13.0,Z,False,True,1.0,ZERO,0.0,0.0010894171621400434,29.62805787348173,0.9027434647283251,0.17320823669433594,0.0012626253988343794
Train2,c227e33d-910e-4e39-a325-0fe1d1116436,M4_O_FRAME_GUARD,0,14.0,Z,False,True,1.0,ZERO,0.0,0.0011525642750855995,29.3833484594991,0.8984899828003817,0.18254341185092926,0.0013351076869365288
Train2,c227e33d-910e-4e39-a325-0fe1d1116436,M4_O_FRAME_GUARD,0,15.0,Z,False,True,1.0,ZERO,0.0,0.0011734090432676113,29.30550569071717,0.8976753691216395,0.18136849999427795,0.0013547775432618892
Train2,c227e33d-910e-4e39-a325-0fe1d1116436,M4_O_FRAME_GUARD,0.1,1.0,O1,True,True,510.0,CODED,871.0,0.0009853947930532848,30.063897369202536,0.9064296644605977,0.14663134515285492,0.0011320261382061398
Train2,c227e33d-910e-4e39-a325-0fe1d1116436,M4_O_FRAME_GUARD,0.1,2.0,Z,False,True,1.0,ZERO,0.0,0.001137977009034439,29.438665120625117,0.8986678670935632,0.1743094027042389,0.001312286411738678
Train2,c227e33d-910e-4e39-a325-0fe1d1116436,M4_O_FRAME_GUARD,0.1,3.0,Z,False,True,1.0,ZERO,0.0,0.001099376608926279,29.588535076125233,0.9014633007044565,0.16605448722839355,0.0012654310961546726
Train2,c227e33d-910e-4e39-a325-0fe1d1116436,M4_O_FRAME_GUARD,0.1,4.0,Z,False,True,1.0,ZERO,0.0,0.0011113091463598812,29.541651112823363,0.9011842544782888,0.17556104063987732,0.0012868701869997586
Train2,c227e33d-910e-4e39-a325-0fe1d1116436,M4_O_FRAME_GUARD,0.1,5.0,Z,False,True,1.0,ZERO,0.0,0.0010615184620582547,29.740724481298248,0.9048725419205983,0.17001351714134216,0.001231531979199597
Train2,c227e33d-910e-4e39-a325-0fe1d1116436,M4_O_FRAME_GUARD,0.1,6.0,Z,False,True,1.0,ZERO,0.0,0.001069421890334127,29.70850930433903,0.9040085013693004,0.17246824502944946,0.0012418901353635765
Train2,c227e33d-910e-4e39-a325-0fe1d1116436,M4_O_FRAME_GUARD,0.1,7.0,Z,False,True,1.0,ZERO,0.0,0.0010274781091751117,29.882274221679307,0.9072283073650452,0.16594964265823364,0.0011934277518333453
Train2,c227e33d-910e-4e39-a325-0fe1d1116436,M4_O_FRAME_GUARD,0.1,8.0,Z,False,True,1.0,ZERO,0.0,0.0010898709980745817,29.62624904022592,0.9031067629130028,0.17986352741718292,0.0012697345254917647
Train2,c227e33d-910e-4e39-a325-0fe1d1116436,M4_O_FRAME_GUARD,0.1,9.0,Z,False,True,1.0,ZERO,0.0,0.0010336529313837845,29.85625259392232,0.9069215461005676,0.16979053616523743,0.0012034434675490219
Train2,c227e33d-910e-4e39-a325-0fe1d1116436,M4_O_FRAME_GUARD,0.1,10.0,Z,False,True,1.0,ZERO,0.0,0.001096658736635857,29.59928497177962,0.9024184808725065,0.18107970058918,0.001277738437225037
Train2,c227e33d-910e-4e39-a325-0fe1d1116436,M4_O_FRAME_GUARD,0.1,11.0,Z,False,True,1.0,ZERO,0.0,0.0011069748941855788,29.558622286608504,0.9015772774345429,0.17961841821670532,0.001286593312402284
Train2,c227e33d-910e-4e39-a325-0fe1d1116436,M4_O_FRAME_GUARD,0.1,12.0,Z,False,True,1.0,ZERO,0.0,0.0011115127748623948,29.540855414936793,0.9011635556575097,0.17763149738311768,0.0012891442722455125
Train2,c227e33d-910e-4e39-a325-0fe1d1116436,M4_O_FRAME_GUARD,0.1,13.0,Z,False,True,1.0,ZERO,0.0,0.0010894171621400434,29.62805787348173,0.9027434647283251,0.17320823669433594,0.0012626253988343794
Train2,c227e33d-910e-4e39-a325-0fe1d1116436,M4_O_FRAME_GUARD,0.1,14.0,Z,False,True,1.0,ZERO,0.0,0.0011525642750855995,29.3833484594991,0.8984899828003817,0.18254341185092926,0.0013351076869365288
Train2,c227e33d-910e-4e39-a325-0fe1d1116436,M4_O_FRAME_GUARD,0.1,15.0,E,True,True,626.0,CODED,1252.0,0.0009852868670371547,30.064373059155464,0.9104351081051226,0.13761596381664276,0.0011229028308537975
Train2,c227e33d-910e-4e39-a325-0fe1d1116436,M4_O_FRAME_GUARD,0.25,1.0,E,True,True,587.0,CODED,1135.0,0.0009733951096497841,30.11710839988391,0.909165304313513,0.13985545933246613,0.0011132505689822503
Train2,c227e33d-910e-4e39-a325-0fe1d1116436,M4_O_FRAME_GUARD,0.25,2.0,O1,True,True,478.0,CODED,762.0,0.0009680300363872601,30.141111670357546,0.9087103455928109,0.1387494057416916,0.0011067794421289517
Train2,c227e33d-910e-4e39-a325-0fe1d1116436,M4_O_FRAME_GUARD,0.25,3.0,Z,False,True,1.0,ZERO,0.0,0.001099376608926279,29.588535076125233,0.9014633007044565,0.16605448722839355,0.0012654310961546726
Train2,c227e33d-910e-4e39-a325-0fe1d1116436,M4_O_FRAME_GUARD,0.25,4.0,O1,True,True,480.0,CODED,778.0,0.0009701791591297245,30.13148058891746,0.9108079014417246,0.1391262412071228,0.0011093054003368473
Train2,c227e33d-910e-4e39-a325-0fe1d1116436,M4_O_FRAME_GUARD,0.25,5.0,Z,False,True,1.0,ZERO,0.0,0.0010615184620582547,29.740724481298248,0.9048725419205983,0.17001351714134216,0.001231531979199597
Train2,c227e33d-910e-4e39-a325-0fe1d1116436,M4_O_FRAME_GUARD,0.25,6.0,Z,False,True,1.0,ZERO,0.0,0.001069421890334127,29.70850930433903,0.9040085013693004,0.17246824502944946,0.0012418901353635765
Train2,c227e33d-910e-4e39-a325-0fe1d1116436,M4_O_FRAME_GUARD,0.25,7.0,Z,False,True,1.0,ZERO,0.0,0.0010274781091751117,29.882274221679307,0.9072283073650452,0.16594964265823364,0.0011934277518333453
Train2,c227e33d-910e-4e39-a325-0fe1d1116436,M4_O_FRAME_GUARD,0.25,8.0,O1,True,True,475.0,CODED,759.0,0.0009470616541223593,30.236217473182236,0.9122560024921359,0.14448992908000946,0.0010915515832023688
Train2,c227e33d-910e-4e39-a325-0fe1d1116436,M4_O_FRAME_GUARD,0.25,9.0,Z,False,True,1.0,ZERO,0.0,0.0010336529313837845,29.85625259392232,0.9069215461005676,0.16979053616523743,0.0012034434675490219
Train2,c227e33d-910e-4e39-a325-0fe1d1116436,M4_O_FRAME_GUARD,0.25,10.0,Z,False,True,1.0,ZERO,0.0,0.001096658736635857,29.59928497177962,0.9024184808725065,0.18107970058918,0.001277738437225037
Train2,c227e33d-910e-4e39-a325-0fe1d1116436,M4_O_FRAME_GUARD,0.25,11.0,Z,False,True,1.0,ZERO,0.0,0.0011069748941855788,29.558622286608504,0.9015772774345429,0.17961841821670532,0.001286593312402284
Train2,c227e33d-910e-4e39-a325-0fe1d1116436,M4_O_FRAME_GUARD,0.25,12.0,Z,False,True,1.0,ZERO,0.0,0.0011115127748623948,29.540855414936793,0.9011635556575097,0.17763149738311768,0.0012891442722455125
Train2,c227e33d-910e-4e39-a325-0fe1d1116436,M4_O_FRAME_GUARD,0.25,13.0,Z,False,True,1.0,ZERO,0.0,0.0010894171621400434,29.62805787348173,0.9027434647283251,0.17320823669433594,0.0012626253988343794
Train2,c227e33d-910e-4e39-a325-0fe1d1116436,M4_O_FRAME_GUARD,0.25,14.0,O1,True,True,485.0,CODED,780.0,0.0009912214804478601,30.038292950713668,0.9080398485128368,0.14978143572807312,0.0011410029161759332
Train2,c227e33d-910e-4e39-a325-0fe1d1116436,M4_O_FRAME_GUARD,0.25,15.0,E,True,True,626.0,CODED,1252.0,0.0009852868670371547,30.064373059155464,0.9104351081051226,0.13761596381664276,0.0011229028308537975
Train2,c227e33d-910e-4e39-a325-0fe1d1116436,M4_O_FRAME_GUARD,0.5,1.0,E,True,True,587.0,CODED,1135.0,0.0009733951096497841,30.11710839988391,0.909165304313513,0.13985545933246613,0.0011132505689822503
Train2,c227e33d-910e-4e39-a325-0fe1d1116436,M4_O_FRAME_GUARD,0.5,2.0,O1,True,True,478.0,CODED,762.0,0.0009680300363872601,30.141111670357546,0.9087103455928109,0.1387494057416916,0.0011067794421289517
Train2,c227e33d-910e-4e39-a325-0fe1d1116436,M4_O_FRAME_GUARD,0.5,3.0,Z,False,True,1.0,ZERO,0.0,0.001099376608926279,29.588535076125233,0.9014633007044565,0.16605448722839355,0.0012654310961546726
Train2,c227e33d-910e-4e39-a325-0fe1d1116436,M4_O_FRAME_GUARD,0.5,4.0,O1,True,True,480.0,CODED,778.0,0.0009701791591297245,30.13148058891746,0.9108079014417246,0.1391262412071228,0.0011093054003368473
Train2,c227e33d-910e-4e39-a325-0fe1d1116436,M4_O_FRAME_GUARD,0.5,5.0,Z,False,True,1.0,ZERO,0.0,0.0010615184620582547,29.740724481298248,0.9048725419205983,0.17001351714134216,0.001231531979199597
Train2,c227e33d-910e-4e39-a325-0fe1d1116436,M4_O_FRAME_GUARD,0.5,6.0,E,True,True,576.0,CODED,1093.0,0.0009413182264570212,30.262635321192878,0.9144282929241555,0.13081669807434082,0.001072134924531362
Train2,c227e33d-910e-4e39-a325-0fe1d1116436,M4_O_FRAME_GUARD,0.5,7.0,E,True,True,595.0,CODED,1163.0,0.0008984563777928459,30.46503004079501,0.9172809354690404,0.12754380702972412,0.00102600018482257
Train2,c227e33d-910e-4e39-a325-0fe1d1116436,M4_O_FRAME_GUARD,0.5,8.0,O1,True,True,475.0,CODED,759.0,0.0009470616541223593,30.236217473182236,0.9122560024921359,0.14448992908000946,0.0010915515832023688
Train2,c227e33d-910e-4e39-a325-0fe1d1116436,M4_O_FRAME_GUARD,0.5,9.0,Z,False,True,1.0,ZERO,0.0,0.0010336529313837845,29.85625259392232,0.9069215461005676,0.16979053616523743,0.0012034434675490219
Train2,c227e33d-910e-4e39-a325-0fe1d1116436,M4_O_FRAME_GUARD,0.5,10.0,E,True,True,595.0,CODED,1161.0,0.000964171906711202,30.158455268024515,0.9130346595107275,0.13864338397979736,0.0011028152906909993
Train2,c227e33d-910e-4e39-a325-0fe1d1116436,M4_O_FRAME_GUARD,0.5,11.0,E,True,True,604.0,CODED,1202.0,0.0009785955170015172,30.093967780978087,0.9117388728983475,0.13718435168266296,0.00111577986868418
Train2,c227e33d-910e-4e39-a325-0fe1d1116436,M4_O_FRAME_GUARD,0.5,12.0,O1,True,True,441.0,CODED,639.0,0.0009797563625648198,30.08881907520368,0.9095478942460479,0.14707940816879272,0.0011268357707336124
Train2,c227e33d-910e-4e39-a325-0fe1d1116436,M4_O_FRAME_GUARD,0.5,13.0,E,True,True,623.0,CODED,1254.0,0.0009481474717307866,30.231241086768126,0.912953934465848,0.1335875540971756,0.001081735025827962
Train2,c227e33d-910e-4e39-a325-0fe1d1116436,M4_O_FRAME_GUARD,0.5,14.0,O1,True,True,485.0,CODED,780.0,0.0009912214804478601,30.038292950713668,0.9080398485128368,0.14978143572807312,0.0011410029161759332
Train2,c227e33d-910e-4e39-a325-0fe1d1116436,M4_O_FRAME_GUARD,0.5,15.0,O1,True,True,475.0,CODED,731.0,0.0010107124422591527,29.95372387934092,0.907066917387113,0.14978979527950287,0.0011605022375386555
