cohort,method,video,residual_analysis_seconds,actual_entropy_encode_seconds,note,receiver_entropy_decode_seconds,receiver_base_decode_seconds,receiver_synthesis_seconds,receiver_peak_allocated_bytes,optimization_time_excluded_from_this_table
Train2_full,train2_full_CODED_l0,c227e33d-910e-4e39-a325-0fe1d1116436,0.032158344984054565,0.13575437664985657,base latent and r_star caches used; optimization time is recorded separately and must be added for uncached encoding,0.19711873680353165,3.2923114597797394,1.6145931482315063,1159090688,separately recorded in sender_optimization_timing and historic teacher checks; must not claim realtime from these timings
Train2_full,train2_full_CODED_l0,fb63c34e-0c28-4a4d-b8f8-59932b5e7875,0.038924574851989746,0.19312843680381775,base latent and r_star caches used; optimization time is recorded separately and must be added for uncached encoding,0.24555671960115433,3.672955684363842,1.7004352435469627,1159090688,separately recorded in sender_optimization_timing and historic teacher checks; must not claim realtime from these timings
Train2_full,train2_full_CODED_l1,c227e33d-910e-4e39-a325-0fe1d1116436,0.030556321144104004,0.11227232217788696,base latent and r_star caches used; optimization time is recorded separately and must be added for uncached encoding,0.15578638017177582,3.20920193195343,1.6209316030144691,1159090688,separately recorded in sender_optimization_timing and historic teacher checks; must not claim realtime from these timings
Train2_full,train2_full_CODED_l1,fb63c34e-0c28-4a4d-b8f8-59932b5e7875,0.030878238379955292,0.16534177958965302,base latent and r_star caches used; optimization time is recorded separately and must be added for uncached encoding,0.20649849623441696,3.5491678416728973,1.6337483152747154,1159090688,separately recorded in sender_optimization_timing and historic teacher checks; must not claim realtime from these timings
Train2_full,train2_full_CODED_l2,c227e33d-910e-4e39-a325-0fe1d1116436,0.029181890189647675,0.08679591864347458,base latent and r_star caches used; optimization time is recorded separately and must be added for uncached encoding,0.12839700281620026,3.141856774687767,1.5667729005217552,1159090688,separately recorded in sender_optimization_timing and historic teacher checks; must not claim realtime from these timings
Train2_full,train2_full_CODED_l2,fb63c34e-0c28-4a4d-b8f8-59932b5e7875,0.031130068004131317,0.1451432853937149,base latent and r_star caches used; optimization time is recorded separately and must be added for uncached encoding,0.17297092825174332,3.2877167761325836,1.6402928158640862,1159090688,separately recorded in sender_optimization_timing and historic teacher checks; must not claim realtime from these timings
Train2_full,train2_full_CODED_l3,c227e33d-910e-4e39-a325-0fe1d1116436,0.03239298611879349,0.07251288741827011,base latent and r_star caches used; optimization time is recorded separately and must be added for uncached encoding,0.09124044328927994,3.2568577975034714,1.6821867153048515,1159090688,separately recorded in sender_optimization_timing and historic teacher checks; must not claim realtime from these timings
Train2_full,train2_full_CODED_l3,fb63c34e-0c28-4a4d-b8f8-59932b5e7875,0.033982694149017334,0.1273178830742836,base latent and r_star caches used; optimization time is recorded separately and must be added for uncached encoding,0.14363815635442734,3.159642294049263,1.5780599564313889,1159090688,separately recorded in sender_optimization_timing and historic teacher checks; must not claim realtime from these timings
Train2_full,train2_full_DIRECT_l0,c227e33d-910e-4e39-a325-0fe1d1116436,0.024347849190235138,4.673090644180775,base latent and r_star caches used; optimization time is recorded separately and must be added for uncached encoding,6.443733274936676,3.6961729675531387,1.6864281222224236,1158509056,separately recorded in sender_optimization_timing and historic teacher checks; must not claim realtime from these timings
Train2_full,train2_full_DIRECT_l0,fb63c34e-0c28-4a4d-b8f8-59932b5e7875,0.025332756340503693,5.284069895744324,base latent and r_star caches used; optimization time is recorded separately and must be added for uncached encoding,6.979406230151653,3.6330807730555534,1.689086601138115,1158509056,separately recorded in sender_optimization_timing and historic teacher checks; must not claim realtime from these timings
Train2_full,train2_full_DIRECT_l1,c227e33d-910e-4e39-a325-0fe1d1116436,0.02338489145040512,3.751213453710079,base latent and r_star caches used; optimization time is recorded separately and must be added for uncached encoding,5.1014613807201385,3.4393377229571342,1.5591963231563568,1158509056,separately recorded in sender_optimization_timing and historic teacher checks; must not claim realtime from these timings
Train2_full,train2_full_DIRECT_l1,fb63c34e-0c28-4a4d-b8f8-59932b5e7875,0.02722804993391037,4.367158427834511,base latent and r_star caches used; optimization time is recorded separately and must be added for uncached encoding,6.300719127058983,3.723161093890667,1.6623804718255997,1158509056,separately recorded in sender_optimization_timing and historic teacher checks; must not claim realtime from these timings
Train2_full,train2_full_DIRECT_l2,c227e33d-910e-4e39-a325-0fe1d1116436,0.02481050044298172,2.821834996342659,base latent and r_star caches used; optimization time is recorded separately and must be added for uncached encoding,4.086403265595436,3.4317439272999763,1.6280636340379715,1158509056,separately recorded in sender_optimization_timing and historic teacher checks; must not claim realtime from these timings
Train2_full,train2_full_DIRECT_l2,fb63c34e-0c28-4a4d-b8f8-59932b5e7875,0.024884171783924103,3.3479082360863686,base latent and r_star caches used; optimization time is recorded separately and must be added for uncached encoding,4.701435759663582,3.3251807168126106,1.6367539837956429,1158509056,separately recorded in sender_optimization_timing and historic teacher checks; must not claim realtime from these timings
Train2_full,train2_full_DIRECT_l3,c227e33d-910e-4e39-a325-0fe1d1116436,0.02401789277791977,2.020177960395813,base latent and r_star caches used; optimization time is recorded separately and must be added for uncached encoding,3.1535918414592743,3.4399662986397743,1.615284189581871,1158509056,separately recorded in sender_optimization_timing and historic teacher checks; must not claim realtime from these timings
Train2_full,train2_full_DIRECT_l3,fb63c34e-0c28-4a4d-b8f8-59932b5e7875,0.030201397836208344,2.5817204266786575,base latent and r_star caches used; optimization time is recorded separately and must be added for uncached encoding,3.9805812388658524,3.550230383872986,1.668326124548912,1158509056,separately recorded in sender_optimization_timing and historic teacher checks; must not claim realtime from these timings
Train2_full,train2_full_DIRECT_l4,c227e33d-910e-4e39-a325-0fe1d1116436,0.02358735352754593,1.0902507826685905,base latent and r_star caches used; optimization time is recorded separately and must be added for uncached encoding,2.009504348039627,3.5854807645082474,1.6801764890551567,1158509056,separately recorded in sender_optimization_timing and historic teacher checks; must not claim realtime from these timings
Train2_full,train2_full_DIRECT_l4,fb63c34e-0c28-4a4d-b8f8-59932b5e7875,0.03186436742544174,1.310354195535183,base latent and r_star caches used; optimization time is recorded separately and must be added for uncached encoding,2.340438447892666,3.279722221195698,1.6469162702560425,1158509056,separately recorded in sender_optimization_timing and historic teacher checks; must not claim realtime from these timings
Train2_full,train2_full_DIRECT_l5,c227e33d-910e-4e39-a325-0fe1d1116436,0.024534404277801514,0.07127296924591064,base latent and r_star caches used; optimization time is recorded separately and must be added for uncached encoding,0.14818044751882553,3.3003543838858604,2.7441859617829323,1183576576,separately recorded in sender_optimization_timing and historic teacher checks; must not claim realtime from these timings
Train2_full,train2_full_DIRECT_l5,fb63c34e-0c28-4a4d-b8f8-59932b5e7875,0.025906838476657867,0.44676727056503296,base latent and r_star caches used; optimization time is recorded separately and must be added for uncached encoding,0.8521036058664322,3.3339983001351357,2.292147681117058,1183576576,separately recorded in sender_optimization_timing and historic teacher checks; must not claim realtime from these timings
Train6_adaptation_sparse,train6_Badapt_l0,c227e33d-910e-4e39-a325-0fe1d1116436,0.020791418850421906,0.04279056936502457,base latent and r_star caches used; optimization time is recorded separately and must be added for uncached encoding,0.05552080273628235,3.113122060894966,2.587452344596386,1184158208,separately recorded in sender_optimization_timing and historic teacher checks; must not claim realtime from these timings
Train6_adaptation_sparse,train6_Badapt_l0,fb63c34e-0c28-4a4d-b8f8-59932b5e7875,0.0210983008146286,0.057137757539749146,base latent and r_star caches used; optimization time is recorded separately and must be added for uncached encoding,0.06629336625337601,3.293165646493435,2.6126763373613358,1184158208,separately recorded in sender_optimization_timing and historic teacher checks; must not claim realtime from these timings
Train6_adaptation_sparse,train6_Badapt_l1,c227e33d-910e-4e39-a325-0fe1d1116436,0.023839078843593597,0.03697344660758972,base latent and r_star caches used; optimization time is recorded separately and must be added for uncached encoding,0.04707668721675873,3.1448985785245895,2.567976415157318,1184158208,separately recorded in sender_optimization_timing and historic teacher checks; must not claim realtime from these timings
Train6_adaptation_sparse,train6_Badapt_l1,fb63c34e-0c28-4a4d-b8f8-59932b5e7875,0.024122953414916992,0.05216529965400696,base latent and r_star caches used; optimization time is recorded separately and must be added for uncached encoding,0.0687626525759697,3.1071476116776466,2.58740621060133,1184158208,separately recorded in sender_optimization_timing and historic teacher checks; must not claim realtime from these timings
Train6_adaptation_sparse,train6_Badapt_l2,c227e33d-910e-4e39-a325-0fe1d1116436,0.023718684911727905,0.031625896692276,base latent and r_star caches used; optimization time is recorded separately and must be added for uncached encoding,0.0392766073346138,3.335293859243393,2.580188564956188,1184158208,separately recorded in sender_optimization_timing and historic teacher checks; must not claim realtime from these timings
Train6_adaptation_sparse,train6_Badapt_l2,fb63c34e-0c28-4a4d-b8f8-59932b5e7875,0.02383926510810852,0.04792991280555725,base latent and r_star caches used; optimization time is recorded separately and must be added for uncached encoding,0.05945960432291031,3.065599486231804,2.560221180319786,1184158208,separately recorded in sender_optimization_timing and historic teacher checks; must not claim realtime from these timings
Train6_adaptation_sparse,train6_Badapt_l3,c227e33d-910e-4e39-a325-0fe1d1116436,0.025202684104442596,0.022894226014614105,base latent and r_star caches used; optimization time is recorded separately and must be added for uncached encoding,0.030030973255634308,3.079658307135105,2.5705653205513954,1184158208,separately recorded in sender_optimization_timing and historic teacher checks; must not claim realtime from these timings
Train6_adaptation_sparse,train6_Badapt_l3,fb63c34e-0c28-4a4d-b8f8-59932b5e7875,0.025298260152339935,0.034314729273319244,base latent and r_star caches used; optimization time is recorded separately and must be added for uncached encoding,0.04138720780611038,3.1798308342695236,2.5469844192266464,1184158208,separately recorded in sender_optimization_timing and historic teacher checks; must not claim realtime from these timings
Train6_sparse,train6_CODED_l0,c227e33d-910e-4e39-a325-0fe1d1116436,0.023977793753147125,0.030311986804008484,base latent and r_star caches used; optimization time is recorded separately and must be added for uncached encoding,0.04078406095504761,3.028108634054661,2.5588347241282463,1184158208,separately recorded in sender_optimization_timing and historic teacher checks; must not claim realtime from these timings
Train6_sparse,train6_CODED_l0,fb63c34e-0c28-4a4d-b8f8-59932b5e7875,0.024343445897102356,0.04309748113155365,base latent and r_star caches used; optimization time is recorded separately and must be added for uncached encoding,0.048780232667922974,3.071123167872429,2.5634183511137962,1184158208,separately recorded in sender_optimization_timing and historic teacher checks; must not claim realtime from these timings
Train6_sparse,train6_CODED_l1,c227e33d-910e-4e39-a325-0fe1d1116436,0.024603217840194702,0.02533235400915146,base latent and r_star caches used; optimization time is recorded separately and must be added for uncached encoding,0.0359991192817688,3.1856052353978157,2.5828084126114845,1184158208,separately recorded in sender_optimization_timing and historic teacher checks; must not claim realtime from these timings
Train6_sparse,train6_CODED_l1,fb63c34e-0c28-4a4d-b8f8-59932b5e7875,0.024965673685073853,0.03601783514022827,base latent and r_star caches used; optimization time is recorded separately and must be added for uncached encoding,0.04388381540775299,3.0834072083234787,2.558654047548771,1184158208,separately recorded in sender_optimization_timing and historic teacher checks; must not claim realtime from these timings
Train6_sparse,train6_CODED_l2,c227e33d-910e-4e39-a325-0fe1d1116436,0.02523745596408844,0.020078785717487335,base latent and r_star caches used; optimization time is recorded separately and must be added for uncached encoding,0.027788355946540833,3.1071954742074013,2.552653193473816,1184158208,separately recorded in sender_optimization_timing and historic teacher checks; must not claim realtime from these timings
Train6_sparse,train6_CODED_l2,fb63c34e-0c28-4a4d-b8f8-59932b5e7875,0.02468790113925934,0.030341528356075287,base latent and r_star caches used; optimization time is recorded separately and must be added for uncached encoding,0.04006920009851456,3.1923541873693466,2.5853707641363144,1184158208,separately recorded in sender_optimization_timing and historic teacher checks; must not claim realtime from these timings
Train6_sparse,train6_CODED_l3,c227e33d-910e-4e39-a325-0fe1d1116436,0.02414286881685257,0.01556764543056488,base latent and r_star caches used; optimization time is recorded separately and must be added for uncached encoding,0.028730131685733795,3.2305702716112137,2.5405099987983704,1184158208,separately recorded in sender_optimization_timing and historic teacher checks; must not claim realtime from these timings
Train6_sparse,train6_CODED_l3,fb63c34e-0c28-4a4d-b8f8-59932b5e7875,0.024442806839942932,0.02543344348669052,base latent and r_star caches used; optimization time is recorded separately and must be added for uncached encoding,0.03404463082551956,3.0073894187808037,2.5608965009450912,1184158208,separately recorded in sender_optimization_timing and historic teacher checks; must not claim realtime from these timings
Train6_sparse,train6_DIRECT_l0,c227e33d-910e-4e39-a325-0fe1d1116436,0.022465825080871582,0.9472470059990883,base latent and r_star caches used; optimization time is recorded separately and must be added for uncached encoding,1.2440057173371315,3.399782568216324,2.568153366446495,1183576576,separately recorded in sender_optimization_timing and historic teacher checks; must not claim realtime from these timings
Train6_sparse,train6_DIRECT_l0,fb63c34e-0c28-4a4d-b8f8-59932b5e7875,0.04800618439912796,1.0510839223861694,base latent and r_star caches used; optimization time is recorded separately and must be added for uncached encoding,1.3887093365192413,3.245555818080902,2.586056336760521,1183576576,separately recorded in sender_optimization_timing and historic teacher checks; must not claim realtime from these timings
Train6_sparse,train6_DIRECT_l1,c227e33d-910e-4e39-a325-0fe1d1116436,0.017046354711055756,0.7517824843525887,base latent and r_star caches used; optimization time is recorded separately and must be added for uncached encoding,1.0800876542925835,3.147598944604397,2.541657231748104,1183576576,separately recorded in sender_optimization_timing and historic teacher checks; must not claim realtime from these timings
Train6_sparse,train6_DIRECT_l1,fb63c34e-0c28-4a4d-b8f8-59932b5e7875,0.030437812209129333,0.8748131021857262,base latent and r_star caches used; optimization time is recorded separately and must be added for uncached encoding,1.1641516610980034,3.1279412880539894,2.5185764357447624,1183576576,separately recorded in sender_optimization_timing and historic teacher checks; must not claim realtime from these timings
Train6_sparse,train6_DIRECT_l2,c227e33d-910e-4e39-a325-0fe1d1116436,0.01718650758266449,0.5698857456445694,base latent and r_star caches used; optimization time is recorded separately and must be added for uncached encoding,0.8490830138325691,3.2904669865965843,2.569595769047737,1183576576,separately recorded in sender_optimization_timing and historic teacher checks; must not claim realtime from these timings
Train6_sparse,train6_DIRECT_l2,fb63c34e-0c28-4a4d-b8f8-59932b5e7875,0.0171680748462677,0.6689435094594955,base latent and r_star caches used; optimization time is recorded separately and must be added for uncached encoding,0.9407485350966454,3.0892665535211563,2.5631841644644737,1183576576,separately recorded in sender_optimization_timing and historic teacher checks; must not claim realtime from these timings
Train6_sparse,train6_DIRECT_l3,c227e33d-910e-4e39-a325-0fe1d1116436,0.01649893820285797,0.41110237687826157,base latent and r_star caches used; optimization time is recorded separately and must be added for uncached encoding,0.7130956575274467,3.1266512349247932,2.5250070691108704,1183576576,separately recorded in sender_optimization_timing and historic teacher checks; must not claim realtime from these timings
Train6_sparse,train6_DIRECT_l3,fb63c34e-0c28-4a4d-b8f8-59932b5e7875,0.016491517424583435,0.5138672366738319,base latent and r_star caches used; optimization time is recorded separately and must be added for uncached encoding,0.8198866918683052,3.1673417687416077,2.542398065328598,1183576576,separately recorded in sender_optimization_timing and historic teacher checks; must not claim realtime from these timings
Train6_sparse,train6_DIRECT_l4,c227e33d-910e-4e39-a325-0fe1d1116436,0.01950940489768982,0.2312682643532753,base latent and r_star caches used; optimization time is recorded separately and must be added for uncached encoding,0.416567899286747,3.044822759926319,2.5195668935775757,1183576576,separately recorded in sender_optimization_timing and historic teacher checks; must not claim realtime from these timings
Train6_sparse,train6_DIRECT_l4,fb63c34e-0c28-4a4d-b8f8-59932b5e7875,0.02059197425842285,0.2784319147467613,base latent and r_star caches used; optimization time is recorded separately and must be added for uncached encoding,0.4509241133928299,3.238214947283268,2.5485492646694183,1183576576,separately recorded in sender_optimization_timing and historic teacher checks; must not claim realtime from these timings
Train6_sparse,train6_DIRECT_l5,c227e33d-910e-4e39-a325-0fe1d1116436,0.01798279583454132,0.005150742828845978,base latent and r_star caches used; optimization time is recorded separately and must be added for uncached encoding,0.0026153624057769775,3.167986772954464,2.79136673361063,1183576576,separately recorded in sender_optimization_timing and historic teacher checks; must not claim realtime from these timings
Train6_sparse,train6_DIRECT_l5,fb63c34e-0c28-4a4d-b8f8-59932b5e7875,0.02089894562959671,0.08064179867506027,base latent and r_star caches used; optimization time is recorded separately and must be added for uncached encoding,0.13263940066099167,3.0154566913843155,2.6908275485038757,1183576576,separately recorded in sender_optimization_timing and historic teacher checks; must not claim realtime from these timings
Val6,val6_CODED_l0,026aa77c-d036-41b7-a998-83c1911fe2bf,0.034080199897289276,0.15389826148748398,base latent and r_star caches used; optimization time is recorded separately and must be added for uncached encoding,0.18563960492610931,3.2475544214248657,1.6434161961078644,1159090688,separately recorded in sender_optimization_timing and historic teacher checks; must not claim realtime from these timings
Val6,val6_CODED_l0,2996c286-14c5-4157-95ba-f2a73fae0187,0.03242248296737671,0.17356354743242264,base latent and r_star caches used; optimization time is recorded separately and must be added for uncached encoding,0.21975576132535934,3.1640639677643776,1.6433010175824165,1159090688,separately recorded in sender_optimization_timing and historic teacher checks; must not claim realtime from these timings
Val6,val6_CODED_l0,30884276-8cb2-485e-b0ca-a22605c1801f,0.03409931808710098,0.1663895770907402,base latent and r_star caches used; optimization time is recorded separately and must be added for uncached encoding,0.19183999300003052,3.553360231220722,1.6593998596072197,1159090688,separately recorded in sender_optimization_timing and historic teacher checks; must not claim realtime from these timings
Val6,val6_CODED_l0,46da3cc3-6beb-425c-a870-c8d7bae89311,0.03225245326757431,0.1552722081542015,base latent and r_star caches used; optimization time is recorded separately and must be added for uncached encoding,0.19514435529708862,2.998871795833111,1.5739868506789207,1159090688,separately recorded in sender_optimization_timing and historic teacher checks; must not claim realtime from these timings
Val6,val6_CODED_l0,66d34721-a96d-4a92-9042-0847e057f3ba,0.032347142696380615,0.14488327503204346,base latent and r_star caches used; optimization time is recorded separately and must be added for uncached encoding,0.18650522828102112,3.218355432152748,1.606295995414257,1159090688,separately recorded in sender_optimization_timing and historic teacher checks; must not claim realtime from these timings
Val6,val6_CODED_l0,b3d4cebf-21ab-41e1-b79a-729d35794681,0.03290568292140961,0.14403926581144333,base latent and r_star caches used; optimization time is recorded separately and must be added for uncached encoding,0.18669959157705307,3.50715758651495,1.6696840673685074,1159090688,separately recorded in sender_optimization_timing and historic teacher checks; must not claim realtime from these timings
Val6,val6_CODED_l1,026aa77c-d036-41b7-a998-83c1911fe2bf,0.033362939953804016,0.11615286767482758,base latent and r_star caches used; optimization time is recorded separately and must be added for uncached encoding,0.15914286673069,3.3864802196621895,1.6499671563506126,1159090688,separately recorded in sender_optimization_timing and historic teacher checks; must not claim realtime from these timings
Val6,val6_CODED_l1,2996c286-14c5-4157-95ba-f2a73fae0187,0.036705464124679565,0.17728837579488754,base latent and r_star caches used; optimization time is recorded separately and must be added for uncached encoding,0.18987830728292465,3.186347149312496,1.5421988666057587,1159090688,separately recorded in sender_optimization_timing and historic teacher checks; must not claim realtime from these timings
Val6,val6_CODED_l1,30884276-8cb2-485e-b0ca-a22605c1801f,0.03138674050569534,0.13216069340705872,base latent and r_star caches used; optimization time is recorded separately and must be added for uncached encoding,0.17853716015815735,3.5411617755889893,1.644557699561119,1159090688,separately recorded in sender_optimization_timing and historic teacher checks; must not claim realtime from these timings
Val6,val6_CODED_l1,46da3cc3-6beb-425c-a870-c8d7bae89311,0.03238286077976227,0.13073527067899704,base latent and r_star caches used; optimization time is recorded separately and must be added for uncached encoding,0.1886771023273468,3.0898267179727554,1.6070538386702538,1159090688,separately recorded in sender_optimization_timing and historic teacher checks; must not claim realtime from these timings
Val6,val6_CODED_l1,66d34721-a96d-4a92-9042-0847e057f3ba,0.032050542533397675,0.11734918504953384,base latent and r_star caches used; optimization time is recorded separately and must be added for uncached encoding,0.16255556046962738,3.4502389281988144,1.6628142297267914,1159090688,separately recorded in sender_optimization_timing and historic teacher checks; must not claim realtime from these timings
Val6,val6_CODED_l1,b3d4cebf-21ab-41e1-b79a-729d35794681,0.03203395754098892,0.12183257192373276,base latent and r_star caches used; optimization time is recorded separately and must be added for uncached encoding,0.17299465090036392,3.4831283539533615,1.660231925547123,1159090688,separately recorded in sender_optimization_timing and historic teacher checks; must not claim realtime from these timings
Val6,val6_CODED_l2,026aa77c-d036-41b7-a998-83c1911fe2bf,0.033017732203006744,0.10106395930051804,base latent and r_star caches used; optimization time is recorded separately and must be added for uncached encoding,0.13009722530841827,3.2413368448615074,1.5364497750997543,1159090688,separately recorded in sender_optimization_timing and historic teacher checks; must not claim realtime from these timings
Val6,val6_CODED_l2,2996c286-14c5-4157-95ba-f2a73fae0187,0.031634971499443054,0.13110332190990448,base latent and r_star caches used; optimization time is recorded separately and must be added for uncached encoding,0.16293295472860336,3.209520012140274,1.596941702067852,1159090688,separately recorded in sender_optimization_timing and historic teacher checks; must not claim realtime from these timings
Val6,val6_CODED_l2,30884276-8cb2-485e-b0ca-a22605c1801f,0.03178656846284866,0.10856278240680695,base latent and r_star caches used; optimization time is recorded separately and must be added for uncached encoding,0.13600387424230576,3.017382577061653,1.519648738205433,1159090688,separately recorded in sender_optimization_timing and historic teacher checks; must not claim realtime from these timings
Val6,val6_CODED_l2,46da3cc3-6beb-425c-a870-c8d7bae89311,0.033262960612773895,0.11205670237541199,base latent and r_star caches used; optimization time is recorded separately and must be added for uncached encoding,0.1477249190211296,3.298529013991356,1.5487092584371567,1159090688,separately recorded in sender_optimization_timing and historic teacher checks; must not claim realtime from these timings
Val6,val6_CODED_l2,66d34721-a96d-4a92-9042-0847e057f3ba,0.03312651067972183,0.10571659356355667,base latent and r_star caches used; optimization time is recorded separately and must be added for uncached encoding,0.12309478968381882,3.3764570876955986,1.6831344068050385,1159090688,separately recorded in sender_optimization_timing and historic teacher checks; must not claim realtime from these timings
Val6,val6_CODED_l2,b3d4cebf-21ab-41e1-b79a-729d35794681,0.03295355290174484,0.10492309182882309,base latent and r_star caches used; optimization time is recorded separately and must be added for uncached encoding,0.1316031962633133,3.257559560239315,1.6203911155462265,1159090688,separately recorded in sender_optimization_timing and historic teacher checks; must not claim realtime from these timings
Val6,val6_CODED_l3,026aa77c-d036-41b7-a998-83c1911fe2bf,0.03919576108455658,0.06964938342571259,base latent and r_star caches used; optimization time is recorded separately and must be added for uncached encoding,0.10079241544008255,3.1325980201363564,1.5751769170165062,1159090688,separately recorded in sender_optimization_timing and historic teacher checks; must not claim realtime from these timings
Val6,val6_CODED_l3,2996c286-14c5-4157-95ba-f2a73fae0187,0.036994099617004395,0.09460661560297012,base latent and r_star caches used; optimization time is recorded separately and must be added for uncached encoding,0.13599056750535965,3.2972085773944855,1.5708602741360664,1159090688,separately recorded in sender_optimization_timing and historic teacher checks; must not claim realtime from these timings
Val6,val6_CODED_l3,30884276-8cb2-485e-b0ca-a22605c1801f,0.03471808135509491,0.07752534002065659,base latent and r_star caches used; optimization time is recorded separately and must be added for uncached encoding,0.13149259239435196,3.199136719107628,1.58018047362566,1159090688,separately recorded in sender_optimization_timing and historic teacher checks; must not claim realtime from these timings
Val6,val6_CODED_l3,46da3cc3-6beb-425c-a870-c8d7bae89311,0.032589495182037354,0.07916808873414993,base latent and r_star caches used; optimization time is recorded separately and must be added for uncached encoding,0.1111350953578949,3.525139056146145,1.6719036251306534,1159090688,separately recorded in sender_optimization_timing and historic teacher checks; must not claim realtime from these timings
Val6,val6_CODED_l3,66d34721-a96d-4a92-9042-0847e057f3ba,0.03158998489379883,0.0662594735622406,base latent and r_star caches used; optimization time is recorded separately and must be added for uncached encoding,0.09789405763149261,3.1081275790929794,1.5401366502046585,1159090688,separately recorded in sender_optimization_timing and historic teacher checks; must not claim realtime from these timings
Val6,val6_CODED_l3,b3d4cebf-21ab-41e1-b79a-729d35794681,0.03231367468833923,0.06954894214868546,base latent and r_star caches used; optimization time is recorded separately and must be added for uncached encoding,0.10039707273244858,3.0262198075652122,1.6441888436675072,1159090688,separately recorded in sender_optimization_timing and historic teacher checks; must not claim realtime from these timings
Val6,val6_DIRECT_l0,026aa77c-d036-41b7-a998-83c1911fe2bf,0.025087915360927582,4.712116219103336,base latent and r_star caches used; optimization time is recorded separately and must be added for uncached encoding,6.175451040267944,3.3339538648724556,1.6050841435790062,1158509056,separately recorded in sender_optimization_timing and historic teacher checks; must not claim realtime from these timings
Val6,val6_DIRECT_l0,2996c286-14c5-4157-95ba-f2a73fae0187,0.02805543690919876,5.319286048412323,base latent and r_star caches used; optimization time is recorded separately and must be added for uncached encoding,6.635716766119003,3.472528502345085,1.6760880574584007,1158509056,separately recorded in sender_optimization_timing and historic teacher checks; must not claim realtime from these timings
Val6,val6_DIRECT_l0,30884276-8cb2-485e-b0ca-a22605c1801f,0.025559306144714355,4.847402185201645,base latent and r_star caches used; optimization time is recorded separately and must be added for uncached encoding,6.638813078403473,3.6465607061982155,1.6654855757951736,1158509056,separately recorded in sender_optimization_timing and historic teacher checks; must not claim realtime from these timings
Val6,val6_DIRECT_l0,46da3cc3-6beb-425c-a870-c8d7bae89311,0.025258876383304596,4.934897571802139,base latent and r_star caches used; optimization time is recorded separately and must be added for uncached encoding,6.583984985947609,3.6783719584345818,1.6253919079899788,1158509056,separately recorded in sender_optimization_timing and historic teacher checks; must not claim realtime from these timings
Val6,val6_DIRECT_l0,66d34721-a96d-4a92-9042-0847e057f3ba,0.02520342916250229,4.654174953699112,base latent and r_star caches used; optimization time is recorded separately and must be added for uncached encoding,6.521621234714985,3.2642797380685806,1.630709208548069,1158509056,separately recorded in sender_optimization_timing and historic teacher checks; must not claim realtime from these timings
Val6,val6_DIRECT_l0,b3d4cebf-21ab-41e1-b79a-729d35794681,0.025407008826732635,4.725998155772686,base latent and r_star caches used; optimization time is recorded separately and must be added for uncached encoding,6.383856475353241,3.2457820251584053,1.5481746643781662,1158509056,separately recorded in sender_optimization_timing and historic teacher checks; must not claim realtime from these timings
Val6,val6_DIRECT_l1,026aa77c-d036-41b7-a998-83c1911fe2bf,0.02578338235616684,3.8136885091662407,base latent and r_star caches used; optimization time is recorded separately and must be added for uncached encoding,5.064632564783096,3.431915119290352,1.6444819942116737,1158509056,separately recorded in sender_optimization_timing and historic teacher checks; must not claim realtime from these timings
Val6,val6_DIRECT_l1,2996c286-14c5-4157-95ba-f2a73fae0187,0.025771930813789368,4.286729998886585,base latent and r_star caches used; optimization time is recorded separately and must be added for uncached encoding,5.617223009467125,3.5599799528717995,1.6608330309391022,1158509056,separately recorded in sender_optimization_timing and historic teacher checks; must not claim realtime from these timings
Val6,val6_DIRECT_l1,30884276-8cb2-485e-b0ca-a22605c1801f,0.025148361921310425,3.948962591588497,base latent and r_star caches used; optimization time is recorded separately and must be added for uncached encoding,5.396037302911282,3.1005728021264076,1.5924657136201859,1158509056,separately recorded in sender_optimization_timing and historic teacher checks; must not claim realtime from these timings
Val6,val6_DIRECT_l1,46da3cc3-6beb-425c-a870-c8d7bae89311,0.02572937309741974,3.9084684178233147,base latent and r_star caches used; optimization time is recorded separately and must be added for uncached encoding,5.361534558236599,3.5234215706586838,1.664455808699131,1158509056,separately recorded in sender_optimization_timing and historic teacher checks; must not claim realtime from these timings
Val6,val6_DIRECT_l1,66d34721-a96d-4a92-9042-0847e057f3ba,0.02537742257118225,3.703496493399143,base latent and r_star caches used; optimization time is recorded separately and must be added for uncached encoding,5.119403257966042,3.2766120210289955,1.6374692246317863,1158509056,separately recorded in sender_optimization_timing and historic teacher checks; must not claim realtime from these timings
Val6,val6_DIRECT_l1,b3d4cebf-21ab-41e1-b79a-729d35794681,0.025927826762199402,3.7207614183425903,base latent and r_star caches used; optimization time is recorded separately and must be added for uncached encoding,5.2076916843652725,3.2630056366324425,1.6141591966152191,1158509056,separately recorded in sender_optimization_timing and historic teacher checks; must not claim realtime from these timings
Val6,val6_DIRECT_l2,026aa77c-d036-41b7-a998-83c1911fe2bf,0.02507731318473816,2.8209921419620514,base latent and r_star caches used; optimization time is recorded separately and must be added for uncached encoding,4.134156182408333,3.0792330503463745,1.6076647266745567,1158509056,separately recorded in sender_optimization_timing and historic teacher checks; must not claim realtime from these timings
Val6,val6_DIRECT_l2,2996c286-14c5-4157-95ba-f2a73fae0187,0.024539820849895477,3.1929200664162636,base latent and r_star caches used; optimization time is recorded separately and must be added for uncached encoding,4.698432222008705,3.266944758594036,1.6263705492019653,1158509056,separately recorded in sender_optimization_timing and historic teacher checks; must not claim realtime from these timings
Val6,val6_DIRECT_l2,30884276-8cb2-485e-b0ca-a22605c1801f,0.024471759796142578,2.958151400089264,base latent and r_star caches used; optimization time is recorded separately and must be added for uncached encoding,4.285077139735222,3.468730539083481,1.6694727689027786,1158509056,separately recorded in sender_optimization_timing and historic teacher checks; must not claim realtime from these timings
Val6,val6_DIRECT_l2,46da3cc3-6beb-425c-a870-c8d7bae89311,0.025089681148529053,2.9263273626565933,base latent and r_star caches used; optimization time is recorded separately and must be added for uncached encoding,4.332202188670635,3.238536223769188,1.6333083361387253,1158509056,separately recorded in sender_optimization_timing and historic teacher checks; must not claim realtime from these timings
Val6,val6_DIRECT_l2,66d34721-a96d-4a92-9042-0847e057f3ba,0.02529224008321762,2.718901611864567,base latent and r_star caches used; optimization time is recorded separately and must be added for uncached encoding,4.027500785887241,3.3876920640468597,1.541383258998394,1158509056,separately recorded in sender_optimization_timing and historic teacher checks; must not claim realtime from these timings
Val6,val6_DIRECT_l2,b3d4cebf-21ab-41e1-b79a-729d35794681,0.02553752064704895,2.749007672071457,base latent and r_star caches used; optimization time is recorded separately and must be added for uncached encoding,4.199592389166355,3.223056599497795,1.54569710791111,1158509056,separately recorded in sender_optimization_timing and historic teacher checks; must not claim realtime from these timings
Val6,val6_DIRECT_l3,026aa77c-d036-41b7-a998-83c1911fe2bf,0.025862544775009155,1.9161600470542908,base latent and r_star caches used; optimization time is recorded separately and must be added for uncached encoding,3.142769679427147,3.208503805100918,1.638527050614357,1158509056,separately recorded in sender_optimization_timing and historic teacher checks; must not claim realtime from these timings
Val6,val6_DIRECT_l3,2996c286-14c5-4157-95ba-f2a73fae0187,0.024205252528190613,2.4513669162988663,base latent and r_star caches used; optimization time is recorded separately and must be added for uncached encoding,3.7267368733882904,3.0180866345763206,1.5281738638877869,1158509056,separately recorded in sender_optimization_timing and historic teacher checks; must not claim realtime from these timings
Val6,val6_DIRECT_l3,30884276-8cb2-485e-b0ca-a22605c1801f,0.023982681334018707,2.1304033398628235,base latent and r_star caches used; optimization time is recorded separately and must be added for uncached encoding,3.245889812707901,3.3983414471149445,1.6717146188020706,1158509056,separately recorded in sender_optimization_timing and historic teacher checks; must not claim realtime from these timings
Val6,val6_DIRECT_l3,46da3cc3-6beb-425c-a870-c8d7bae89311,0.02598961442708969,2.1810379177331924,base latent and r_star caches used; optimization time is recorded separately and must be added for uncached encoding,3.5797487422823906,3.1043383851647377,1.5604530423879623,1158509056,separately recorded in sender_optimization_timing and historic teacher checks; must not claim realtime from these timings
Val6,val6_DIRECT_l3,66d34721-a96d-4a92-9042-0847e057f3ba,0.02404756098985672,1.889444150030613,base latent and r_star caches used; optimization time is recorded separately and must be added for uncached encoding,3.1009526178240776,3.2437009066343307,1.6387348622083664,1158509056,separately recorded in sender_optimization_timing and historic teacher checks; must not claim realtime from these timings
Val6,val6_DIRECT_l3,b3d4cebf-21ab-41e1-b79a-729d35794681,0.024342335760593414,1.9087550565600395,base latent and r_star caches used; optimization time is recorded separately and must be added for uncached encoding,3.034641832113266,3.229618050158024,1.5237841606140137,1158509056,separately recorded in sender_optimization_timing and historic teacher checks; must not claim realtime from these timings
Val6,val6_DIRECT_l4,026aa77c-d036-41b7-a998-83c1911fe2bf,0.026210807263851166,1.089003562927246,base latent and r_star caches used; optimization time is recorded separately and must be added for uncached encoding,2.044460654258728,3.118652381002903,1.5311456769704819,1158509056,separately recorded in sender_optimization_timing and historic teacher checks; must not claim realtime from these timings
Val6,val6_DIRECT_l4,2996c286-14c5-4157-95ba-f2a73fae0187,0.02475082129240036,1.2589162215590477,base latent and r_star caches used; optimization time is recorded separately and must be added for uncached encoding,2.3359801843762398,3.303635284304619,1.680700644850731,1158509056,separately recorded in sender_optimization_timing and historic teacher checks; must not claim realtime from these timings
Val6,val6_DIRECT_l4,30884276-8cb2-485e-b0ca-a22605c1801f,0.024617105722427368,1.1543488875031471,base latent and r_star caches used; optimization time is recorded separately and must be added for uncached encoding,2.1536142602562904,3.2133636325597763,1.6391175910830498,1158509056,separately recorded in sender_optimization_timing and historic teacher checks; must not claim realtime from these timings
Val6,val6_DIRECT_l4,46da3cc3-6beb-425c-a870-c8d7bae89311,0.025097094476222992,1.1223948672413826,base latent and r_star caches used; optimization time is recorded separately and must be added for uncached encoding,2.1122211888432503,3.256777413189411,1.5484932959079742,1158509056,separately recorded in sender_optimization_timing and historic teacher checks; must not claim realtime from these timings
Val6,val6_DIRECT_l4,66d34721-a96d-4a92-9042-0847e057f3ba,0.024888522922992706,1.0905648320913315,base latent and r_star caches used; optimization time is recorded separately and must be added for uncached encoding,2.0885607302188873,3.2135970443487167,1.5912262722849846,1158509056,separately recorded in sender_optimization_timing and historic teacher checks; must not claim realtime from these timings
Val6,val6_DIRECT_l4,b3d4cebf-21ab-41e1-b79a-729d35794681,0.023913271725177765,1.0870643705129623,base latent and r_star caches used; optimization time is recorded separately and must be added for uncached encoding,2.144315704703331,3.3488666638731956,1.6166886538267136,1158509056,separately recorded in sender_optimization_timing and historic teacher checks; must not claim realtime from these timings
Val6,val6_DIRECT_l5,026aa77c-d036-41b7-a998-83c1911fe2bf,0.02528257668018341,0.3444219157099724,base latent and r_star caches used; optimization time is recorded separately and must be added for uncached encoding,0.6166145280003548,3.3219107016921043,2.5277517214417458,1183576576,separately recorded in sender_optimization_timing and historic teacher checks; must not claim realtime from these timings
Val6,val6_DIRECT_l5,2996c286-14c5-4157-95ba-f2a73fae0187,0.029603175818920135,0.6671993136405945,base latent and r_star caches used; optimization time is recorded separately and must be added for uncached encoding,1.2128289565443993,3.4117078483104706,2.119269013404846,1183576576,separately recorded in sender_optimization_timing and historic teacher checks; must not claim realtime from these timings
Val6,val6_DIRECT_l5,30884276-8cb2-485e-b0ca-a22605c1801f,0.02426794171333313,0.004187159240245819,base latent and r_star caches used; optimization time is recorded separately and must be added for uncached encoding,0.002874404191970825,3.3165449053049088,2.865984335541725,1183576576,separately recorded in sender_optimization_timing and historic teacher checks; must not claim realtime from these timings
Val6,val6_DIRECT_l5,46da3cc3-6beb-425c-a870-c8d7bae89311,0.021650955080986023,0.20207098126411438,base latent and r_star caches used; optimization time is recorded separately and must be added for uncached encoding,0.37523362040519714,3.552592694759369,2.7026154845952988,1183576576,separately recorded in sender_optimization_timing and historic teacher checks; must not claim realtime from these timings
Val6,val6_DIRECT_l5,66d34721-a96d-4a92-9042-0847e057f3ba,0.02152317762374878,0.003127187490463257,base latent and r_star caches used; optimization time is recorded separately and must be added for uncached encoding,0.0025602951645851135,3.2929376661777496,2.9011956974864006,1183576576,separately recorded in sender_optimization_timing and historic teacher checks; must not claim realtime from these timings
Val6,val6_DIRECT_l5,b3d4cebf-21ab-41e1-b79a-729d35794681,0.022772349417209625,0.004876479506492615,base latent and r_star caches used; optimization time is recorded separately and must be added for uncached encoding,0.0025021135807037354,3.0609937831759453,2.8298459127545357,1183576576,separately recorded in sender_optimization_timing and historic teacher checks; must not claim realtime from these timings
