dataset,video,video_id,kind,parameter,bytes,bits,bpp,kbps,total_pixel_SSE,aggregate_MSE,sequence_PSNR,mean_PSNR,SSIM,LPIPS,DISTS,bitstream_path,bitstream_sha256,decode_status,model_hash,actual_rate_ratio
fresh_ulong,fee5d9ad-e77d-44cd-b576-d588d7a0ce9d,0,blur,0.5,24452,195616,0.005896026234567901,366.78,712039.90625,0.007153821717564461,21.454618872290897,21.474501695799955,0.9548248313367367,0.2098804684355855,0.0755242295563221,/Huang_group/zyyz/Projects/GVC-RT/experiments/gvcrt_precompression_representation_oracle_v1/bitstreams/fresh_ulong_00_blur_0p5.bin,3e88a8367efb1c3378a3316b9590ddecf1b0fb728e98aba78440c8a762efa855,PASS,6a12615876ad76f0400bdc2391dd67db9de106f6061b66015db33ad7a2d87681,1.0052209660842755
fresh_ulong,fee5d9ad-e77d-44cd-b576-d588d7a0ce9d,0,blur,1.0,25073,200584,0.006045765817901234,376.095,600281.25,0.006030989281925155,22.196114433421627,22.242119708954387,0.9617628641426563,0.23860203847289085,0.08544952422380447,/Huang_group/zyyz/Projects/GVC-RT/experiments/gvcrt_precompression_representation_oracle_v1/bitstreams/fresh_ulong_00_blur_1p0.bin,5bf251be43c1c7922cf23ae1c91c2b0474e4d45cdfb78cafc1fa012d803f404a,PASS,6a12615876ad76f0400bdc2391dd67db9de106f6061b66015db33ad7a2d87681,1.0307502569373073
fresh_ulong,fee5d9ad-e77d-44cd-b576-d588d7a0ce9d,0,blur,1.5,26602,212816,0.006414448302469136,399.03,539585.09375,0.005421178684313111,22.65906277956026,22.739151538625197,0.9657697044312954,0.3042353540658951,0.11627767607569695,/Huang_group/zyyz/Projects/GVC-RT/experiments/gvcrt_precompression_representation_oracle_v1/bitstreams/fresh_ulong_00_blur_1p5.bin,8cc6fba3ea75f529ea7309bf751ff0e6323cbd1404e325351c9cd1aa94555168,PASS,6a12615876ad76f0400bdc2391dd67db9de106f6061b66015db33ad7a2d87681,1.0936073997944502
fresh_ulong,fee5d9ad-e77d-44cd-b576-d588d7a0ce9d,0,blur,2.0,27495,219960,0.006629774305555555,412.425,526877.49609375,0.005293506222006715,22.762565721127153,22.867815755735528,0.9667077474296093,0.3665805570781231,0.14837752655148506,/Huang_group/zyyz/Projects/GVC-RT/experiments/gvcrt_precompression_representation_oracle_v1/bitstreams/fresh_ulong_00_blur_2p0.bin,4ce224ccb2eed7678f52621643058e075de05fe57495d9ba5d22628fca1ec36a,PASS,6a12615876ad76f0400bdc2391dd67db9de106f6061b66015db33ad7a2d87681,1.1303186022610483
fresh_ulong,fee5d9ad-e77d-44cd-b576-d588d7a0ce9d,0,blur,3.0,28046,224368,0.006762635030864198,420.69,552878.337890625,0.005554735101299522,22.553366472158217,22.682902216843754,0.965247318148613,0.4460866451263428,0.20135818421840668,/Huang_group/zyyz/Projects/GVC-RT/experiments/gvcrt_precompression_representation_oracle_v1/bitstreams/fresh_ulong_00_blur_3p0.bin,1a5039fcc3ed74bedb41b72eb313493e95e245baeed162423aadd92159357513,PASS,6a12615876ad76f0400bdc2391dd67db9de106f6061b66015db33ad7a2d87681,1.1529701952723534
fresh_ulong,fee5d9ad-e77d-44cd-b576-d588d7a0ce9d,0,blur,4.0,27519,220152,0.006635561342592592,412.785,606074.97265625,0.0060891984617759175,22.154398710022107,22.291677844035128,0.9618254788219929,0.4991909936070442,0.24616147577762604,/Huang_group/zyyz/Projects/GVC-RT/experiments/gvcrt_precompression_representation_oracle_v1/bitstreams/fresh_ulong_00_blur_4p0.bin,ae7c9fa2e68037dab2777d35e3853a6077571dd85a7dd1b6af5c0ce517d7c046,PASS,6a12615876ad76f0400bdc2391dd67db9de106f6061b66015db33ad7a2d87681,1.131305241521069
fresh_ulong,fee5d9ad-e77d-44cd-b576-d588d7a0ce9d,0,blur,6.0,25848,206784,0.006232638888888889,387.72,743267.419921875,0.00746756265192856,21.268211250314724,21.40895930003766,0.952748030424118,0.5597709324210882,0.32253938913345337,/Huang_group/zyyz/Projects/GVC-RT/experiments/gvcrt_precompression_representation_oracle_v1/bitstreams/fresh_ulong_00_blur_6p0.bin,5dfb45d01193efbc2238cd007e4b115d4282c7b1c2cf7c7fd4c52ce694a6aae9,PASS,6a12615876ad76f0400bdc2391dd67db9de106f6061b66015db33ad7a2d87681,1.0626104830421377
fresh_ulong,fee5d9ad-e77d-44cd-b576-d588d7a0ce9d,0,blur,8.0,24234,193872,0.005843460648148148,363.51,882259.94921875,0.008864012156984933,20.523696569807342,20.672456843562262,0.9433270655572414,0.5947074797004461,0.37884098291397095,/Huang_group/zyyz/Projects/GVC-RT/experiments/gvcrt_precompression_representation_oracle_v1/bitstreams/fresh_ulong_00_blur_8p0.bin,aa2566897a7f3468c276207eceb508385342f4ae39e681eb9aad6f97aae34da5,PASS,6a12615876ad76f0400bdc2391dd67db9de106f6061b66015db33ad7a2d87681,0.9962589928057554
fresh_ulong,0834e99f-94bc-4568-a7c2-f7022dade8e1,1,blur,0.5,19156,153248,0.004619020061728395,287.05294705294705,129240.17529296875,0.001298468196343002,28.865686831712893,28.888163955337795,0.9791493974626064,0.1310597020201385,0.08198028057813644,/Huang_group/zyyz/Projects/GVC-RT/experiments/gvcrt_precompression_representation_oracle_v1/bitstreams/fresh_ulong_01_blur_0p5.bin,2023b925c7fde5c60f243393d7adfd3285362c0902db8b1bc9c735055b8849b1,PASS,6a12615876ad76f0400bdc2391dd67db9de106f6061b66015db33ad7a2d87681,0.9971889640812077
fresh_ulong,0834e99f-94bc-4568-a7c2-f7022dade8e1,1,blur,1.0,19412,155296,0.004680748456790123,290.8891108891109,121490.73486328125,0.0012206100387337766,29.13423062571498,29.16191675599348,0.9803528413176537,0.1456951703876257,0.09191088005900383,/Huang_group/zyyz/Projects/GVC-RT/experiments/gvcrt_precompression_representation_oracle_v1/bitstreams/fresh_ulong_01_blur_1p0.bin,c54a2beace88a9b682eed7c286c47d349f44f6137bd35c34c49701bf98953fa3,PASS,6a12615876ad76f0400bdc2391dd67db9de106f6061b66015db33ad7a2d87681,1.010515356585112
fresh_ulong,0834e99f-94bc-4568-a7c2-f7022dade8e1,1,blur,1.5,20095,160760,0.004845437885802469,301.12387612387613,115044.3818359375,0.00115584392115903,29.371008067076797,29.404031074740843,0.9812681972980499,0.17577880062162876,0.11426981911063194,/Huang_group/zyyz/Projects/GVC-RT/experiments/gvcrt_precompression_representation_oracle_v1/bitstreams/fresh_ulong_01_blur_1p5.bin,5606da3eadff41bc81881ffc71913458b0bd63154a5e980c846f92a0c6301a3b,PASS,6a12615876ad76f0400bdc2391dd67db9de106f6061b66015db33ad7a2d87681,1.0460697553357625
fresh_ulong,0834e99f-94bc-4568-a7c2-f7022dade8e1,1,blur,2.0,20436,163488,0.004927662037037037,306.23376623376623,115403.11328125,0.0011594480742152336,29.35748696432427,29.38795612454679,0.9811722785234451,0.2109175231307745,0.14723872393369675,/Huang_group/zyyz/Projects/GVC-RT/experiments/gvcrt_precompression_representation_oracle_v1/bitstreams/fresh_ulong_01_blur_2p0.bin,4bbf251f4b66c06e8410cee59877da92f20665909f6e5149d94730eb2cf3898b,PASS,6a12615876ad76f0400bdc2391dd67db9de106f6061b66015db33ad7a2d87681,1.0638209266007288
fresh_ulong,0834e99f-94bc-4568-a7c2-f7022dade8e1,1,blur,3.0,20588,164704,0.004964313271604938,308.5114885114885,122618.9931640625,0.0012319455813969114,29.09408475792544,29.119423364131244,0.9798499494791031,0.2610915591940284,0.1942991390824318,/Huang_group/zyyz/Projects/GVC-RT/experiments/gvcrt_precompression_representation_oracle_v1/bitstreams/fresh_ulong_01_blur_3p0.bin,dbed4eff727abf68b483638d9876b9021ec176a163ddaf4e91eb228ae0e7f154,PASS,6a12615876ad76f0400bdc2391dd67db9de106f6061b66015db33ad7a2d87681,1.0717334721499219
fresh_ulong,0834e99f-94bc-4568-a7c2-f7022dade8e1,1,blur,4.0,20128,161024,0.004853395061728395,301.6183816183816,138268.8564453125,0.0013891788078433693,28.572418505461915,28.587940746779683,0.9771345406770706,0.30316964071244,0.23986558243632317,/Huang_group/zyyz/Projects/GVC-RT/experiments/gvcrt_precompression_representation_oracle_v1/bitstreams/fresh_ulong_01_blur_4p0.bin,7ebcd3689810713daccd5c82eedf30c3bd1bffcb7b657c79d7519171974a2cd8,PASS,6a12615876ad76f0400bdc2391dd67db9de106f6061b66015db33ad7a2d87681,1.047787610619469
fresh_ulong,0834e99f-94bc-4568-a7c2-f7022dade8e1,1,blur,6.0,18942,151536,0.004567418981481481,283.8461538461538,186260.9208984375,0.0018713521663053536,27.278444757329613,27.299374164516376,0.9690099209547043,0.37634393852204084,0.32363099604845047,/Huang_group/zyyz/Projects/GVC-RT/experiments/gvcrt_precompression_representation_oracle_v1/bitstreams/fresh_ulong_01_blur_6p0.bin,1f7149d1fda0dd7b60ff349ad826c4a2d3e1a3f0d7ace2a2e1a3a81775e06521,PASS,6a12615876ad76f0400bdc2391dd67db9de106f6061b66015db33ad7a2d87681,0.9860489328474753
fresh_ulong,0834e99f-94bc-4568-a7c2-f7022dade8e1,1,blur,8.0,17858,142864,0.004306037808641975,267.6023976023976,240714.4140625,0.0024184431068200634,26.164641248083896,26.208094347375365,0.9598562121391296,0.43569637555629015,0.38965340703725815,/Huang_group/zyyz/Projects/GVC-RT/experiments/gvcrt_precompression_representation_oracle_v1/bitstreams/fresh_ulong_01_blur_8p0.bin,b0b699070abd31cc2040ce9535bec8c17e654359568a92bda83b80ce649e21c8,PASS,6a12615876ad76f0400bdc2391dd67db9de106f6061b66015db33ad7a2d87681,0.9296199895887558
fresh_ulong,98881c99-ebda-4469-bbe4-0ee789ff217d,10,blur,0.5,13012,104096,0.0031375385802469135,194.98501498501497,133679.75341796875,0.0013430723682843117,28.719005857677825,28.758974640462846,0.9738624468445778,0.07517718523740768,0.07261663302779198,/Huang_group/zyyz/Projects/GVC-RT/experiments/gvcrt_precompression_representation_oracle_v1/bitstreams/fresh_ulong_10_blur_0p5.bin,c6a7662119251682416d41404b723f1cf0d02452490b87d5bf522dbc38f19ee0,PASS,6a12615876ad76f0400bdc2391dd67db9de106f6061b66015db33ad7a2d87681,0.9976997393037877
fresh_ulong,98881c99-ebda-4469-bbe4-0ee789ff217d,10,blur,1.0,12989,103912,0.0031319926697530864,194.64035964035963,122786.1552734375,0.0012336250489631308,29.088168207814302,29.130359808633397,0.975744754076004,0.0837722229771316,0.08424528688192368,/Huang_group/zyyz/Projects/GVC-RT/experiments/gvcrt_precompression_representation_oracle_v1/bitstreams/fresh_ulong_10_blur_1p0.bin,cc07dbaba78bb87abb1a7e36ee55b00ebefc13fc36643a4c1f230f5cabaeed71,PASS,6a12615876ad76f0400bdc2391dd67db9de106f6061b66015db33ad7a2d87681,0.9959362061033584
fresh_ulong,98881c99-ebda-4469-bbe4-0ee789ff217d,10,blur,1.5,12779,102232,0.0030813560956790124,191.4935064935065,116542.93115234375,0.0011708997551796367,29.31480284804575,29.355401674948595,0.9768120981752872,0.10500869527459145,0.1110188439488411,/Huang_group/zyyz/Projects/GVC-RT/experiments/gvcrt_precompression_representation_oracle_v1/bitstreams/fresh_ulong_10_blur_1p5.bin,caa945921337994810cc549ec031369b52ccf548d5b5ff60bf87eb088aaca355,PASS,6a12615876ad76f0400bdc2391dd67db9de106f6061b66015db33ad7a2d87681,0.9798343812298728
fresh_ulong,98881c99-ebda-4469-bbe4-0ee789ff217d,10,blur,2.0,12965,103720,0.003126205632716049,194.2807192807193,118448.13671875,0.0011900412398601265,29.244379882433083,29.278594146835417,0.9762985855340958,0.12516600405797362,0.13861370086669922,/Huang_group/zyyz/Projects/GVC-RT/experiments/gvcrt_precompression_representation_oracle_v1/bitstreams/fresh_ulong_10_blur_2p0.bin,81909d8f1cf3f822899afd91105df9349572cb292d5f7948302759aa5999e229,PASS,6a12615876ad76f0400bdc2391dd67db9de106f6061b66015db33ad7a2d87681,0.9940959975463886
fresh_ulong,98881c99-ebda-4469-bbe4-0ee789ff217d,10,blur,3.0,13050,104400,0.003146701388888889,195.55444555444555,130616.0986328125,0.0013122920146204317,28.819695138726704,28.850264687770302,0.9737804420292377,0.15610814234241843,0.17639482393860817,/Huang_group/zyyz/Projects/GVC-RT/experiments/gvcrt_precompression_representation_oracle_v1/bitstreams/fresh_ulong_10_blur_3p0.bin,129fdf12e02c3a39c7f85becad2297b24330064adac2ba5391c254285cf8f6a9,PASS,6a12615876ad76f0400bdc2391dd67db9de106f6061b66015db33ad7a2d87681,1.0006134028523233
fresh_ulong,98881c99-ebda-4469-bbe4-0ee789ff217d,10,blur,4.0,12501,100008,0.0030143229166666665,187.32767232767233,146157.80908203125,0.001468438636128304,28.331441972839727,28.363357864748217,0.9705348536372185,0.18465576553717256,0.21040856838226318,/Huang_group/zyyz/Projects/GVC-RT/experiments/gvcrt_precompression_representation_oracle_v1/bitstreams/fresh_ulong_10_blur_4p0.bin,59d38f89945d911a3093b10cf8faa2c4c24ba5279cc1d5bfbc5636693d6565d4,PASS,6a12615876ad76f0400bdc2391dd67db9de106f6061b66015db33ad7a2d87681,0.9585186321116393
fresh_ulong,98881c99-ebda-4469-bbe4-0ee789ff217d,10,blur,6.0,12067,96536,0.00290967399691358,180.82417582417582,191334.80908203125,0.0019223292129029953,27.161722341993894,27.215604801467716,0.9613582380115986,0.2281190506182611,0.26983194798231125,/Huang_group/zyyz/Projects/GVC-RT/experiments/gvcrt_precompression_representation_oracle_v1/bitstreams/fresh_ulong_10_blur_6p0.bin,a867dd6123ae51873725314fcf8c236b41f36ceb0f33dd1671c9a53e16bf0fcb,PASS,6a12615876ad76f0400bdc2391dd67db9de106f6061b66015db33ad7a2d87681,0.9252415273731023
fresh_ulong,98881c99-ebda-4469-bbe4-0ee789ff217d,10,blur,8.0,11515,92120,0.0027765721450617284,172.55244755244755,236434.78955078125,0.002375445979122272,26.242548415806503,26.323443922407144,0.9521331414580345,0.25524386251345277,0.31921206042170525,/Huang_group/zyyz/Projects/GVC-RT/experiments/gvcrt_precompression_representation_oracle_v1/bitstreams/fresh_ulong_10_blur_8p0.bin,637614ca5c30e9eeee2840f2ecb534cead38689e1161072e6cf7342be707f499,PASS,6a12615876ad76f0400bdc2391dd67db9de106f6061b66015db33ad7a2d87681,0.8829167305627971
uvg,Beauty,0,blur,0.5,8722,69776,0.002103105709876543,523.32,280085.8525390625,0.0028140055593639736,25.506750489059954,25.622933453180202,0.9559974670410156,0.16342036053538322,0.14378920942544937,/Huang_group/zyyz/Projects/GVC-RT/experiments/gvcrt_precompression_representation_oracle_v1/bitstreams/uvg_00_blur_0p5.bin,bae409e52bcbfcbf056a80c7079fb1274f7348ad59360b742befd7b16994224e,PASS,6a12615876ad76f0400bdc2391dd67db9de106f6061b66015db33ad7a2d87681,1.001377726750861
uvg,Beauty,0,blur,1.0,9181,73448,0.0022137827932098763,550.86,297567.28515625,0.0029896404517530902,25.243810388357346,25.354608308198063,0.9539089314639568,0.1676521310582757,0.15614290907979012,/Huang_group/zyyz/Projects/GVC-RT/experiments/gvcrt_precompression_representation_oracle_v1/bitstreams/uvg_00_blur_1p0.bin,5e43a4f030e52ef50dc9217299e895a7f06a1d69db9b5295a970a592b3ae5a21,PASS,6a12615876ad76f0400bdc2391dd67db9de106f6061b66015db33ad7a2d87681,1.0540757749712975
uvg,Beauty,0,blur,1.5,10620,84960,0.002560763888888889,637.2,291531.59765625,0.002929000265804338,25.332805889065362,25.43003913519377,0.9549796916544437,0.17298064939677715,0.17163925245404243,/Huang_group/zyyz/Projects/GVC-RT/experiments/gvcrt_precompression_representation_oracle_v1/bitstreams/uvg_00_blur_1p5.bin,07b808d05bd1d66bb33a1e578b30889a181512f08eb945866e7d900267581372,PASS,6a12615876ad76f0400bdc2391dd67db9de106f6061b66015db33ad7a2d87681,1.2192881745120552
uvg,Beauty,0,blur,2.0,11751,94008,0.002833478009259259,705.06,303569.248046875,0.0030499418085985224,25.157084467009664,25.252174716726106,0.9538506753742695,0.1904232418164611,0.18827824294567108,/Huang_group/zyyz/Projects/GVC-RT/experiments/gvcrt_precompression_representation_oracle_v1/bitstreams/uvg_00_blur_2p0.bin,c8c2018a6e2142333fe651a650c8474bf62e5fb8371428a0d3a04949514e2e87,PASS,6a12615876ad76f0400bdc2391dd67db9de106f6061b66015db33ad7a2d87681,1.3491389207807118
uvg,Beauty,0,blur,3.0,13121,104968,0.00316382137345679,787.26,345743.77734375,0.0034736667444676527,24.59211849095921,24.69228514626809,0.9491552785038948,0.22126570623368025,0.21828147023916245,/Huang_group/zyyz/Projects/GVC-RT/experiments/gvcrt_precompression_representation_oracle_v1/bitstreams/uvg_00_blur_3p0.bin,76ac2206d9c8122d8f16ceee16120bd9702ddf16972232bff34eedf0965cc255,PASS,6a12615876ad76f0400bdc2391dd67db9de106f6061b66015db33ad7a2d87681,1.5064293915040183
uvg,Beauty,0,blur,4.0,13919,111352,0.0033562403549382714,835.14,361456.337890625,0.0036315298865361467,24.399103773584795,24.501640253077273,0.9475634731352329,0.2403465062379837,0.24769699946045876,/Huang_group/zyyz/Projects/GVC-RT/experiments/gvcrt_precompression_representation_oracle_v1/bitstreams/uvg_00_blur_4p0.bin,ef413b29e4f2b220fa9f66d5541e40e10f16d477c846d03a17447841812b462b,PASS,6a12615876ad76f0400bdc2391dd67db9de106f6061b66015db33ad7a2d87681,1.59804822043628
uvg,Beauty,0,blur,6.0,13570,108560,0.003272087191358025,814.2,373052.05859375,0.003748031388584969,24.26196780689231,24.368997530920716,0.9462910257279873,0.2652178332209587,0.29407845064997673,/Huang_group/zyyz/Projects/GVC-RT/experiments/gvcrt_precompression_representation_oracle_v1/bitstreams/uvg_00_blur_6p0.bin,13c26164b906bfada5a8cd2c36eae71e1976ef46cd3fe8e9e106d2620dac9754,PASS,6a12615876ad76f0400bdc2391dd67db9de106f6061b66015db33ad7a2d87681,1.5579793340987371
uvg,Beauty,0,blur,8.0,13247,105976,0.0031942033179012345,794.82,375963.10546875,0.0037772784998387466,24.228209933339272,24.33367208198269,0.9462215527892113,0.28205646201968193,0.3294389471411705,/Huang_group/zyyz/Projects/GVC-RT/experiments/gvcrt_precompression_representation_oracle_v1/bitstreams/uvg_00_blur_8p0.bin,3f35e3bcb74e04a802eab974ed615ac39438a08d21a4671254a95662e631b846,PASS,6a12615876ad76f0400bdc2391dd67db9de106f6061b66015db33ad7a2d87681,1.5208955223880598
uvg,Bosphorus,1,blur,0.5,11846,94768,0.0028563850308641974,710.76,137431.2353515625,0.0013807632795577187,28.59880771235985,28.622925018012655,0.9366365224123001,0.17436610348522663,0.1802288517355919,/Huang_group/zyyz/Projects/GVC-RT/experiments/gvcrt_precompression_representation_oracle_v1/bitstreams/uvg_01_blur_0p5.bin,d1e39256711cf36e4958584b3ba14142a71a246063379f04a56122a3bae13ff1,PASS,6a12615876ad76f0400bdc2391dd67db9de106f6061b66015db33ad7a2d87681,0.9979780960404381
uvg,Bosphorus,1,blur,1.0,12060,96480,0.002907986111111111,723.6,127092.85205078125,0.0012768941700703814,28.938450958916796,28.95757386062477,0.9407195560634136,0.1796790575608611,0.16772102937102318,/Huang_group/zyyz/Projects/GVC-RT/experiments/gvcrt_precompression_representation_oracle_v1/bitstreams/uvg_01_blur_1p0.bin,d295717ac58296608d69a57cba63ecd686dc7f8d54c21f6c6b7a6da6959a7bb2,PASS,6a12615876ad76f0400bdc2391dd67db9de106f6061b66015db33ad7a2d87681,1.016006739679865
uvg,Bosphorus,1,blur,1.5,12770,102160,0.0030791859567901236,766.2,119857.7939453125,0.0012042039804497865,29.192999415828478,29.210156958154222,0.9431672915816307,0.19331209175288677,0.16809764131903648,/Huang_group/zyyz/Projects/GVC-RT/experiments/gvcrt_precompression_representation_oracle_v1/bitstreams/uvg_01_blur_1p5.bin,fefec21462913b19b60a503da93d8da95424c20433587646da86af3dfcab33e8,PASS,6a12615876ad76f0400bdc2391dd67db9de106f6061b66015db33ad7a2d87681,1.075821398483572
uvg,Bosphorus,1,blur,2.0,13004,104032,0.0031356095679012344,780.24,118091.94384765625,0.0011864625917050082,29.257459502171482,29.275829271092313,0.9433232732117176,0.21475636214017868,0.1813393011689186,/Huang_group/zyyz/Projects/GVC-RT/experiments/gvcrt_precompression_representation_oracle_v1/bitstreams/uvg_01_blur_2p0.bin,5f74769c5f20df9b99eda5f637a204530e38f801caf3a444326ce0890f7b80ab,PASS,6a12615876ad76f0400bdc2391dd67db9de106f6061b66015db33ad7a2d87681,1.0955349620893007
uvg,Bosphorus,1,blur,3.0,13788,110304,0.003324652777777778,827.28,128811.32275390625,0.0012941595409142136,28.88012181574821,28.905014482507312,0.9379633739590645,0.26145970541983843,0.2173827886581421,/Huang_group/zyyz/Projects/GVC-RT/experiments/gvcrt_precompression_representation_oracle_v1/bitstreams/uvg_01_blur_3p0.bin,22a7cff664a53bd96d76824f5032fd32827d15771327a0afc9a3ca9a81a37df9,PASS,6a12615876ad76f0400bdc2391dd67db9de106f6061b66015db33ad7a2d87681,1.1615838247683234
uvg,Bosphorus,1,blur,4.0,14046,112368,0.003386863425925926,842.76,141873.27001953125,0.0014253921322371244,28.460656427155993,28.497356871573945,0.9316509328782558,0.30498586874455214,0.25557665154337883,/Huang_group/zyyz/Projects/GVC-RT/experiments/gvcrt_precompression_representation_oracle_v1/bitstreams/uvg_01_blur_4p0.bin,63ac77c893026e8288fcda4c866ed27c8adbf6917a18764a2b736af91f4e92f9,PASS,6a12615876ad76f0400bdc2391dd67db9de106f6061b66015db33ad7a2d87681,1.1833192923336142
uvg,Bosphorus,1,blur,6.0,13572,108576,0.0032725694444444443,814.32,168629.49267578125,0.0016942102771727637,27.71032688132625,27.759512219034747,0.9192143008112907,0.36586473416537046,0.3114442490041256,/Huang_group/zyyz/Projects/GVC-RT/experiments/gvcrt_precompression_representation_oracle_v1/bitstreams/uvg_01_blur_6p0.bin,1c11df20df0da56a6dd998660949b0e0de698de79978309b4b066cbdeb46868a,PASS,6a12615876ad76f0400bdc2391dd67db9de106f6061b66015db33ad7a2d87681,1.1433866891322662
uvg,Bosphorus,1,blur,8.0,12629,101032,0.0030451871141975308,757.74,185350.53955078125,0.0018622056201652245,27.299723669782978,27.360546746807948,0.9112432561814785,0.4010701337829232,0.34945208206772804,/Huang_group/zyyz/Projects/GVC-RT/experiments/gvcrt_precompression_representation_oracle_v1/bitstreams/uvg_01_blur_8p0.bin,d1f3d09baa8a4e216bef3d8c1fe69754767f45b80b7df6409ffc065c1c33b38b,PASS,6a12615876ad76f0400bdc2391dd67db9de106f6061b66015db33ad7a2d87681,1.0639427127211458
uvg,HoneyBee,2,blur,0.5,13223,105784,0.0031884162808641977,793.38,116131.2685546875,0.0011667638060487346,29.330170515053236,29.34901142061662,0.9641838893294334,0.1585145192220807,0.13482854142785072,/Huang_group/zyyz/Projects/GVC-RT/experiments/gvcrt_precompression_representation_oracle_v1/bitstreams/uvg_02_blur_0p5.bin,48711f595b4e9ca5cfc2761c7f59b831d5813258e05c2340585e8c9395479fca,PASS,6a12615876ad76f0400bdc2391dd67db9de106f6061b66015db33ad7a2d87681,1.0011356753482739
uvg,HoneyBee,2,blur,1.0,13304,106432,0.0032079475308641977,798.24,110330.12255859375,0.0011084800443531555,29.552721209575385,29.57788570462047,0.9659399539232254,0.15726957842707634,0.1416305936872959,/Huang_group/zyyz/Projects/GVC-RT/experiments/gvcrt_precompression_representation_oracle_v1/bitstreams/uvg_02_blur_1p0.bin,e070cb05a390c216aff6ba7bdae5b65783c28645d3e6b29b486dd39744ba24df,PASS,6a12615876ad76f0400bdc2391dd67db9de106f6061b66015db33ad7a2d87681,1.0072683222289522
uvg,HoneyBee,2,blur,1.5,13765,110120,0.0033191068672839504,825.9,105260.517578125,0.001057546030837322,29.757007204034387,29.787661747316484,0.9673916883766651,0.16106143966317177,0.15134615451097488,/Huang_group/zyyz/Projects/GVC-RT/experiments/gvcrt_precompression_representation_oracle_v1/bitstreams/uvg_02_blur_1p5.bin,e6cd78c2d779bca4db788f3a12874d2634dc5f5a4e01cad8765000d9b280f42f,PASS,6a12615876ad76f0400bdc2391dd67db9de106f6061b66015db33ad7a2d87681,1.0421714112658995
uvg,HoneyBee,2,blur,2.0,13894,111152,0.003350212191358025,833.64,100658.63232421875,0.001011311169023867,29.951151963402538,29.986633908306416,0.9685792662203312,0.16963977087289095,0.16926219686865807,/Huang_group/zyyz/Projects/GVC-RT/experiments/gvcrt_precompression_representation_oracle_v1/bitstreams/uvg_02_blur_2p0.bin,3b6b70ec57da50d4c7c763ac952c183c2884cd0014b9f253a80494a2a9428109,PASS,6a12615876ad76f0400bdc2391dd67db9de106f6061b66015db33ad7a2d87681,1.0519382192610538
uvg,HoneyBee,2,blur,3.0,14286,114288,0.0034447337962962964,857.16,99820.982421875,0.0010028953513000238,29.987443817592883,30.02317815020061,0.9686750844120979,0.19380709249526262,0.20457836613059044,/Huang_group/zyyz/Projects/GVC-RT/experiments/gvcrt_precompression_representation_oracle_v1/bitstreams/uvg_02_blur_3p0.bin,4768cb6ef1b4acfaeac2a4cf5316b72e4e50d9fb4c82258226155163f0fc8f32,PASS,6a12615876ad76f0400bdc2391dd67db9de106f6061b66015db33ad7a2d87681,1.0816172016959418
uvg,HoneyBee,2,blur,4.0,14613,116904,0.003523582175925926,876.78,103404.0625,0.0010388943393534595,29.83428620074369,29.868768491185868,0.9674507714807987,0.22951347660273314,0.24201413244009018,/Huang_group/zyyz/Projects/GVC-RT/experiments/gvcrt_precompression_representation_oracle_v1/bitstreams/uvg_02_blur_4p0.bin,f2ad2c2829d90d7d48ce8db2c5d1fe12a02afa8f76da8c7ea3e15eb1d8b6e29f,PASS,6a12615876ad76f0400bdc2391dd67db9de106f6061b66015db33ad7a2d87681,1.10637492428831
uvg,HoneyBee,2,blur,6.0,15153,121224,0.0036537905092592594,909.18,123723.65283203125,0.0012430440300286061,29.055134878830565,29.090981134696186,0.9613373838365078,0.3073736522346735,0.3068864122033119,/Huang_group/zyyz/Projects/GVC-RT/experiments/gvcrt_precompression_representation_oracle_v1/bitstreams/uvg_02_blur_6p0.bin,3babd342943a18c41aa393f906e967f985e022e06314fe117778b45ba3c7d326,PASS,6a12615876ad76f0400bdc2391dd67db9de106f6061b66015db33ad7a2d87681,1.147259236826166
uvg,HoneyBee,2,blur,8.0,15223,121784,0.0036706693672839508,913.38,149522.412109375,0.0015022425985140074,28.232599270600677,28.274980167995956,0.9535138383507729,0.3828352987766266,0.36617929115891457,/Huang_group/zyyz/Projects/GVC-RT/experiments/gvcrt_precompression_representation_oracle_v1/bitstreams/uvg_02_blur_8p0.bin,759ae902c3d97de5bc0980752a8c927e3dd3facee100d933827b6a868b672319,PASS,6a12615876ad76f0400bdc2391dd67db9de106f6061b66015db33ad7a2d87681,1.1525590551181102
