dataset,video,video_id,video_tag,method,qp,num_frames,fps,checkpoint,bytes,bits,bpp,kbps,total_pixel_SSE,aggregate_MSE,sequence_PSNR,mean_PSNR,SSIM,MS_SSIM,LPIPS,DISTS,bitstream_path,bitstream_sha256,state_sync_pass,model_hash_before,model_hash_after,independent_decode_pass,bytes_consumed,finite
fresh_ulong,fee5d9ad-e77d-44cd-b576-d588d7a0ce9d,0,fresh_ulong_00,original,0,64,30.0,,47024,376192,0.0028346836419753086,176.34,2160712.4921875,0.00542713681366218,22.65429230075288,22.927000567459846,0.9679370699450374,0.8605545097962022,0.16652561782393605,0.09301046747714281,/Huang_group/zyyz/Projects/GVC-RT/experiments/gvcrt_neural_wrapper_v1/bitstreams/test/fresh_ulong_00/original_qp0.bin,5cc416a794a5e1045149867084a2d698d060296238df212bbe2cc05171c6961f,True,dc801029e38d414bbd3c80f536431e082aac67ce7dc7c411c41e5e8b7151d384,dc801029e38d414bbd3c80f536431e082aac67ce7dc7c411c41e5e8b7151d384,True,47024,True
fresh_ulong,fee5d9ad-e77d-44cd-b576-d588d7a0ce9d,0,fresh_ulong_00,original,1,64,30.0,,57653,461224,0.003475417148919753,216.19875,1924817.673828125,0.0048346315833276195,23.15636615153688,23.3931136129444,0.971456041559577,0.8729848386719823,0.15376342937815934,0.08793372195214033,/Huang_group/zyyz/Projects/GVC-RT/experiments/gvcrt_neural_wrapper_v1/bitstreams/test/fresh_ulong_00/original_qp1.bin,fc99a3ab6fe7472249a201022d1d522e575a4aa3f13271cfc5cf37505355cca6,True,dc801029e38d414bbd3c80f536431e082aac67ce7dc7c411c41e5e8b7151d384,dc801029e38d414bbd3c80f536431e082aac67ce7dc7c411c41e5e8b7151d384,True,57653,True
fresh_ulong,fee5d9ad-e77d-44cd-b576-d588d7a0ce9d,0,fresh_ulong_00,original,2,64,30.0,,76829,614632,0.004631377797067901,288.10875,1614713.5146484375,0.004055732167306751,23.919307326937993,24.173003372312415,0.9761974522843957,0.893662822432816,0.1305051976814866,0.07781535759568214,/Huang_group/zyyz/Projects/GVC-RT/experiments/gvcrt_neural_wrapper_v1/bitstreams/test/fresh_ulong_00/original_qp2.bin,8803aa44de557839d7f6f3261007e8c5e0919f7bf1a25e1f86abac81ae8c9e83,True,dc801029e38d414bbd3c80f536431e082aac67ce7dc7c411c41e5e8b7151d384,dc801029e38d414bbd3c80f536431e082aac67ce7dc7c411c41e5e8b7151d384,True,76829,True
fresh_ulong,fee5d9ad-e77d-44cd-b576-d588d7a0ce9d,0,fresh_ulong_00,original,3,64,30.0,,96549,772392,0.005820131655092592,362.05875,1422782.962890625,0.003573653516455442,24.46887556806852,24.711729744258577,0.9791335090994835,0.9062660690397024,0.11635798751376569,0.07021369971334934,/Huang_group/zyyz/Projects/GVC-RT/experiments/gvcrt_neural_wrapper_v1/bitstreams/test/fresh_ulong_00/original_qp3.bin,fe8dd2743db63b635b729536ecd5c81795c802d91ab11c161be16d2344a08dcb,True,dc801029e38d414bbd3c80f536431e082aac67ce7dc7c411c41e5e8b7151d384,dc801029e38d414bbd3c80f536431e082aac67ce7dc7c411c41e5e8b7151d384,True,96549,True
fresh_ulong,fee5d9ad-e77d-44cd-b576-d588d7a0ce9d,0,fresh_ulong_00,beta_low,0,64,30.0,/Huang_group/zyyz/Projects/GVC-RT/experiments/gvcrt_neural_wrapper_v1/checkpoints/beta_low/step_0000.pt,47024,376192,0.0028346836419753086,176.34,2160712.4921875,0.00542713681366218,22.65429230075288,22.927000567459846,0.9679370699450374,0.8605545097962022,0.16652561782393605,0.09301046747714281,/Huang_group/zyyz/Projects/GVC-RT/experiments/gvcrt_neural_wrapper_v1/bitstreams/test/fresh_ulong_00/beta_low_qp0.bin,5cc416a794a5e1045149867084a2d698d060296238df212bbe2cc05171c6961f,True,dc801029e38d414bbd3c80f536431e082aac67ce7dc7c411c41e5e8b7151d384,dc801029e38d414bbd3c80f536431e082aac67ce7dc7c411c41e5e8b7151d384,True,47024,True
fresh_ulong,fee5d9ad-e77d-44cd-b576-d588d7a0ce9d,0,fresh_ulong_00,beta_low,1,64,30.0,/Huang_group/zyyz/Projects/GVC-RT/experiments/gvcrt_neural_wrapper_v1/checkpoints/beta_low/step_0000.pt,57653,461224,0.003475417148919753,216.19875,1924817.673828125,0.0048346315833276195,23.15636615153688,23.3931136129444,0.971456041559577,0.8729848386719823,0.15376342937815934,0.08793372195214033,/Huang_group/zyyz/Projects/GVC-RT/experiments/gvcrt_neural_wrapper_v1/bitstreams/test/fresh_ulong_00/beta_low_qp1.bin,fc99a3ab6fe7472249a201022d1d522e575a4aa3f13271cfc5cf37505355cca6,True,dc801029e38d414bbd3c80f536431e082aac67ce7dc7c411c41e5e8b7151d384,dc801029e38d414bbd3c80f536431e082aac67ce7dc7c411c41e5e8b7151d384,True,57653,True
fresh_ulong,fee5d9ad-e77d-44cd-b576-d588d7a0ce9d,0,fresh_ulong_00,beta_low,2,64,30.0,/Huang_group/zyyz/Projects/GVC-RT/experiments/gvcrt_neural_wrapper_v1/checkpoints/beta_low/step_0000.pt,76829,614632,0.004631377797067901,288.10875,1614713.5146484375,0.004055732167306751,23.919307326937993,24.173003372312415,0.9761974522843957,0.893662822432816,0.1305051976814866,0.07781535759568214,/Huang_group/zyyz/Projects/GVC-RT/experiments/gvcrt_neural_wrapper_v1/bitstreams/test/fresh_ulong_00/beta_low_qp2.bin,8803aa44de557839d7f6f3261007e8c5e0919f7bf1a25e1f86abac81ae8c9e83,True,dc801029e38d414bbd3c80f536431e082aac67ce7dc7c411c41e5e8b7151d384,dc801029e38d414bbd3c80f536431e082aac67ce7dc7c411c41e5e8b7151d384,True,76829,True
fresh_ulong,fee5d9ad-e77d-44cd-b576-d588d7a0ce9d,0,fresh_ulong_00,beta_low,3,64,30.0,/Huang_group/zyyz/Projects/GVC-RT/experiments/gvcrt_neural_wrapper_v1/checkpoints/beta_low/step_0000.pt,96549,772392,0.005820131655092592,362.05875,1422782.962890625,0.003573653516455442,24.46887556806852,24.711729744258577,0.9791335090994835,0.9062660690397024,0.11635798751376569,0.07021369971334934,/Huang_group/zyyz/Projects/GVC-RT/experiments/gvcrt_neural_wrapper_v1/bitstreams/test/fresh_ulong_00/beta_low_qp3.bin,fe8dd2743db63b635b729536ecd5c81795c802d91ab11c161be16d2344a08dcb,True,dc801029e38d414bbd3c80f536431e082aac67ce7dc7c411c41e5e8b7151d384,dc801029e38d414bbd3c80f536431e082aac67ce7dc7c411c41e5e8b7151d384,True,96549,True
fresh_ulong,fee5d9ad-e77d-44cd-b576-d588d7a0ce9d,0,fresh_ulong_00,beta_mid,0,64,30.0,/Huang_group/zyyz/Projects/GVC-RT/experiments/gvcrt_neural_wrapper_v1/checkpoints/beta_mid/step_0000.pt,47024,376192,0.0028346836419753086,176.34,2160712.4921875,0.00542713681366218,22.65429230075288,22.927000567459846,0.9679370699450374,0.8605545097962022,0.16652561782393605,0.09301046747714281,/Huang_group/zyyz/Projects/GVC-RT/experiments/gvcrt_neural_wrapper_v1/bitstreams/test/fresh_ulong_00/beta_mid_qp0.bin,5cc416a794a5e1045149867084a2d698d060296238df212bbe2cc05171c6961f,True,dc801029e38d414bbd3c80f536431e082aac67ce7dc7c411c41e5e8b7151d384,dc801029e38d414bbd3c80f536431e082aac67ce7dc7c411c41e5e8b7151d384,True,47024,True
fresh_ulong,fee5d9ad-e77d-44cd-b576-d588d7a0ce9d,0,fresh_ulong_00,beta_mid,1,64,30.0,/Huang_group/zyyz/Projects/GVC-RT/experiments/gvcrt_neural_wrapper_v1/checkpoints/beta_mid/step_0000.pt,57653,461224,0.003475417148919753,216.19875,1924817.673828125,0.0048346315833276195,23.15636615153688,23.3931136129444,0.971456041559577,0.8729848386719823,0.15376342937815934,0.08793372195214033,/Huang_group/zyyz/Projects/GVC-RT/experiments/gvcrt_neural_wrapper_v1/bitstreams/test/fresh_ulong_00/beta_mid_qp1.bin,fc99a3ab6fe7472249a201022d1d522e575a4aa3f13271cfc5cf37505355cca6,True,dc801029e38d414bbd3c80f536431e082aac67ce7dc7c411c41e5e8b7151d384,dc801029e38d414bbd3c80f536431e082aac67ce7dc7c411c41e5e8b7151d384,True,57653,True
fresh_ulong,fee5d9ad-e77d-44cd-b576-d588d7a0ce9d,0,fresh_ulong_00,beta_mid,2,64,30.0,/Huang_group/zyyz/Projects/GVC-RT/experiments/gvcrt_neural_wrapper_v1/checkpoints/beta_mid/step_0000.pt,76829,614632,0.004631377797067901,288.10875,1614713.5146484375,0.004055732167306751,23.919307326937993,24.173003372312415,0.9761974522843957,0.893662822432816,0.1305051976814866,0.07781535759568214,/Huang_group/zyyz/Projects/GVC-RT/experiments/gvcrt_neural_wrapper_v1/bitstreams/test/fresh_ulong_00/beta_mid_qp2.bin,8803aa44de557839d7f6f3261007e8c5e0919f7bf1a25e1f86abac81ae8c9e83,True,dc801029e38d414bbd3c80f536431e082aac67ce7dc7c411c41e5e8b7151d384,dc801029e38d414bbd3c80f536431e082aac67ce7dc7c411c41e5e8b7151d384,True,76829,True
fresh_ulong,fee5d9ad-e77d-44cd-b576-d588d7a0ce9d,0,fresh_ulong_00,beta_mid,3,64,30.0,/Huang_group/zyyz/Projects/GVC-RT/experiments/gvcrt_neural_wrapper_v1/checkpoints/beta_mid/step_0000.pt,96549,772392,0.005820131655092592,362.05875,1422782.962890625,0.003573653516455442,24.46887556806852,24.711729744258577,0.9791335090994835,0.9062660690397024,0.11635798751376569,0.07021369971334934,/Huang_group/zyyz/Projects/GVC-RT/experiments/gvcrt_neural_wrapper_v1/bitstreams/test/fresh_ulong_00/beta_mid_qp3.bin,fe8dd2743db63b635b729536ecd5c81795c802d91ab11c161be16d2344a08dcb,True,dc801029e38d414bbd3c80f536431e082aac67ce7dc7c411c41e5e8b7151d384,dc801029e38d414bbd3c80f536431e082aac67ce7dc7c411c41e5e8b7151d384,True,96549,True
fresh_ulong,fee5d9ad-e77d-44cd-b576-d588d7a0ce9d,0,fresh_ulong_00,beta_high,0,64,30.0,/Huang_group/zyyz/Projects/GVC-RT/experiments/gvcrt_neural_wrapper_v1/checkpoints/beta_high/step_2000.pt,47206,377648,0.002845654899691358,177.0225,2160136.58203125,0.005425690280066596,22.65545001119412,22.95344876473959,0.9676052462309599,0.859771003946662,0.1674851708812639,0.09510765876621008,/Huang_group/zyyz/Projects/GVC-RT/experiments/gvcrt_neural_wrapper_v1/bitstreams/test/fresh_ulong_00/beta_high_qp0.bin,e9b6d776eac64fc7563551921019e5d2940984c7a6cc1694b2be6fa4520ee4d9,True,dc801029e38d414bbd3c80f536431e082aac67ce7dc7c411c41e5e8b7151d384,dc801029e38d414bbd3c80f536431e082aac67ce7dc7c411c41e5e8b7151d384,True,47206,True
fresh_ulong,fee5d9ad-e77d-44cd-b576-d588d7a0ce9d,0,fresh_ulong_00,beta_high,1,64,30.0,/Huang_group/zyyz/Projects/GVC-RT/experiments/gvcrt_neural_wrapper_v1/checkpoints/beta_high/step_2000.pt,57584,460672,0.0034712577160493827,215.94,1898763.767578125,0.004769191079669529,23.21555277024374,23.494111582557032,0.9714976670220494,0.872296454384923,0.1544615285238251,0.09058835450559855,/Huang_group/zyyz/Projects/GVC-RT/experiments/gvcrt_neural_wrapper_v1/bitstreams/test/fresh_ulong_00/beta_high_qp1.bin,ee997b39a929381c71dd9679c86d9fbddc7dfce0e7e33235107f4dae6768a5b2,True,dc801029e38d414bbd3c80f536431e082aac67ce7dc7c411c41e5e8b7151d384,dc801029e38d414bbd3c80f536431e082aac67ce7dc7c411c41e5e8b7151d384,True,57584,True
fresh_ulong,fee5d9ad-e77d-44cd-b576-d588d7a0ce9d,0,fresh_ulong_00,beta_high,2,64,30.0,/Huang_group/zyyz/Projects/GVC-RT/experiments/gvcrt_neural_wrapper_v1/checkpoints/beta_high/step_2000.pt,76726,613808,0.004625168788580247,287.7225,1600798.5859375,0.004020781556274665,23.9568952089896,24.24075880955433,0.9761385638266802,0.893075224943459,0.13081539003178477,0.07868506666272879,/Huang_group/zyyz/Projects/GVC-RT/experiments/gvcrt_neural_wrapper_v1/bitstreams/test/fresh_ulong_00/beta_high_qp2.bin,d7f469f6b02b20731ff39be771f7ea1feab8033e89b01c9ab9f7fa152219ca56,True,dc801029e38d414bbd3c80f536431e082aac67ce7dc7c411c41e5e8b7151d384,dc801029e38d414bbd3c80f536431e082aac67ce7dc7c411c41e5e8b7151d384,True,76726,True
fresh_ulong,fee5d9ad-e77d-44cd-b576-d588d7a0ce9d,0,fresh_ulong_00,beta_high,3,64,30.0,/Huang_group/zyyz/Projects/GVC-RT/experiments/gvcrt_neural_wrapper_v1/checkpoints/beta_high/step_2000.pt,96493,771944,0.005816755883487654,361.84875,1406616.859375,0.0035330485512690287,24.518503944351377,24.803214100985773,0.9790819603949785,0.9058932913467288,0.11638645804487169,0.0710995476692915,/Huang_group/zyyz/Projects/GVC-RT/experiments/gvcrt_neural_wrapper_v1/bitstreams/test/fresh_ulong_00/beta_high_qp3.bin,32d3293ea13d8f394bbc39c168950c2c77a62e4f41ee527a80c48be2264799f8,True,dc801029e38d414bbd3c80f536431e082aac67ce7dc7c411c41e5e8b7151d384,dc801029e38d414bbd3c80f536431e082aac67ce7dc7c411c41e5e8b7151d384,True,96493,True
fresh_ulong,0834e99f-94bc-4568-a7c2-f7022dade8e1,1,fresh_ulong_01,original,0,64,29.97002997002997,,41938,335504,0.002528091242283951,157.1103896103896,633371.3994140625,0.001590861001132447,27.983677644629733,28.003034530314835,0.9740485977381468,0.898619906976819,0.15226008952595294,0.104271843098104,/Huang_group/zyyz/Projects/GVC-RT/experiments/gvcrt_neural_wrapper_v1/bitstreams/test/fresh_ulong_01/original_qp0.bin,7f739f71db1a1ee125aa4731ee337c022cbb99fe12dfaa13f5b963b99765e835,True,dc801029e38d414bbd3c80f536431e082aac67ce7dc7c411c41e5e8b7151d384,dc801029e38d414bbd3c80f536431e082aac67ce7dc7c411c41e5e8b7151d384,True,41938,True
fresh_ulong,0834e99f-94bc-4568-a7c2-f7022dade8e1,1,fresh_ulong_01,original,1,64,29.97002997002997,,52078,416624,0.0031393470293209877,195.0974025974026,533011.6313476562,0.0013387838766408065,28.732895266160924,28.749918442329797,0.9780091196298599,0.9124371213838458,0.13170657213777304,0.09059106092900038,/Huang_group/zyyz/Projects/GVC-RT/experiments/gvcrt_neural_wrapper_v1/bitstreams/test/fresh_ulong_01/original_qp1.bin,932734fe8a30e69316f35209b55ab123a58e5f55a0a3e5567bbbc63a7173ad02,True,dc801029e38d414bbd3c80f536431e082aac67ce7dc7c411c41e5e8b7151d384,dc801029e38d414bbd3c80f536431e082aac67ce7dc7c411c41e5e8b7151d384,True,52078,True
fresh_ulong,0834e99f-94bc-4568-a7c2-f7022dade8e1,1,fresh_ulong_01,original,2,64,29.97002997002997,,64056,512448,0.0038614004629629627,239.97002997002997,463097.66748046875,0.001163178538834607,29.343536193389646,29.356551225387456,0.9808490825816989,0.9224591692909598,0.11544713017065078,0.0836072014644742,/Huang_group/zyyz/Projects/GVC-RT/experiments/gvcrt_neural_wrapper_v1/bitstreams/test/fresh_ulong_01/original_qp2.bin,aecf25a645ae859999c9339f55b2b2dc923d6530be3a40c81f106d257f2b76da,True,dc801029e38d414bbd3c80f536431e082aac67ce7dc7c411c41e5e8b7151d384,dc801029e38d414bbd3c80f536431e082aac67ce7dc7c411c41e5e8b7151d384,True,64056,True
fresh_ulong,0834e99f-94bc-4568-a7c2-f7022dade8e1,1,fresh_ulong_01,original,3,64,29.97002997002997,,78986,631888,0.004761405285493827,295.9015984015984,397163.10986328125,0.000997568414289765,30.01057310248065,30.020081517892393,0.983530942350626,0.9319492587819695,0.10236039548180997,0.07474138494580984,/Huang_group/zyyz/Projects/GVC-RT/experiments/gvcrt_neural_wrapper_v1/bitstreams/test/fresh_ulong_01/original_qp3.bin,699f95510983015cc3b7bbb1ea4601d1a9a953dcd901daad6ad324131fa05c0d,True,dc801029e38d414bbd3c80f536431e082aac67ce7dc7c411c41e5e8b7151d384,dc801029e38d414bbd3c80f536431e082aac67ce7dc7c411c41e5e8b7151d384,True,78986,True
fresh_ulong,0834e99f-94bc-4568-a7c2-f7022dade8e1,1,fresh_ulong_01,beta_low,0,64,29.97002997002997,/Huang_group/zyyz/Projects/GVC-RT/experiments/gvcrt_neural_wrapper_v1/checkpoints/beta_low/step_0000.pt,41938,335504,0.002528091242283951,157.1103896103896,633371.3994140625,0.001590861001132447,27.983677644629733,28.003034530314835,0.9740485977381468,0.898619906976819,0.15226008952595294,0.104271843098104,/Huang_group/zyyz/Projects/GVC-RT/experiments/gvcrt_neural_wrapper_v1/bitstreams/test/fresh_ulong_01/beta_low_qp0.bin,7f739f71db1a1ee125aa4731ee337c022cbb99fe12dfaa13f5b963b99765e835,True,dc801029e38d414bbd3c80f536431e082aac67ce7dc7c411c41e5e8b7151d384,dc801029e38d414bbd3c80f536431e082aac67ce7dc7c411c41e5e8b7151d384,True,41938,True
fresh_ulong,0834e99f-94bc-4568-a7c2-f7022dade8e1,1,fresh_ulong_01,beta_low,1,64,29.97002997002997,/Huang_group/zyyz/Projects/GVC-RT/experiments/gvcrt_neural_wrapper_v1/checkpoints/beta_low/step_0000.pt,52078,416624,0.0031393470293209877,195.0974025974026,533011.6313476562,0.0013387838766408065,28.732895266160924,28.749918442329797,0.9780091196298599,0.9124371213838458,0.13170657213777304,0.09059106092900038,/Huang_group/zyyz/Projects/GVC-RT/experiments/gvcrt_neural_wrapper_v1/bitstreams/test/fresh_ulong_01/beta_low_qp1.bin,932734fe8a30e69316f35209b55ab123a58e5f55a0a3e5567bbbc63a7173ad02,True,dc801029e38d414bbd3c80f536431e082aac67ce7dc7c411c41e5e8b7151d384,dc801029e38d414bbd3c80f536431e082aac67ce7dc7c411c41e5e8b7151d384,True,52078,True
fresh_ulong,0834e99f-94bc-4568-a7c2-f7022dade8e1,1,fresh_ulong_01,beta_low,2,64,29.97002997002997,/Huang_group/zyyz/Projects/GVC-RT/experiments/gvcrt_neural_wrapper_v1/checkpoints/beta_low/step_0000.pt,64056,512448,0.0038614004629629627,239.97002997002997,463097.66748046875,0.001163178538834607,29.343536193389646,29.356551225387456,0.9808490825816989,0.9224591692909598,0.11544713017065078,0.0836072014644742,/Huang_group/zyyz/Projects/GVC-RT/experiments/gvcrt_neural_wrapper_v1/bitstreams/test/fresh_ulong_01/beta_low_qp2.bin,aecf25a645ae859999c9339f55b2b2dc923d6530be3a40c81f106d257f2b76da,True,dc801029e38d414bbd3c80f536431e082aac67ce7dc7c411c41e5e8b7151d384,dc801029e38d414bbd3c80f536431e082aac67ce7dc7c411c41e5e8b7151d384,True,64056,True
fresh_ulong,0834e99f-94bc-4568-a7c2-f7022dade8e1,1,fresh_ulong_01,beta_low,3,64,29.97002997002997,/Huang_group/zyyz/Projects/GVC-RT/experiments/gvcrt_neural_wrapper_v1/checkpoints/beta_low/step_0000.pt,78986,631888,0.004761405285493827,295.9015984015984,397163.10986328125,0.000997568414289765,30.01057310248065,30.020081517892393,0.983530942350626,0.9319492587819695,0.10236039548180997,0.07474138494580984,/Huang_group/zyyz/Projects/GVC-RT/experiments/gvcrt_neural_wrapper_v1/bitstreams/test/fresh_ulong_01/beta_low_qp3.bin,699f95510983015cc3b7bbb1ea4601d1a9a953dcd901daad6ad324131fa05c0d,True,dc801029e38d414bbd3c80f536431e082aac67ce7dc7c411c41e5e8b7151d384,dc801029e38d414bbd3c80f536431e082aac67ce7dc7c411c41e5e8b7151d384,True,78986,True
fresh_ulong,0834e99f-94bc-4568-a7c2-f7022dade8e1,1,fresh_ulong_01,beta_mid,0,64,29.97002997002997,/Huang_group/zyyz/Projects/GVC-RT/experiments/gvcrt_neural_wrapper_v1/checkpoints/beta_mid/step_0000.pt,41938,335504,0.002528091242283951,157.1103896103896,633371.3994140625,0.001590861001132447,27.983677644629733,28.003034530314835,0.9740485977381468,0.898619906976819,0.15226008952595294,0.104271843098104,/Huang_group/zyyz/Projects/GVC-RT/experiments/gvcrt_neural_wrapper_v1/bitstreams/test/fresh_ulong_01/beta_mid_qp0.bin,7f739f71db1a1ee125aa4731ee337c022cbb99fe12dfaa13f5b963b99765e835,True,dc801029e38d414bbd3c80f536431e082aac67ce7dc7c411c41e5e8b7151d384,dc801029e38d414bbd3c80f536431e082aac67ce7dc7c411c41e5e8b7151d384,True,41938,True
fresh_ulong,0834e99f-94bc-4568-a7c2-f7022dade8e1,1,fresh_ulong_01,beta_mid,1,64,29.97002997002997,/Huang_group/zyyz/Projects/GVC-RT/experiments/gvcrt_neural_wrapper_v1/checkpoints/beta_mid/step_0000.pt,52078,416624,0.0031393470293209877,195.0974025974026,533011.6313476562,0.0013387838766408065,28.732895266160924,28.749918442329797,0.9780091196298599,0.9124371213838458,0.13170657213777304,0.09059106092900038,/Huang_group/zyyz/Projects/GVC-RT/experiments/gvcrt_neural_wrapper_v1/bitstreams/test/fresh_ulong_01/beta_mid_qp1.bin,932734fe8a30e69316f35209b55ab123a58e5f55a0a3e5567bbbc63a7173ad02,True,dc801029e38d414bbd3c80f536431e082aac67ce7dc7c411c41e5e8b7151d384,dc801029e38d414bbd3c80f536431e082aac67ce7dc7c411c41e5e8b7151d384,True,52078,True
fresh_ulong,0834e99f-94bc-4568-a7c2-f7022dade8e1,1,fresh_ulong_01,beta_mid,2,64,29.97002997002997,/Huang_group/zyyz/Projects/GVC-RT/experiments/gvcrt_neural_wrapper_v1/checkpoints/beta_mid/step_0000.pt,64056,512448,0.0038614004629629627,239.97002997002997,463097.66748046875,0.001163178538834607,29.343536193389646,29.356551225387456,0.9808490825816989,0.9224591692909598,0.11544713017065078,0.0836072014644742,/Huang_group/zyyz/Projects/GVC-RT/experiments/gvcrt_neural_wrapper_v1/bitstreams/test/fresh_ulong_01/beta_mid_qp2.bin,aecf25a645ae859999c9339f55b2b2dc923d6530be3a40c81f106d257f2b76da,True,dc801029e38d414bbd3c80f536431e082aac67ce7dc7c411c41e5e8b7151d384,dc801029e38d414bbd3c80f536431e082aac67ce7dc7c411c41e5e8b7151d384,True,64056,True
fresh_ulong,0834e99f-94bc-4568-a7c2-f7022dade8e1,1,fresh_ulong_01,beta_mid,3,64,29.97002997002997,/Huang_group/zyyz/Projects/GVC-RT/experiments/gvcrt_neural_wrapper_v1/checkpoints/beta_mid/step_0000.pt,78986,631888,0.004761405285493827,295.9015984015984,397163.10986328125,0.000997568414289765,30.01057310248065,30.020081517892393,0.983530942350626,0.9319492587819695,0.10236039548180997,0.07474138494580984,/Huang_group/zyyz/Projects/GVC-RT/experiments/gvcrt_neural_wrapper_v1/bitstreams/test/fresh_ulong_01/beta_mid_qp3.bin,699f95510983015cc3b7bbb1ea4601d1a9a953dcd901daad6ad324131fa05c0d,True,dc801029e38d414bbd3c80f536431e082aac67ce7dc7c411c41e5e8b7151d384,dc801029e38d414bbd3c80f536431e082aac67ce7dc7c411c41e5e8b7151d384,True,78986,True
fresh_ulong,0834e99f-94bc-4568-a7c2-f7022dade8e1,1,fresh_ulong_01,beta_high,0,64,29.97002997002997,/Huang_group/zyyz/Projects/GVC-RT/experiments/gvcrt_neural_wrapper_v1/checkpoints/beta_high/step_2000.pt,41393,331144,0.002495237750771605,155.0686813186813,637917.625,0.00160227991425942,27.952616114733257,27.97000512590537,0.9738280456513166,0.8988479701802135,0.1526980649214238,0.10234946385025978,/Huang_group/zyyz/Projects/GVC-RT/experiments/gvcrt_neural_wrapper_v1/bitstreams/test/fresh_ulong_01/beta_high_qp0.bin,be1f9829c7e86408018f9e3a4cdee4a7c64b92178bbaa0da69134a18f79615ef,True,dc801029e38d414bbd3c80f536431e082aac67ce7dc7c411c41e5e8b7151d384,dc801029e38d414bbd3c80f536431e082aac67ce7dc7c411c41e5e8b7151d384,True,41393,True
fresh_ulong,0834e99f-94bc-4568-a7c2-f7022dade8e1,1,fresh_ulong_01,beta_high,1,64,29.97002997002997,/Huang_group/zyyz/Projects/GVC-RT/experiments/gvcrt_neural_wrapper_v1/checkpoints/beta_high/step_2000.pt,52246,417968,0.0031494743441358025,195.72677322677322,530762.3291015625,0.0013331342258571107,28.75126121693157,28.764055220264964,0.978033815510571,0.9133237963542342,0.13133844768162817,0.09006909467279911,/Huang_group/zyyz/Projects/GVC-RT/experiments/gvcrt_neural_wrapper_v1/bitstreams/test/fresh_ulong_01/beta_high_qp1.bin,1bbaa225768f5fcac01770787ef7989461c767fc6aa128bcf70d1b9fcbeb26eb,True,dc801029e38d414bbd3c80f536431e082aac67ce7dc7c411c41e5e8b7151d384,dc801029e38d414bbd3c80f536431e082aac67ce7dc7c411c41e5e8b7151d384,True,52246,True
fresh_ulong,0834e99f-94bc-4568-a7c2-f7022dade8e1,1,fresh_ulong_01,beta_high,2,64,29.97002997002997,/Huang_group/zyyz/Projects/GVC-RT/experiments/gvcrt_neural_wrapper_v1/checkpoints/beta_high/step_2000.pt,63508,508064,0.00382836612654321,237.91708291708292,465326.39013671875,0.0011687764991458061,29.32268529443631,29.3353016062439,0.9807041175663471,0.9234528662636876,0.11637155571952462,0.08449183776974678,/Huang_group/zyyz/Projects/GVC-RT/experiments/gvcrt_neural_wrapper_v1/bitstreams/test/fresh_ulong_01/beta_high_qp2.bin,223ea7d204a0a81ac3e0b3125aee9e50310f34b91c0e577f1eb46854b2c82c8f,True,dc801029e38d414bbd3c80f536431e082aac67ce7dc7c411c41e5e8b7151d384,dc801029e38d414bbd3c80f536431e082aac67ce7dc7c411c41e5e8b7151d384,True,63508,True
fresh_ulong,0834e99f-94bc-4568-a7c2-f7022dade8e1,1,fresh_ulong_01,beta_high,3,64,29.97002997002997,/Huang_group/zyyz/Projects/GVC-RT/experiments/gvcrt_neural_wrapper_v1/checkpoints/beta_high/step_2000.pt,79280,634240,0.004779128086419753,297.00299700299695,395829.43603515625,0.0009942185792903352,30.025181253170388,30.037494619893284,0.9835258610546589,0.9340359102934599,0.10048008419107646,0.07493181806057692,/Huang_group/zyyz/Projects/GVC-RT/experiments/gvcrt_neural_wrapper_v1/bitstreams/test/fresh_ulong_01/beta_high_qp3.bin,91e9bab584b5313cce35251dcc43c0bd2c9346d3537325fd283dadd4f1b78fb1,True,dc801029e38d414bbd3c80f536431e082aac67ce7dc7c411c41e5e8b7151d384,dc801029e38d414bbd3c80f536431e082aac67ce7dc7c411c41e5e8b7151d384,True,79280,True
fresh_ulong,98881c99-ebda-4469-bbe4-0ee789ff217d,10,fresh_ulong_10,original,0,64,29.97002997002997,,27630,221040,0.0016655815972222222,103.50899100899102,629897.6684570312,0.0015821359101146338,28.00756212066195,28.060890316773992,0.9759022165089846,0.9544752910733223,0.08790032682009041,0.08626880310475826,/Huang_group/zyyz/Projects/GVC-RT/experiments/gvcrt_neural_wrapper_v1/bitstreams/test/fresh_ulong_10/original_qp0.bin,622f3e7de4baff153464ece8afe4e23d32236f3be6b4dd272f2a22258874eff3,True,dc801029e38d414bbd3c80f536431e082aac67ce7dc7c411c41e5e8b7151d384,dc801029e38d414bbd3c80f536431e082aac67ce7dc7c411c41e5e8b7151d384,True,27630,True
fresh_ulong,98881c99-ebda-4469-bbe4-0ee789ff217d,10,fresh_ulong_10,original,1,64,29.97002997002997,,35312,282496,0.00212866512345679,132.28771228771228,557273.625,0.0013997235710238233,28.539577239164764,28.582498535192805,0.978663126938045,0.9601149633526802,0.07801714935339987,0.07741482742130756,/Huang_group/zyyz/Projects/GVC-RT/experiments/gvcrt_neural_wrapper_v1/bitstreams/test/fresh_ulong_10/original_qp1.bin,6b3c2df67aabc382b1e31c2361aeb9766abd69f77fdef30a288bca23ef127aa1,True,dc801029e38d414bbd3c80f536431e082aac67ce7dc7c411c41e5e8b7151d384,dc801029e38d414bbd3c80f536431e082aac67ce7dc7c411c41e5e8b7151d384,True,35312,True
fresh_ulong,98881c99-ebda-4469-bbe4-0ee789ff217d,10,fresh_ulong_10,original,2,64,29.97002997002997,,45636,365088,0.0027510127314814815,170.96403596403596,503522.63525390625,0.0012647153381948118,28.98007214379966,29.01736642671983,0.9806464072316885,0.9638018421828747,0.07108415098628029,0.07177437469363213,/Huang_group/zyyz/Projects/GVC-RT/experiments/gvcrt_neural_wrapper_v1/bitstreams/test/fresh_ulong_10/original_qp2.bin,0be9cb4006150e7e8da5a5a095b9284ac3f63de88d5670d2371765f02918360e,True,dc801029e38d414bbd3c80f536431e082aac67ce7dc7c411c41e5e8b7151d384,dc801029e38d414bbd3c80f536431e082aac67ce7dc7c411c41e5e8b7151d384,True,45636,True
fresh_ulong,98881c99-ebda-4469-bbe4-0ee789ff217d,10,fresh_ulong_10,original,3,64,29.97002997002997,,60467,483736,0.0036450496720679014,226.52472527472526,461321.74169921875,0.0011587178842030435,29.36022289875874,29.39426910565611,0.9822438303381205,0.9672644753009081,0.06322736787842587,0.06645642593502998,/Huang_group/zyyz/Projects/GVC-RT/experiments/gvcrt_neural_wrapper_v1/bitstreams/test/fresh_ulong_10/original_qp3.bin,82b908f356f29f8f863419425c34dd515975b41a82dd596afdd27679a2f7e911,True,dc801029e38d414bbd3c80f536431e082aac67ce7dc7c411c41e5e8b7151d384,dc801029e38d414bbd3c80f536431e082aac67ce7dc7c411c41e5e8b7151d384,True,60467,True
fresh_ulong,98881c99-ebda-4469-bbe4-0ee789ff217d,10,fresh_ulong_10,beta_low,0,64,29.97002997002997,/Huang_group/zyyz/Projects/GVC-RT/experiments/gvcrt_neural_wrapper_v1/checkpoints/beta_low/step_0000.pt,27630,221040,0.0016655815972222222,103.50899100899102,629897.6684570312,0.0015821359101146338,28.00756212066195,28.060890316773992,0.9759022165089846,0.9544752910733223,0.08790032682009041,0.08626880310475826,/Huang_group/zyyz/Projects/GVC-RT/experiments/gvcrt_neural_wrapper_v1/bitstreams/test/fresh_ulong_10/beta_low_qp0.bin,622f3e7de4baff153464ece8afe4e23d32236f3be6b4dd272f2a22258874eff3,True,dc801029e38d414bbd3c80f536431e082aac67ce7dc7c411c41e5e8b7151d384,dc801029e38d414bbd3c80f536431e082aac67ce7dc7c411c41e5e8b7151d384,True,27630,True
fresh_ulong,98881c99-ebda-4469-bbe4-0ee789ff217d,10,fresh_ulong_10,beta_low,1,64,29.97002997002997,/Huang_group/zyyz/Projects/GVC-RT/experiments/gvcrt_neural_wrapper_v1/checkpoints/beta_low/step_0000.pt,35312,282496,0.00212866512345679,132.28771228771228,557273.625,0.0013997235710238233,28.539577239164764,28.582498535192805,0.978663126938045,0.9601149633526802,0.07801714935339987,0.07741482742130756,/Huang_group/zyyz/Projects/GVC-RT/experiments/gvcrt_neural_wrapper_v1/bitstreams/test/fresh_ulong_10/beta_low_qp1.bin,6b3c2df67aabc382b1e31c2361aeb9766abd69f77fdef30a288bca23ef127aa1,True,dc801029e38d414bbd3c80f536431e082aac67ce7dc7c411c41e5e8b7151d384,dc801029e38d414bbd3c80f536431e082aac67ce7dc7c411c41e5e8b7151d384,True,35312,True
fresh_ulong,98881c99-ebda-4469-bbe4-0ee789ff217d,10,fresh_ulong_10,beta_low,2,64,29.97002997002997,/Huang_group/zyyz/Projects/GVC-RT/experiments/gvcrt_neural_wrapper_v1/checkpoints/beta_low/step_0000.pt,45636,365088,0.0027510127314814815,170.96403596403596,503522.63525390625,0.0012647153381948118,28.98007214379966,29.01736642671983,0.9806464072316885,0.9638018421828747,0.07108415098628029,0.07177437469363213,/Huang_group/zyyz/Projects/GVC-RT/experiments/gvcrt_neural_wrapper_v1/bitstreams/test/fresh_ulong_10/beta_low_qp2.bin,0be9cb4006150e7e8da5a5a095b9284ac3f63de88d5670d2371765f02918360e,True,dc801029e38d414bbd3c80f536431e082aac67ce7dc7c411c41e5e8b7151d384,dc801029e38d414bbd3c80f536431e082aac67ce7dc7c411c41e5e8b7151d384,True,45636,True
fresh_ulong,98881c99-ebda-4469-bbe4-0ee789ff217d,10,fresh_ulong_10,beta_low,3,64,29.97002997002997,/Huang_group/zyyz/Projects/GVC-RT/experiments/gvcrt_neural_wrapper_v1/checkpoints/beta_low/step_0000.pt,60467,483736,0.0036450496720679014,226.52472527472526,461321.74169921875,0.0011587178842030435,29.36022289875874,29.39426910565611,0.9822438303381205,0.9672644753009081,0.06322736787842587,0.06645642593502998,/Huang_group/zyyz/Projects/GVC-RT/experiments/gvcrt_neural_wrapper_v1/bitstreams/test/fresh_ulong_10/beta_low_qp3.bin,82b908f356f29f8f863419425c34dd515975b41a82dd596afdd27679a2f7e911,True,dc801029e38d414bbd3c80f536431e082aac67ce7dc7c411c41e5e8b7151d384,dc801029e38d414bbd3c80f536431e082aac67ce7dc7c411c41e5e8b7151d384,True,60467,True
fresh_ulong,98881c99-ebda-4469-bbe4-0ee789ff217d,10,fresh_ulong_10,beta_mid,0,64,29.97002997002997,/Huang_group/zyyz/Projects/GVC-RT/experiments/gvcrt_neural_wrapper_v1/checkpoints/beta_mid/step_0000.pt,27630,221040,0.0016655815972222222,103.50899100899102,629897.6684570312,0.0015821359101146338,28.00756212066195,28.060890316773992,0.9759022165089846,0.9544752910733223,0.08790032682009041,0.08626880310475826,/Huang_group/zyyz/Projects/GVC-RT/experiments/gvcrt_neural_wrapper_v1/bitstreams/test/fresh_ulong_10/beta_mid_qp0.bin,622f3e7de4baff153464ece8afe4e23d32236f3be6b4dd272f2a22258874eff3,True,dc801029e38d414bbd3c80f536431e082aac67ce7dc7c411c41e5e8b7151d384,dc801029e38d414bbd3c80f536431e082aac67ce7dc7c411c41e5e8b7151d384,True,27630,True
fresh_ulong,98881c99-ebda-4469-bbe4-0ee789ff217d,10,fresh_ulong_10,beta_mid,1,64,29.97002997002997,/Huang_group/zyyz/Projects/GVC-RT/experiments/gvcrt_neural_wrapper_v1/checkpoints/beta_mid/step_0000.pt,35312,282496,0.00212866512345679,132.28771228771228,557273.625,0.0013997235710238233,28.539577239164764,28.582498535192805,0.978663126938045,0.9601149633526802,0.07801714935339987,0.07741482742130756,/Huang_group/zyyz/Projects/GVC-RT/experiments/gvcrt_neural_wrapper_v1/bitstreams/test/fresh_ulong_10/beta_mid_qp1.bin,6b3c2df67aabc382b1e31c2361aeb9766abd69f77fdef30a288bca23ef127aa1,True,dc801029e38d414bbd3c80f536431e082aac67ce7dc7c411c41e5e8b7151d384,dc801029e38d414bbd3c80f536431e082aac67ce7dc7c411c41e5e8b7151d384,True,35312,True
fresh_ulong,98881c99-ebda-4469-bbe4-0ee789ff217d,10,fresh_ulong_10,beta_mid,2,64,29.97002997002997,/Huang_group/zyyz/Projects/GVC-RT/experiments/gvcrt_neural_wrapper_v1/checkpoints/beta_mid/step_0000.pt,45636,365088,0.0027510127314814815,170.96403596403596,503522.63525390625,0.0012647153381948118,28.98007214379966,29.01736642671983,0.9806464072316885,0.9638018421828747,0.07108415098628029,0.07177437469363213,/Huang_group/zyyz/Projects/GVC-RT/experiments/gvcrt_neural_wrapper_v1/bitstreams/test/fresh_ulong_10/beta_mid_qp2.bin,0be9cb4006150e7e8da5a5a095b9284ac3f63de88d5670d2371765f02918360e,True,dc801029e38d414bbd3c80f536431e082aac67ce7dc7c411c41e5e8b7151d384,dc801029e38d414bbd3c80f536431e082aac67ce7dc7c411c41e5e8b7151d384,True,45636,True
fresh_ulong,98881c99-ebda-4469-bbe4-0ee789ff217d,10,fresh_ulong_10,beta_mid,3,64,29.97002997002997,/Huang_group/zyyz/Projects/GVC-RT/experiments/gvcrt_neural_wrapper_v1/checkpoints/beta_mid/step_0000.pt,60467,483736,0.0036450496720679014,226.52472527472526,461321.74169921875,0.0011587178842030435,29.36022289875874,29.39426910565611,0.9822438303381205,0.9672644753009081,0.06322736787842587,0.06645642593502998,/Huang_group/zyyz/Projects/GVC-RT/experiments/gvcrt_neural_wrapper_v1/bitstreams/test/fresh_ulong_10/beta_mid_qp3.bin,82b908f356f29f8f863419425c34dd515975b41a82dd596afdd27679a2f7e911,True,dc801029e38d414bbd3c80f536431e082aac67ce7dc7c411c41e5e8b7151d384,dc801029e38d414bbd3c80f536431e082aac67ce7dc7c411c41e5e8b7151d384,True,60467,True
fresh_ulong,98881c99-ebda-4469-bbe4-0ee789ff217d,10,fresh_ulong_10,beta_high,0,64,29.97002997002997,/Huang_group/zyyz/Projects/GVC-RT/experiments/gvcrt_neural_wrapper_v1/checkpoints/beta_high/step_2000.pt,27675,221400,0.0016682942708333333,103.67757242757241,620029.6474609375,0.0015573500581238986,28.076137565879748,28.127176320579448,0.9762518908828497,0.9547405494377017,0.08800840354524553,0.0864310022443533,/Huang_group/zyyz/Projects/GVC-RT/experiments/gvcrt_neural_wrapper_v1/bitstreams/test/fresh_ulong_10/beta_high_qp0.bin,84e6193fa1f7bdc809fc71695bfccd045dac9f8f713acd9c68ac32e9c63e1d21,True,dc801029e38d414bbd3c80f536431e082aac67ce7dc7c411c41e5e8b7151d384,dc801029e38d414bbd3c80f536431e082aac67ce7dc7c411c41e5e8b7151d384,True,27675,True
fresh_ulong,98881c99-ebda-4469-bbe4-0ee789ff217d,10,fresh_ulong_10,beta_high,1,64,29.97002997002997,/Huang_group/zyyz/Projects/GVC-RT/experiments/gvcrt_neural_wrapper_v1/checkpoints/beta_high/step_2000.pt,35630,285040,0.0021478346836419754,133.479020979021,550367.0883789062,0.0013823761824717738,28.593737574391042,28.63507301404187,0.9789230553433299,0.9599832259118557,0.07848937821108848,0.07824929989874363,/Huang_group/zyyz/Projects/GVC-RT/experiments/gvcrt_neural_wrapper_v1/bitstreams/test/fresh_ulong_10/beta_high_qp1.bin,f03bbf736acb5f4f6e96ac77dc31762d5a9a731f426798797242b89c7638d0d3,True,dc801029e38d414bbd3c80f536431e082aac67ce7dc7c411c41e5e8b7151d384,dc801029e38d414bbd3c80f536431e082aac67ce7dc7c411c41e5e8b7151d384,True,35630,True
fresh_ulong,98881c99-ebda-4469-bbe4-0ee789ff217d,10,fresh_ulong_10,beta_high,2,64,29.97002997002997,/Huang_group/zyyz/Projects/GVC-RT/experiments/gvcrt_neural_wrapper_v1/checkpoints/beta_high/step_2000.pt,46373,370984,0.0027954402970679013,173.72502497502498,502439.4375,0.0012619946326738523,28.9894249216406,29.02240869138905,0.980802221223712,0.9639245010912418,0.0710461902199313,0.07220719940960407,/Huang_group/zyyz/Projects/GVC-RT/experiments/gvcrt_neural_wrapper_v1/bitstreams/test/fresh_ulong_10/beta_high_qp2.bin,d995967dedb4ed38b92b4061f26d0112a52ca7cf9d7c992029eebdb1f8024350,True,dc801029e38d414bbd3c80f536431e082aac67ce7dc7c411c41e5e8b7151d384,dc801029e38d414bbd3c80f536431e082aac67ce7dc7c411c41e5e8b7151d384,True,46373,True
fresh_ulong,98881c99-ebda-4469-bbe4-0ee789ff217d,10,fresh_ulong_10,beta_high,3,64,29.97002997002997,/Huang_group/zyyz/Projects/GVC-RT/experiments/gvcrt_neural_wrapper_v1/checkpoints/beta_high/step_2000.pt,61835,494680,0.003727514949845679,231.6496003996004,456665.57861328125,0.0011470228372287357,29.404279352079854,29.435986267167184,0.9825988430529833,0.9674985744059086,0.06313699256861582,0.06649719178676605,/Huang_group/zyyz/Projects/GVC-RT/experiments/gvcrt_neural_wrapper_v1/bitstreams/test/fresh_ulong_10/beta_high_qp3.bin,5cea99bf3e7bb52ca42dd6f252d442172a53d4a56164103d379ec5f84f964d3f,True,dc801029e38d414bbd3c80f536431e082aac67ce7dc7c411c41e5e8b7151d384,dc801029e38d414bbd3c80f536431e082aac67ce7dc7c411c41e5e8b7151d384,True,61835,True
uvg,Beauty,0,uvg_00,original,0,64,120.0,,16226,129808,0.0009781298225308643,243.39,1067109.314453125,0.0026802956273035746,25.71817302155564,25.786374432819297,0.9574977047741413,0.8904475355520844,0.2069778407458216,0.15467291325330734,/Huang_group/zyyz/Projects/GVC-RT/experiments/gvcrt_neural_wrapper_v1/bitstreams/test/uvg_00/original_qp0.bin,133f666e2a31c5fcc6b543ad7eb3377b67aefa49070fffaa4d945394f120baa0,True,dc801029e38d414bbd3c80f536431e082aac67ce7dc7c411c41e5e8b7151d384,dc801029e38d414bbd3c80f536431e082aac67ce7dc7c411c41e5e8b7151d384,True,16226,True
uvg,Beauty,0,uvg_00,original,1,64,120.0,,22057,176456,0.0013296320408950617,330.855,1050634.888671875,0.0026389162383452366,25.785743944717943,25.82059983804017,0.9585708323866129,0.8996240701526403,0.16401762492023408,0.14594698697328568,/Huang_group/zyyz/Projects/GVC-RT/experiments/gvcrt_neural_wrapper_v1/bitstreams/test/uvg_00/original_qp1.bin,13fdd9c6a840f891261e981d633e82ee5be3bda83988b3baa2f497cbe4e36e7d,True,dc801029e38d414bbd3c80f536431e082aac67ce7dc7c411c41e5e8b7151d384,dc801029e38d414bbd3c80f536431e082aac67ce7dc7c411c41e5e8b7151d384,True,22057,True
uvg,Beauty,0,uvg_00,original,2,64,120.0,,29975,239800,0.0018069420331790122,449.625,1031178.41796875,0.0025900467433066033,25.86692398012594,25.885668923038438,0.959345756098628,0.9044955810531974,0.1458728804718703,0.14081368502229452,/Huang_group/zyyz/Projects/GVC-RT/experiments/gvcrt_neural_wrapper_v1/bitstreams/test/uvg_00/original_qp2.bin,8bf5d404b6b8af15fd1e7e9de49fe8da815420162bb55ef8a8dac4ae47bb0ca4,True,dc801029e38d414bbd3c80f536431e082aac67ce7dc7c411c41e5e8b7151d384,dc801029e38d414bbd3c80f536431e082aac67ce7dc7c411c41e5e8b7151d384,True,29975,True
uvg,Beauty,0,uvg_00,original,3,64,120.0,,41349,330792,0.0024925853587962963,620.235,954597.3676757812,0.0023976954523427987,26.20205980439205,26.22478951310464,0.9620039751753211,0.9098987448960543,0.13138094905298203,0.13340519834309816,/Huang_group/zyyz/Projects/GVC-RT/experiments/gvcrt_neural_wrapper_v1/bitstreams/test/uvg_00/original_qp3.bin,4c8229f65cb550a0586288cb5a25e94104c56b78bcd5ec7229ce4615ba98bfac,True,dc801029e38d414bbd3c80f536431e082aac67ce7dc7c411c41e5e8b7151d384,dc801029e38d414bbd3c80f536431e082aac67ce7dc7c411c41e5e8b7151d384,True,41349,True
uvg,Beauty,0,uvg_00,beta_low,0,64,120.0,/Huang_group/zyyz/Projects/GVC-RT/experiments/gvcrt_neural_wrapper_v1/checkpoints/beta_low/step_0000.pt,16226,129808,0.0009781298225308643,243.39,1067109.314453125,0.0026802956273035746,25.71817302155564,25.786374432819297,0.9574977047741413,0.8904475355520844,0.2069778407458216,0.15467291325330734,/Huang_group/zyyz/Projects/GVC-RT/experiments/gvcrt_neural_wrapper_v1/bitstreams/test/uvg_00/beta_low_qp0.bin,133f666e2a31c5fcc6b543ad7eb3377b67aefa49070fffaa4d945394f120baa0,True,dc801029e38d414bbd3c80f536431e082aac67ce7dc7c411c41e5e8b7151d384,dc801029e38d414bbd3c80f536431e082aac67ce7dc7c411c41e5e8b7151d384,True,16226,True
uvg,Beauty,0,uvg_00,beta_low,1,64,120.0,/Huang_group/zyyz/Projects/GVC-RT/experiments/gvcrt_neural_wrapper_v1/checkpoints/beta_low/step_0000.pt,22057,176456,0.0013296320408950617,330.855,1050634.888671875,0.0026389162383452366,25.785743944717943,25.82059983804017,0.9585708323866129,0.8996240701526403,0.16401762492023408,0.14594698697328568,/Huang_group/zyyz/Projects/GVC-RT/experiments/gvcrt_neural_wrapper_v1/bitstreams/test/uvg_00/beta_low_qp1.bin,13fdd9c6a840f891261e981d633e82ee5be3bda83988b3baa2f497cbe4e36e7d,True,dc801029e38d414bbd3c80f536431e082aac67ce7dc7c411c41e5e8b7151d384,dc801029e38d414bbd3c80f536431e082aac67ce7dc7c411c41e5e8b7151d384,True,22057,True
uvg,Beauty,0,uvg_00,beta_low,2,64,120.0,/Huang_group/zyyz/Projects/GVC-RT/experiments/gvcrt_neural_wrapper_v1/checkpoints/beta_low/step_0000.pt,29975,239800,0.0018069420331790122,449.625,1031178.41796875,0.0025900467433066033,25.86692398012594,25.885668923038438,0.959345756098628,0.9044955810531974,0.1458728804718703,0.14081368502229452,/Huang_group/zyyz/Projects/GVC-RT/experiments/gvcrt_neural_wrapper_v1/bitstreams/test/uvg_00/beta_low_qp2.bin,8bf5d404b6b8af15fd1e7e9de49fe8da815420162bb55ef8a8dac4ae47bb0ca4,True,dc801029e38d414bbd3c80f536431e082aac67ce7dc7c411c41e5e8b7151d384,dc801029e38d414bbd3c80f536431e082aac67ce7dc7c411c41e5e8b7151d384,True,29975,True
uvg,Beauty,0,uvg_00,beta_low,3,64,120.0,/Huang_group/zyyz/Projects/GVC-RT/experiments/gvcrt_neural_wrapper_v1/checkpoints/beta_low/step_0000.pt,41349,330792,0.0024925853587962963,620.235,954597.3676757812,0.0023976954523427987,26.20205980439205,26.22478951310464,0.9620039751753211,0.9098987448960543,0.13138094905298203,0.13340519834309816,/Huang_group/zyyz/Projects/GVC-RT/experiments/gvcrt_neural_wrapper_v1/bitstreams/test/uvg_00/beta_low_qp3.bin,4c8229f65cb550a0586288cb5a25e94104c56b78bcd5ec7229ce4615ba98bfac,True,dc801029e38d414bbd3c80f536431e082aac67ce7dc7c411c41e5e8b7151d384,dc801029e38d414bbd3c80f536431e082aac67ce7dc7c411c41e5e8b7151d384,True,41349,True
uvg,Beauty,0,uvg_00,beta_mid,0,64,120.0,/Huang_group/zyyz/Projects/GVC-RT/experiments/gvcrt_neural_wrapper_v1/checkpoints/beta_mid/step_0000.pt,16226,129808,0.0009781298225308643,243.39,1067109.314453125,0.0026802956273035746,25.71817302155564,25.786374432819297,0.9574977047741413,0.8904475355520844,0.2069778407458216,0.15467291325330734,/Huang_group/zyyz/Projects/GVC-RT/experiments/gvcrt_neural_wrapper_v1/bitstreams/test/uvg_00/beta_mid_qp0.bin,133f666e2a31c5fcc6b543ad7eb3377b67aefa49070fffaa4d945394f120baa0,True,dc801029e38d414bbd3c80f536431e082aac67ce7dc7c411c41e5e8b7151d384,dc801029e38d414bbd3c80f536431e082aac67ce7dc7c411c41e5e8b7151d384,True,16226,True
uvg,Beauty,0,uvg_00,beta_mid,1,64,120.0,/Huang_group/zyyz/Projects/GVC-RT/experiments/gvcrt_neural_wrapper_v1/checkpoints/beta_mid/step_0000.pt,22057,176456,0.0013296320408950617,330.855,1050634.888671875,0.0026389162383452366,25.785743944717943,25.82059983804017,0.9585708323866129,0.8996240701526403,0.16401762492023408,0.14594698697328568,/Huang_group/zyyz/Projects/GVC-RT/experiments/gvcrt_neural_wrapper_v1/bitstreams/test/uvg_00/beta_mid_qp1.bin,13fdd9c6a840f891261e981d633e82ee5be3bda83988b3baa2f497cbe4e36e7d,True,dc801029e38d414bbd3c80f536431e082aac67ce7dc7c411c41e5e8b7151d384,dc801029e38d414bbd3c80f536431e082aac67ce7dc7c411c41e5e8b7151d384,True,22057,True
uvg,Beauty,0,uvg_00,beta_mid,2,64,120.0,/Huang_group/zyyz/Projects/GVC-RT/experiments/gvcrt_neural_wrapper_v1/checkpoints/beta_mid/step_0000.pt,29975,239800,0.0018069420331790122,449.625,1031178.41796875,0.0025900467433066033,25.86692398012594,25.885668923038438,0.959345756098628,0.9044955810531974,0.1458728804718703,0.14081368502229452,/Huang_group/zyyz/Projects/GVC-RT/experiments/gvcrt_neural_wrapper_v1/bitstreams/test/uvg_00/beta_mid_qp2.bin,8bf5d404b6b8af15fd1e7e9de49fe8da815420162bb55ef8a8dac4ae47bb0ca4,True,dc801029e38d414bbd3c80f536431e082aac67ce7dc7c411c41e5e8b7151d384,dc801029e38d414bbd3c80f536431e082aac67ce7dc7c411c41e5e8b7151d384,True,29975,True
uvg,Beauty,0,uvg_00,beta_mid,3,64,120.0,/Huang_group/zyyz/Projects/GVC-RT/experiments/gvcrt_neural_wrapper_v1/checkpoints/beta_mid/step_0000.pt,41349,330792,0.0024925853587962963,620.235,954597.3676757812,0.0023976954523427987,26.20205980439205,26.22478951310464,0.9620039751753211,0.9098987448960543,0.13138094905298203,0.13340519834309816,/Huang_group/zyyz/Projects/GVC-RT/experiments/gvcrt_neural_wrapper_v1/bitstreams/test/uvg_00/beta_mid_qp3.bin,4c8229f65cb550a0586288cb5a25e94104c56b78bcd5ec7229ce4615ba98bfac,True,dc801029e38d414bbd3c80f536431e082aac67ce7dc7c411c41e5e8b7151d384,dc801029e38d414bbd3c80f536431e082aac67ce7dc7c411c41e5e8b7151d384,True,41349,True
uvg,Beauty,0,uvg_00,beta_high,0,64,120.0,/Huang_group/zyyz/Projects/GVC-RT/experiments/gvcrt_neural_wrapper_v1/checkpoints/beta_high/step_2000.pt,16014,128112,0.0009653501157407407,240.21,1055035.2783203125,0.002649968850269239,25.76759231057793,25.86626114991966,0.9573497045785189,0.8892411328852177,0.22213112586177886,0.15568978898227215,/Huang_group/zyyz/Projects/GVC-RT/experiments/gvcrt_neural_wrapper_v1/bitstreams/test/uvg_00/beta_high_qp0.bin,8400fdec7690a041883e1367c38c0e01511146611325b648642e764aeffd0408,True,dc801029e38d414bbd3c80f536431e082aac67ce7dc7c411c41e5e8b7151d384,dc801029e38d414bbd3c80f536431e082aac67ce7dc7c411c41e5e8b7151d384,True,16014,True
uvg,Beauty,0,uvg_00,beta_high,1,64,120.0,/Huang_group/zyyz/Projects/GVC-RT/experiments/gvcrt_neural_wrapper_v1/checkpoints/beta_high/step_2000.pt,22200,177600,0.001338252314814815,333.0,991319.51953125,0.0024899317600108957,26.03812555176079,26.07501080735953,0.9604996694251895,0.900663829408586,0.16659082984551787,0.14462316874414682,/Huang_group/zyyz/Projects/GVC-RT/experiments/gvcrt_neural_wrapper_v1/bitstreams/test/uvg_00/beta_high_qp1.bin,585af3b140866eacda3e1cf489500e68ac19375c1830ced0f673db487c8e6346,True,dc801029e38d414bbd3c80f536431e082aac67ce7dc7c411c41e5e8b7151d384,dc801029e38d414bbd3c80f536431e082aac67ce7dc7c411c41e5e8b7151d384,True,22200,True
uvg,Beauty,0,uvg_00,beta_high,2,64,120.0,/Huang_group/zyyz/Projects/GVC-RT/experiments/gvcrt_neural_wrapper_v1/checkpoints/beta_high/step_2000.pt,29988,239904,0.0018077256944444445,449.82,968044.5888671875,0.0024314713061101153,26.1413085119207,26.154456514781437,0.9614612748846412,0.9063559817150235,0.146328778937459,0.13979925774037838,/Huang_group/zyyz/Projects/GVC-RT/experiments/gvcrt_neural_wrapper_v1/bitstreams/test/uvg_00/beta_high_qp2.bin,5c3ea743ad335a20d6e921f115171a22a6bb1504a30277d38c9e355fabf93348,True,dc801029e38d414bbd3c80f536431e082aac67ce7dc7c411c41e5e8b7151d384,dc801029e38d414bbd3c80f536431e082aac67ce7dc7c411c41e5e8b7151d384,True,29988,True
uvg,Beauty,0,uvg_00,beta_high,3,64,120.0,/Huang_group/zyyz/Projects/GVC-RT/experiments/gvcrt_neural_wrapper_v1/checkpoints/beta_high/step_2000.pt,41849,334792,0.002522726176697531,627.735,887064.62109375,0.0022280711009178633,26.520709543225507,26.53767393166229,0.9643191313371062,0.9114195555448532,0.13137942145112902,0.13102177903056145,/Huang_group/zyyz/Projects/GVC-RT/experiments/gvcrt_neural_wrapper_v1/bitstreams/test/uvg_00/beta_high_qp3.bin,f3d2be9baf5880b9f10e35d84729cfbef4b061df2c31443e6742ba8c54f278ea,True,dc801029e38d414bbd3c80f536431e082aac67ce7dc7c411c41e5e8b7151d384,dc801029e38d414bbd3c80f536431e082aac67ce7dc7c411c41e5e8b7151d384,True,41849,True
uvg,Bosphorus,1,uvg_01,original,0,64,120.0,,24546,196368,0.0014796730324074074,368.19,558846.546875,0.001403674333674427,28.527336411335916,28.54118134251435,0.9362279791384935,0.8970362823456526,0.18967848084867,0.19834282528609037,/Huang_group/zyyz/Projects/GVC-RT/experiments/gvcrt_neural_wrapper_v1/bitstreams/test/uvg_01/original_qp0.bin,428726f84c6d6723d74be41e66b078f6cefe3be6c427bc22725c7a281f5527f9,True,dc801029e38d414bbd3c80f536431e082aac67ce7dc7c411c41e5e8b7151d384,dc801029e38d414bbd3c80f536431e082aac67ce7dc7c411c41e5e8b7151d384,True,24546,True
uvg,Bosphorus,1,uvg_01,original,1,64,120.0,,30994,247952,0.0018683690200617285,464.91,490586.5615234375,0.001232223351305895,29.093105653468598,29.112499065726848,0.9432370504364371,0.9076538095250726,0.1695101570803672,0.18618501536548138,/Huang_group/zyyz/Projects/GVC-RT/experiments/gvcrt_neural_wrapper_v1/bitstreams/test/uvg_01/original_qp1.bin,df7bdf4f3e256c1610669f26f5a8706e357db62314d10a9b707c43c09636c8e4,True,dc801029e38d414bbd3c80f536431e082aac67ce7dc7c411c41e5e8b7151d384,dc801029e38d414bbd3c80f536431e082aac67ce7dc7c411c41e5e8b7151d384,True,30994,True
uvg,Bosphorus,1,uvg_01,original,2,64,120.0,,39972,319776,0.0024095775462962964,599.58,430435.75390625,0.0010811404730557415,29.661178743080395,29.676404629050133,0.9494035439565778,0.9178089825436473,0.15018174285069108,0.1734229801222682,/Huang_group/zyyz/Projects/GVC-RT/experiments/gvcrt_neural_wrapper_v1/bitstreams/test/uvg_01/original_qp2.bin,d64a0c6bf84e418f7e4456a9e92990842309055ed269c26ff8c4b1e420e16e81,True,dc801029e38d414bbd3c80f536431e082aac67ce7dc7c411c41e5e8b7151d384,dc801029e38d414bbd3c80f536431e082aac67ce7dc7c411c41e5e8b7151d384,True,39972,True
uvg,Bosphorus,1,uvg_01,original,3,64,120.0,,51949,415592,0.003131570698302469,779.235,383065.208984375,0.0009621582256913676,30.167535029162696,30.18053229461293,0.954550439491868,0.9258109871298075,0.13485229574143887,0.16246113646775484,/Huang_group/zyyz/Projects/GVC-RT/experiments/gvcrt_neural_wrapper_v1/bitstreams/test/uvg_01/original_qp3.bin,abf456d08544418d14ff29dd33ac972307f54eba31d515eaeefafb47097b271d,True,dc801029e38d414bbd3c80f536431e082aac67ce7dc7c411c41e5e8b7151d384,dc801029e38d414bbd3c80f536431e082aac67ce7dc7c411c41e5e8b7151d384,True,51949,True
uvg,Bosphorus,1,uvg_01,beta_low,0,64,120.0,/Huang_group/zyyz/Projects/GVC-RT/experiments/gvcrt_neural_wrapper_v1/checkpoints/beta_low/step_0000.pt,24546,196368,0.0014796730324074074,368.19,558846.546875,0.001403674333674427,28.527336411335916,28.54118134251435,0.9362279791384935,0.8970362823456526,0.18967848084867,0.19834282528609037,/Huang_group/zyyz/Projects/GVC-RT/experiments/gvcrt_neural_wrapper_v1/bitstreams/test/uvg_01/beta_low_qp0.bin,428726f84c6d6723d74be41e66b078f6cefe3be6c427bc22725c7a281f5527f9,True,dc801029e38d414bbd3c80f536431e082aac67ce7dc7c411c41e5e8b7151d384,dc801029e38d414bbd3c80f536431e082aac67ce7dc7c411c41e5e8b7151d384,True,24546,True
uvg,Bosphorus,1,uvg_01,beta_low,1,64,120.0,/Huang_group/zyyz/Projects/GVC-RT/experiments/gvcrt_neural_wrapper_v1/checkpoints/beta_low/step_0000.pt,30994,247952,0.0018683690200617285,464.91,490586.5615234375,0.001232223351305895,29.093105653468598,29.112499065726848,0.9432370504364371,0.9076538095250726,0.1695101570803672,0.18618501536548138,/Huang_group/zyyz/Projects/GVC-RT/experiments/gvcrt_neural_wrapper_v1/bitstreams/test/uvg_01/beta_low_qp1.bin,df7bdf4f3e256c1610669f26f5a8706e357db62314d10a9b707c43c09636c8e4,True,dc801029e38d414bbd3c80f536431e082aac67ce7dc7c411c41e5e8b7151d384,dc801029e38d414bbd3c80f536431e082aac67ce7dc7c411c41e5e8b7151d384,True,30994,True
uvg,Bosphorus,1,uvg_01,beta_low,2,64,120.0,/Huang_group/zyyz/Projects/GVC-RT/experiments/gvcrt_neural_wrapper_v1/checkpoints/beta_low/step_0000.pt,39972,319776,0.0024095775462962964,599.58,430435.75390625,0.0010811404730557415,29.661178743080395,29.676404629050133,0.9494035439565778,0.9178089825436473,0.15018174285069108,0.1734229801222682,/Huang_group/zyyz/Projects/GVC-RT/experiments/gvcrt_neural_wrapper_v1/bitstreams/test/uvg_01/beta_low_qp2.bin,d64a0c6bf84e418f7e4456a9e92990842309055ed269c26ff8c4b1e420e16e81,True,dc801029e38d414bbd3c80f536431e082aac67ce7dc7c411c41e5e8b7151d384,dc801029e38d414bbd3c80f536431e082aac67ce7dc7c411c41e5e8b7151d384,True,39972,True
uvg,Bosphorus,1,uvg_01,beta_low,3,64,120.0,/Huang_group/zyyz/Projects/GVC-RT/experiments/gvcrt_neural_wrapper_v1/checkpoints/beta_low/step_0000.pt,51949,415592,0.003131570698302469,779.235,383065.208984375,0.0009621582256913676,30.167535029162696,30.18053229461293,0.954550439491868,0.9258109871298075,0.13485229574143887,0.16246113646775484,/Huang_group/zyyz/Projects/GVC-RT/experiments/gvcrt_neural_wrapper_v1/bitstreams/test/uvg_01/beta_low_qp3.bin,abf456d08544418d14ff29dd33ac972307f54eba31d515eaeefafb47097b271d,True,dc801029e38d414bbd3c80f536431e082aac67ce7dc7c411c41e5e8b7151d384,dc801029e38d414bbd3c80f536431e082aac67ce7dc7c411c41e5e8b7151d384,True,51949,True
uvg,Bosphorus,1,uvg_01,beta_mid,0,64,120.0,/Huang_group/zyyz/Projects/GVC-RT/experiments/gvcrt_neural_wrapper_v1/checkpoints/beta_mid/step_0000.pt,24546,196368,0.0014796730324074074,368.19,558846.546875,0.001403674333674427,28.527336411335916,28.54118134251435,0.9362279791384935,0.8970362823456526,0.18967848084867,0.19834282528609037,/Huang_group/zyyz/Projects/GVC-RT/experiments/gvcrt_neural_wrapper_v1/bitstreams/test/uvg_01/beta_mid_qp0.bin,428726f84c6d6723d74be41e66b078f6cefe3be6c427bc22725c7a281f5527f9,True,dc801029e38d414bbd3c80f536431e082aac67ce7dc7c411c41e5e8b7151d384,dc801029e38d414bbd3c80f536431e082aac67ce7dc7c411c41e5e8b7151d384,True,24546,True
uvg,Bosphorus,1,uvg_01,beta_mid,1,64,120.0,/Huang_group/zyyz/Projects/GVC-RT/experiments/gvcrt_neural_wrapper_v1/checkpoints/beta_mid/step_0000.pt,30994,247952,0.0018683690200617285,464.91,490586.5615234375,0.001232223351305895,29.093105653468598,29.112499065726848,0.9432370504364371,0.9076538095250726,0.1695101570803672,0.18618501536548138,/Huang_group/zyyz/Projects/GVC-RT/experiments/gvcrt_neural_wrapper_v1/bitstreams/test/uvg_01/beta_mid_qp1.bin,df7bdf4f3e256c1610669f26f5a8706e357db62314d10a9b707c43c09636c8e4,True,dc801029e38d414bbd3c80f536431e082aac67ce7dc7c411c41e5e8b7151d384,dc801029e38d414bbd3c80f536431e082aac67ce7dc7c411c41e5e8b7151d384,True,30994,True
uvg,Bosphorus,1,uvg_01,beta_mid,2,64,120.0,/Huang_group/zyyz/Projects/GVC-RT/experiments/gvcrt_neural_wrapper_v1/checkpoints/beta_mid/step_0000.pt,39972,319776,0.0024095775462962964,599.58,430435.75390625,0.0010811404730557415,29.661178743080395,29.676404629050133,0.9494035439565778,0.9178089825436473,0.15018174285069108,0.1734229801222682,/Huang_group/zyyz/Projects/GVC-RT/experiments/gvcrt_neural_wrapper_v1/bitstreams/test/uvg_01/beta_mid_qp2.bin,d64a0c6bf84e418f7e4456a9e92990842309055ed269c26ff8c4b1e420e16e81,True,dc801029e38d414bbd3c80f536431e082aac67ce7dc7c411c41e5e8b7151d384,dc801029e38d414bbd3c80f536431e082aac67ce7dc7c411c41e5e8b7151d384,True,39972,True
uvg,Bosphorus,1,uvg_01,beta_mid,3,64,120.0,/Huang_group/zyyz/Projects/GVC-RT/experiments/gvcrt_neural_wrapper_v1/checkpoints/beta_mid/step_0000.pt,51949,415592,0.003131570698302469,779.235,383065.208984375,0.0009621582256913676,30.167535029162696,30.18053229461293,0.954550439491868,0.9258109871298075,0.13485229574143887,0.16246113646775484,/Huang_group/zyyz/Projects/GVC-RT/experiments/gvcrt_neural_wrapper_v1/bitstreams/test/uvg_01/beta_mid_qp3.bin,abf456d08544418d14ff29dd33ac972307f54eba31d515eaeefafb47097b271d,True,dc801029e38d414bbd3c80f536431e082aac67ce7dc7c411c41e5e8b7151d384,dc801029e38d414bbd3c80f536431e082aac67ce7dc7c411c41e5e8b7151d384,True,51949,True
uvg,Bosphorus,1,uvg_01,beta_high,0,64,120.0,/Huang_group/zyyz/Projects/GVC-RT/experiments/gvcrt_neural_wrapper_v1/checkpoints/beta_high/step_2000.pt,24690,197520,0.001488353587962963,370.35,544658.572265625,0.0013680379037503843,28.63901869603046,28.650546743433598,0.9361007288098335,0.8961003897711635,0.18929587979801,0.20170848350971937,/Huang_group/zyyz/Projects/GVC-RT/experiments/gvcrt_neural_wrapper_v1/bitstreams/test/uvg_01/beta_high_qp0.bin,85cd3ab0423a1b8f1bba0d58e2db60afd85b5d3e667e0016f5ee94500e5e3a06,True,dc801029e38d414bbd3c80f536431e082aac67ce7dc7c411c41e5e8b7151d384,dc801029e38d414bbd3c80f536431e082aac67ce7dc7c411c41e5e8b7151d384,True,24690,True
uvg,Bosphorus,1,uvg_01,beta_high,1,64,120.0,/Huang_group/zyyz/Projects/GVC-RT/experiments/gvcrt_neural_wrapper_v1/checkpoints/beta_high/step_2000.pt,31071,248568,0.0018730107060185184,466.065,479978.62451171875,0.001205579026491063,29.188043160670386,29.206373679845406,0.9430249659344554,0.9065116485580802,0.16915678582154214,0.19077732786536217,/Huang_group/zyyz/Projects/GVC-RT/experiments/gvcrt_neural_wrapper_v1/bitstreams/test/uvg_01/beta_high_qp1.bin,4065b57ac000f14e43271e2bee9f0420da8c602063c3c5d8084201983893a2ca,True,dc801029e38d414bbd3c80f536431e082aac67ce7dc7c411c41e5e8b7151d384,dc801029e38d414bbd3c80f536431e082aac67ce7dc7c411c41e5e8b7151d384,True,31071,True
uvg,Bosphorus,1,uvg_01,beta_high,2,64,120.0,/Huang_group/zyyz/Projects/GVC-RT/experiments/gvcrt_neural_wrapper_v1/checkpoints/beta_high/step_2000.pt,40115,320920,0.0024181978202160496,601.725,426613.75830078125,0.0010715406335920954,29.69991355550542,29.7115395110174,0.9491811450570822,0.916918320581317,0.15008052624762058,0.17920535150915384,/Huang_group/zyyz/Projects/GVC-RT/experiments/gvcrt_neural_wrapper_v1/bitstreams/test/uvg_01/beta_high_qp2.bin,1446d88ad44d48eb9669793fd4db59e6c988c5abbd6587d8446ee57c153c70d2,True,dc801029e38d414bbd3c80f536431e082aac67ce7dc7c411c41e5e8b7151d384,dc801029e38d414bbd3c80f536431e082aac67ce7dc7c411c41e5e8b7151d384,True,40115,True
uvg,Bosphorus,1,uvg_01,beta_high,3,64,120.0,/Huang_group/zyyz/Projects/GVC-RT/experiments/gvcrt_neural_wrapper_v1/checkpoints/beta_high/step_2000.pt,52164,417312,0.00314453125,782.46,379533.38232421875,0.0009532872136728263,30.207762320786276,30.2190032986311,0.9545849552378058,0.9247452514246106,0.13524375041015446,0.16968044452369213,/Huang_group/zyyz/Projects/GVC-RT/experiments/gvcrt_neural_wrapper_v1/bitstreams/test/uvg_01/beta_high_qp3.bin,55e076143340fb800cf6733bd6a7562439cd42af465697765f3c007ecd6907dd,True,dc801029e38d414bbd3c80f536431e082aac67ce7dc7c411c41e5e8b7151d384,dc801029e38d414bbd3c80f536431e082aac67ce7dc7c411c41e5e8b7151d384,True,52164,True
uvg,HoneyBee,2,uvg_02,original,0,64,120.0,,23100,184800,0.001392505787037037,346.5,566901.5170898438,0.0014239062828782165,28.465185936824646,28.479245345119732,0.956663416698575,0.8691679108887911,0.18208844610489905,0.15106658916920424,/Huang_group/zyyz/Projects/GVC-RT/experiments/gvcrt_neural_wrapper_v1/bitstreams/test/uvg_02/original_qp0.bin,9b011532d449bc880f5a1babc5c8b67314874730f1569a5201ae81673e02b053,True,dc801029e38d414bbd3c80f536431e082aac67ce7dc7c411c41e5e8b7151d384,dc801029e38d414bbd3c80f536431e082aac67ce7dc7c411c41e5e8b7151d384,True,23100,True
uvg,HoneyBee,2,uvg_02,original,1,64,120.0,,28168,225344,0.0016980131172839505,422.52,484682.49658203125,0.0012173939057828957,29.145688766354866,29.158055004529206,0.962797743268311,0.884628826752305,0.16077597788535058,0.1377616971731186,/Huang_group/zyyz/Projects/GVC-RT/experiments/gvcrt_neural_wrapper_v1/bitstreams/test/uvg_02/original_qp1.bin,4f07426c355d1e68738aa5c2d6781df595e4b7fc14c159d35f424fdb770ccde0,True,dc801029e38d414bbd3c80f536431e082aac67ce7dc7c411c41e5e8b7151d384,dc801029e38d414bbd3c80f536431e082aac67ce7dc7c411c41e5e8b7151d384,True,28168,True
uvg,HoneyBee,2,uvg_02,original,2,64,120.0,,35589,284712,0.002145363136574074,533.835,411125.94677734375,0.0010326393580240478,29.86051326270282,29.866301226418738,0.9684873474761844,0.898980644531548,0.14060875168070197,0.13099085818976164,/Huang_group/zyyz/Projects/GVC-RT/experiments/gvcrt_neural_wrapper_v1/bitstreams/test/uvg_02/original_qp2.bin,28958a31ec20582ac4b9c90f61ceb89dcd847380de5204b2d1d2d1a8a12f202a,True,dc801029e38d414bbd3c80f536431e082aac67ce7dc7c411c41e5e8b7151d384,dc801029e38d414bbd3c80f536431e082aac67ce7dc7c411c41e5e8b7151d384,True,35589,True
uvg,HoneyBee,2,uvg_02,original,3,64,120.0,,44679,357432,0.0026933232060185187,670.185,346961.927734375,0.0008714763568752587,30.59744390789094,30.602642815893834,0.973196679726243,0.9126660777255893,0.12418918183539063,0.12001204770058393,/Huang_group/zyyz/Projects/GVC-RT/experiments/gvcrt_neural_wrapper_v1/bitstreams/test/uvg_02/original_qp3.bin,6d4359ff358945a8171b91e5cf29771bfcf25598d6d9e4fb87da5347e1689dd5,True,dc801029e38d414bbd3c80f536431e082aac67ce7dc7c411c41e5e8b7151d384,dc801029e38d414bbd3c80f536431e082aac67ce7dc7c411c41e5e8b7151d384,True,44679,True
uvg,HoneyBee,2,uvg_02,beta_low,0,64,120.0,/Huang_group/zyyz/Projects/GVC-RT/experiments/gvcrt_neural_wrapper_v1/checkpoints/beta_low/step_0000.pt,23100,184800,0.001392505787037037,346.5,566901.5170898438,0.0014239062828782165,28.465185936824646,28.479245345119732,0.956663416698575,0.8691679108887911,0.18208844610489905,0.15106658916920424,/Huang_group/zyyz/Projects/GVC-RT/experiments/gvcrt_neural_wrapper_v1/bitstreams/test/uvg_02/beta_low_qp0.bin,9b011532d449bc880f5a1babc5c8b67314874730f1569a5201ae81673e02b053,True,dc801029e38d414bbd3c80f536431e082aac67ce7dc7c411c41e5e8b7151d384,dc801029e38d414bbd3c80f536431e082aac67ce7dc7c411c41e5e8b7151d384,True,23100,True
uvg,HoneyBee,2,uvg_02,beta_low,1,64,120.0,/Huang_group/zyyz/Projects/GVC-RT/experiments/gvcrt_neural_wrapper_v1/checkpoints/beta_low/step_0000.pt,28168,225344,0.0016980131172839505,422.52,484682.49658203125,0.0012173939057828957,29.145688766354866,29.158055004529206,0.962797743268311,0.884628826752305,0.16077597788535058,0.1377616971731186,/Huang_group/zyyz/Projects/GVC-RT/experiments/gvcrt_neural_wrapper_v1/bitstreams/test/uvg_02/beta_low_qp1.bin,4f07426c355d1e68738aa5c2d6781df595e4b7fc14c159d35f424fdb770ccde0,True,dc801029e38d414bbd3c80f536431e082aac67ce7dc7c411c41e5e8b7151d384,dc801029e38d414bbd3c80f536431e082aac67ce7dc7c411c41e5e8b7151d384,True,28168,True
uvg,HoneyBee,2,uvg_02,beta_low,2,64,120.0,/Huang_group/zyyz/Projects/GVC-RT/experiments/gvcrt_neural_wrapper_v1/checkpoints/beta_low/step_0000.pt,35589,284712,0.002145363136574074,533.835,411125.94677734375,0.0010326393580240478,29.86051326270282,29.866301226418738,0.9684873474761844,0.898980644531548,0.14060875168070197,0.13099085818976164,/Huang_group/zyyz/Projects/GVC-RT/experiments/gvcrt_neural_wrapper_v1/bitstreams/test/uvg_02/beta_low_qp2.bin,28958a31ec20582ac4b9c90f61ceb89dcd847380de5204b2d1d2d1a8a12f202a,True,dc801029e38d414bbd3c80f536431e082aac67ce7dc7c411c41e5e8b7151d384,dc801029e38d414bbd3c80f536431e082aac67ce7dc7c411c41e5e8b7151d384,True,35589,True
uvg,HoneyBee,2,uvg_02,beta_low,3,64,120.0,/Huang_group/zyyz/Projects/GVC-RT/experiments/gvcrt_neural_wrapper_v1/checkpoints/beta_low/step_0000.pt,44679,357432,0.0026933232060185187,670.185,346961.927734375,0.0008714763568752587,30.59744390789094,30.602642815893834,0.973196679726243,0.9126660777255893,0.12418918183539063,0.12001204770058393,/Huang_group/zyyz/Projects/GVC-RT/experiments/gvcrt_neural_wrapper_v1/bitstreams/test/uvg_02/beta_low_qp3.bin,6d4359ff358945a8171b91e5cf29771bfcf25598d6d9e4fb87da5347e1689dd5,True,dc801029e38d414bbd3c80f536431e082aac67ce7dc7c411c41e5e8b7151d384,dc801029e38d414bbd3c80f536431e082aac67ce7dc7c411c41e5e8b7151d384,True,44679,True
uvg,HoneyBee,2,uvg_02,beta_mid,0,64,120.0,/Huang_group/zyyz/Projects/GVC-RT/experiments/gvcrt_neural_wrapper_v1/checkpoints/beta_mid/step_0000.pt,23100,184800,0.001392505787037037,346.5,566901.5170898438,0.0014239062828782165,28.465185936824646,28.479245345119732,0.956663416698575,0.8691679108887911,0.18208844610489905,0.15106658916920424,/Huang_group/zyyz/Projects/GVC-RT/experiments/gvcrt_neural_wrapper_v1/bitstreams/test/uvg_02/beta_mid_qp0.bin,9b011532d449bc880f5a1babc5c8b67314874730f1569a5201ae81673e02b053,True,dc801029e38d414bbd3c80f536431e082aac67ce7dc7c411c41e5e8b7151d384,dc801029e38d414bbd3c80f536431e082aac67ce7dc7c411c41e5e8b7151d384,True,23100,True
uvg,HoneyBee,2,uvg_02,beta_mid,1,64,120.0,/Huang_group/zyyz/Projects/GVC-RT/experiments/gvcrt_neural_wrapper_v1/checkpoints/beta_mid/step_0000.pt,28168,225344,0.0016980131172839505,422.52,484682.49658203125,0.0012173939057828957,29.145688766354866,29.158055004529206,0.962797743268311,0.884628826752305,0.16077597788535058,0.1377616971731186,/Huang_group/zyyz/Projects/GVC-RT/experiments/gvcrt_neural_wrapper_v1/bitstreams/test/uvg_02/beta_mid_qp1.bin,4f07426c355d1e68738aa5c2d6781df595e4b7fc14c159d35f424fdb770ccde0,True,dc801029e38d414bbd3c80f536431e082aac67ce7dc7c411c41e5e8b7151d384,dc801029e38d414bbd3c80f536431e082aac67ce7dc7c411c41e5e8b7151d384,True,28168,True
uvg,HoneyBee,2,uvg_02,beta_mid,2,64,120.0,/Huang_group/zyyz/Projects/GVC-RT/experiments/gvcrt_neural_wrapper_v1/checkpoints/beta_mid/step_0000.pt,35589,284712,0.002145363136574074,533.835,411125.94677734375,0.0010326393580240478,29.86051326270282,29.866301226418738,0.9684873474761844,0.898980644531548,0.14060875168070197,0.13099085818976164,/Huang_group/zyyz/Projects/GVC-RT/experiments/gvcrt_neural_wrapper_v1/bitstreams/test/uvg_02/beta_mid_qp2.bin,28958a31ec20582ac4b9c90f61ceb89dcd847380de5204b2d1d2d1a8a12f202a,True,dc801029e38d414bbd3c80f536431e082aac67ce7dc7c411c41e5e8b7151d384,dc801029e38d414bbd3c80f536431e082aac67ce7dc7c411c41e5e8b7151d384,True,35589,True
uvg,HoneyBee,2,uvg_02,beta_mid,3,64,120.0,/Huang_group/zyyz/Projects/GVC-RT/experiments/gvcrt_neural_wrapper_v1/checkpoints/beta_mid/step_0000.pt,44679,357432,0.0026933232060185187,670.185,346961.927734375,0.0008714763568752587,30.59744390789094,30.602642815893834,0.973196679726243,0.9126660777255893,0.12418918183539063,0.12001204770058393,/Huang_group/zyyz/Projects/GVC-RT/experiments/gvcrt_neural_wrapper_v1/bitstreams/test/uvg_02/beta_mid_qp3.bin,6d4359ff358945a8171b91e5cf29771bfcf25598d6d9e4fb87da5347e1689dd5,True,dc801029e38d414bbd3c80f536431e082aac67ce7dc7c411c41e5e8b7151d384,dc801029e38d414bbd3c80f536431e082aac67ce7dc7c411c41e5e8b7151d384,True,44679,True
uvg,HoneyBee,2,uvg_02,beta_high,0,64,120.0,/Huang_group/zyyz/Projects/GVC-RT/experiments/gvcrt_neural_wrapper_v1/checkpoints/beta_high/step_2000.pt,23088,184704,0.0013917824074074073,346.32,586087.03125,0.0014720952069317854,28.32064101338187,28.33393158569897,0.955784261226654,0.8702698796987534,0.18399641080759466,0.1493012895807624,/Huang_group/zyyz/Projects/GVC-RT/experiments/gvcrt_neural_wrapper_v1/bitstreams/test/uvg_02/beta_high_qp0.bin,c1b5e8b2918cd54f936626ca07432a21b29b066b9015a4082c534e368075b997,True,dc801029e38d414bbd3c80f536431e082aac67ce7dc7c411c41e5e8b7151d384,dc801029e38d414bbd3c80f536431e082aac67ce7dc7c411c41e5e8b7151d384,True,23088,True
uvg,HoneyBee,2,uvg_02,beta_high,1,64,120.0,/Huang_group/zyyz/Projects/GVC-RT/experiments/gvcrt_neural_wrapper_v1/checkpoints/beta_high/step_2000.pt,28258,226064,0.001703438464506173,423.87,505210.5634765625,0.0012689549662939315,28.96553790227663,28.97941931087358,0.9621459366753697,0.8864671280607581,0.16092284675687551,0.13810491189360619,/Huang_group/zyyz/Projects/GVC-RT/experiments/gvcrt_neural_wrapper_v1/bitstreams/test/uvg_02/beta_high_qp1.bin,7623b3904f6b3a8eba12d8f59d09ae57fcca28074e90f6b711b92e213c3538be,True,dc801029e38d414bbd3c80f536431e082aac67ce7dc7c411c41e5e8b7151d384,dc801029e38d414bbd3c80f536431e082aac67ce7dc7c411c41e5e8b7151d384,True,28258,True
uvg,HoneyBee,2,uvg_02,beta_high,2,64,120.0,/Huang_group/zyyz/Projects/GVC-RT/experiments/gvcrt_neural_wrapper_v1/checkpoints/beta_high/step_2000.pt,35590,284720,0.0021454234182098765,533.85,427234.72998046875,0.001073100349785369,29.693596635696956,29.700249852536146,0.9684411566704512,0.9013925474137068,0.1413809040095657,0.1261558886617422,/Huang_group/zyyz/Projects/GVC-RT/experiments/gvcrt_neural_wrapper_v1/bitstreams/test/uvg_02/beta_high_qp2.bin,1e37776133b6951498b5483d5dc5f21726ba542c9dccf12b2e18142a9f62a670,True,dc801029e38d414bbd3c80f536431e082aac67ce7dc7c411c41e5e8b7151d384,dc801029e38d414bbd3c80f536431e082aac67ce7dc7c411c41e5e8b7151d384,True,35590,True
uvg,HoneyBee,2,uvg_02,beta_high,3,64,120.0,/Huang_group/zyyz/Projects/GVC-RT/experiments/gvcrt_neural_wrapper_v1/checkpoints/beta_high/step_2000.pt,45023,360184,0.0027140600887345678,675.345,362552.28466796875,0.0009106351993211503,30.40655566661815,30.41211372215887,0.9732151255011559,0.9152258485555649,0.1242881208891049,0.11799904610961676,/Huang_group/zyyz/Projects/GVC-RT/experiments/gvcrt_neural_wrapper_v1/bitstreams/test/uvg_02/beta_high_qp3.bin,bdf8c60e3d9a54fe87017459e97392755a928475664424deb8896a6db2f81de7,True,dc801029e38d414bbd3c80f536431e082aac67ce7dc7c411c41e5e8b7151d384,dc801029e38d414bbd3c80f536431e082aac67ce7dc7c411c41e5e8b7151d384,True,45023,True
