split,video,alpha,scope,comparison_type,M2_base_bytes,M2_enhancement_bytes,M2_total_bytes,M2_budget_bytes,M2_stream_sent,M2_selected_label_nonzero_frames,M2_actual_nonzero_frames,M2_Z_count,M2_E_count,M2_O1_count,M2_O2_count,M2_psnr,M2_ms_ssim,M2_lpips,M2_psnr_minus_ZERO,M2_ms_ssim_minus_ZERO,M2_lpips_minus_ZERO,M4_base_bytes,M4_enhancement_bytes,M4_total_bytes,M4_budget_bytes,M4_stream_sent,M4_selected_label_nonzero_frames,M4_actual_nonzero_frames,M4_Z_count,M4_E_count,M4_O1_count,M4_O2_count,M4_psnr,M4_ms_ssim,M4_lpips,M4_psnr_minus_ZERO,M4_ms_ssim_minus_ZERO,M4_lpips_minus_ZERO,M4_minus_M2_enhancement_bytes,M4_minus_M2_total_bytes,M4_minus_M2_actual_nonzero_frames,M4_minus_M2_psnr,M4_minus_M2_ms_ssim,M4_minus_M2_lpips,M4_minus_M2_psnr_minus_ZERO,M4_minus_M2_ms_ssim_minus_ZERO,M4_minus_M2_lpips_minus_ZERO
Train2,c227e33d-910e-4e39-a325-0fe1d1116436,0.1,P,"same budget upper bound, not same actual rate",13098.0,1281.0,14379.0,1309.0,True,2.0,2.0,13.0,2.0,0.0,0.0,29.679837753951244,0.9035209701515202,0.16971326470375062,0.10561592236006945,0.0017623883772338589,-0.005849187572797121,13098.0,1236.0,14334.0,1309.0,True,2.0,2.0,13.0,1.0,1.0,0.0,29.681420025713486,0.9033807077335873,0.17015593151251476,0.10719819412231146,0.0016221259593008908,-0.005406520764032974,-45.0,-45.0,0.0,0.0015822717622420157,-0.00014026241793296812,0.0004426668087641472,0.0015822717622420157,-0.00014026241793296812,0.0004426668087641472
Train2,c227e33d-910e-4e39-a325-0fe1d1116436,0.1,IP,"same budget upper bound, not same actual rate",13098.0,1281.0,14379.0,1309.0,True,2.0,2.0,13.0,2.0,0.0,0.0,29.47258172038483,0.8979909403548912,0.17331257835030556,0.09901492721256488,0.0016522391036567496,-0.005483613349497318,13098.0,1236.0,14334.0,1309.0,True,2.0,2.0,13.0,1.0,1.0,0.0,29.474065100161933,0.8978594443380791,0.17372757848352194,0.10049830698966744,0.0015207430868445782,-0.005068613216280937,-45.0,-45.0,0.0,0.0014833797771025559,-0.0001314960168121715,0.0004150001332163811,0.0014833797771025559,-0.0001314960168121715,0.0004150001332163811
Train2,c227e33d-910e-4e39-a325-0fe1d1116436,0.25,P,"same budget upper bound, not same actual rate",13098.0,3105.0,16203.0,3274.0,True,5.0,5.0,10.0,5.0,0.0,0.0,29.81767328443976,0.9059114612761996,0.1610457867383957,0.2434514528485856,0.004152879501913231,-0.014516665538152035,13098.0,3227.0,16325.0,3274.0,True,6.0,6.0,9.0,2.0,4.0,0.0,29.855446691092073,0.9061207657740664,0.16036218106746675,0.2812248595008988,0.004362183999780056,-0.01520027120908099,122.0,122.0,1.0,0.03777340665231321,0.0002093044978668246,-0.0006836056709289551,0.03777340665231321,0.0002093044978668246,-0.0006836056709289551
Train2,c227e33d-910e-4e39-a325-0fe1d1116436,0.25,IP,"same budget upper bound, not same actual rate",13098.0,3105.0,16203.0,3274.0,True,5.0,5.0,10.0,5.0,0.0,0.0,29.601802530217814,0.9002320257842782,0.16518681775778532,0.2282357370455479,0.003893324533043696,-0.013609373942017555,13098.0,3227.0,16325.0,3274.0,True,6.0,6.0,9.0,2.0,4.0,0.0,29.637215098954357,0.9004282487510283,0.16454593744128942,0.2636483057820911,0.004089547499793844,-0.01425025425851345,122.0,122.0,1.0,0.03541256873654319,0.00019622296675014805,-0.0006408803164958954,0.03541256873654319,0.00019622296675014805,-0.0006408803164958954
Train2,c227e33d-910e-4e39-a325-0fe1d1116436,0.5,P,"same budget upper bound, not same actual rate",13098.0,6104.0,19202.0,6549.0,True,10.0,10.0,5.0,10.0,0.0,0.0,30.006789144533844,0.9094053179961838,0.14713596900304157,0.4325673129426697,0.007646736221897488,-0.028426483273506165,13098.0,6504.0,19602.0,6549.0,True,12.0,12.0,3.0,6.0,6.0,0.0,30.07357304578026,0.9098858865319949,0.14550040066242217,0.4993512141890868,0.008127304757708509,-0.030062051614125562,400.0,400.0,2.0,0.06678390124641709,0.0004805685358110212,-0.0016355683406193977,0.06678390124641709,0.0004805685358110212,-0.0016355683406193977
Train2,c227e33d-910e-4e39-a325-0fe1d1116436,0.5,IP,"same budget upper bound, not same actual rate",13098.0,6104.0,19202.0,6549.0,True,10.0,10.0,5.0,10.0,0.0,0.0,29.779098649056017,0.9035075164592634,0.15214636363089085,0.4055318558837513,0.0071688152080289225,-0.02664982806891203,13098.0,6504.0,19602.0,6549.0,True,12.0,12.0,3.0,6.0,6.0,0.0,29.841708556474533,0.9039580494615862,0.15061301831156015,0.46814176330226687,0.007619348210351706,-0.02818317338824272,400.0,400.0,2.0,0.06260990741851558,0.0004505330023227838,-0.0015333453193306923,0.06260990741851558,0.0004505330023227838,-0.0015333453193306923
Train2,fb63c34e-0c28-4a4d-b8f8-59932b5e7875,0.1,P,"same budget upper bound, not same actual rate",11620.0,0.0,11620.0,1162.0,False,0.0,0.0,15.0,0.0,0.0,0.0,18.329888267675436,0.7847807763103111,0.3785805066426595,0.0,0.0,0.0,11620.0,734.0,12354.0,1162.0,True,1.0,1.0,14.0,0.0,1.0,0.0,18.34694590773652,0.7854787192311072,0.37807117104530336,0.01705764006108268,0.0006979429207961685,-0.0005093355973561642,734.0,734.0,1.0,0.01705764006108268,0.0006979429207961685,-0.0005093355973561642,0.01705764006108268,0.0006979429207961685,-0.0005093355973561642
Train2,fb63c34e-0c28-4a4d-b8f8-59932b5e7875,0.1,IP,"same budget upper bound, not same actual rate",11620.0,0.0,11620.0,1162.0,False,0.0,0.0,15.0,0.0,0.0,0.0,18.148826288093332,0.7782865542775683,0.37195534631609917,0.0,0.0,0.0,11620.0,734.0,12354.0,1162.0,True,1.0,1.0,14.0,0.0,1.0,0.0,18.164817825650594,0.7789408757658147,0.37147784419357777,0.015991537557262347,0.000654321488246401,-0.00047750212252140045,734.0,734.0,1.0,0.015991537557262347,0.000654321488246401,-0.00047750212252140045,0.015991537557262347,0.000654321488246401,-0.00047750212252140045
Train2,fb63c34e-0c28-4a4d-b8f8-59932b5e7875,0.25,P,"same budget upper bound, not same actual rate",11620.0,1633.0,13253.0,2905.0,True,1.0,1.0,14.0,1.0,0.0,0.0,18.369257539760536,0.7870203598286138,0.37439634203910827,0.03936927208509999,0.002239583518302779,-0.004184164603551255,11620.0,2897.0,14517.0,2905.0,True,5.0,5.0,10.0,0.0,0.0,5.0,18.40872889839615,0.7879117546991594,0.3763659358024597,0.07884063072071257,0.003130978388848349,-0.0022145708401998254,1264.0,1264.0,4.0,0.039471358635612575,0.0008913948705455699,0.0019695937633514293,0.039471358635612575,0.0008913948705455699,0.0019695937633514293
Train2,fb63c34e-0c28-4a4d-b8f8-59932b5e7875,0.25,IP,"same budget upper bound, not same actual rate",11620.0,1633.0,13253.0,2905.0,True,1.0,1.0,14.0,1.0,0.0,0.0,18.18573498067311,0.7803861638259773,0.3680326920002699,0.0369086925797788,0.0020996095484089317,-0.003922654315829277,11620.0,2897.0,14517.0,2905.0,True,5.0,5.0,10.0,0.0,0.0,5.0,18.222739379394,0.7812218465171137,0.36987918615341187,0.07391309130066759,0.0029352922395453618,-0.0020761601626873016,1264.0,1264.0,4.0,0.03700439872088879,0.0008356826911364301,0.0018464941531419754,0.03700439872088879,0.0008356826911364301,0.0018464941531419754
Train2,fb63c34e-0c28-4a4d-b8f8-59932b5e7875,0.5,P,"same budget upper bound, not same actual rate",11620.0,4766.0,16386.0,5810.0,True,3.0,3.0,12.0,3.0,0.0,0.0,18.44669483210322,0.791386944165566,0.3661740799744924,0.11680656442778314,0.0066061678552549186,-0.012406426668167103,11620.0,5807.0,17427.0,5810.0,True,10.0,10.0,5.0,0.0,1.0,9.0,18.488094732450808,0.7912605831497251,0.37355830272038776,0.1582064647753718,0.006479806839414071,-0.005022203922271762,1041.0,1041.0,7.0,0.04139990034758867,-0.0001263610158408479,0.007384222745895341,0.04139990034758867,-0.0001263610158408479,0.007384222745895341
Train2,fb63c34e-0c28-4a4d-b8f8-59932b5e7875,0.5,IP,"same budget upper bound, not same actual rate",11620.0,4766.0,16386.0,5810.0,True,3.0,3.0,12.0,3.0,0.0,0.0,18.258332442244377,0.7844798366418698,0.3603243213146925,0.10950615415104537,0.0061932823643015,-0.01163102500140667,11620.0,5807.0,17427.0,5810.0,True,10.0,10.0,5.0,0.0,1.0,9.0,18.297144848820242,0.784361373189519,0.3672470301389694,0.14831856072690996,0.006074818911950719,-0.0047083161771297455,1041.0,1041.0,7.0,0.0388124065758646,-0.00011846345235078104,0.006922708824276924,0.0388124065758646,-0.00011846345235078104,0.006922708824276924
Val6,026aa77c-d036-41b7-a998-83c1911fe2bf,0.1,P,"same budget upper bound, not same actual rate",9501.0,849.0,10350.0,950.0,True,1.0,1.0,14.0,1.0,0.0,0.0,33.46641399774071,0.9678088375733346,0.06915695915619532,0.06882307394847942,2.6283636511470476e-05,-0.0005757714311281775,9501.0,849.0,10350.0,950.0,True,1.0,1.0,14.0,1.0,0.0,0.0,33.46641399774071,0.9678088375733346,0.06915695915619532,0.06882307394847942,2.6283636511470476e-05,-0.0005757714311281775,0.0,0.0,0.0,0.0,0.0,0.0,0.0,0.0,0.0
Val6,026aa77c-d036-41b7-a998-83c1911fe2bf,0.1,IP,"same budget upper bound, not same actual rate",9501.0,849.0,10350.0,950.0,True,1.0,1.0,14.0,1.0,0.0,0.0,33.246866950426615,0.966019463237825,0.0707979123108089,0.06452163182670034,2.4640909229489694e-05,-0.0005397857166826725,9501.0,849.0,10350.0,950.0,True,1.0,1.0,14.0,1.0,0.0,0.0,33.246866950426615,0.966019463237825,0.0707979123108089,0.06452163182670034,2.4640909229489694e-05,-0.0005397857166826725,0.0,0.0,0.0,0.0,0.0,0.0,0.0,0.0,0.0
Val6,026aa77c-d036-41b7-a998-83c1911fe2bf,0.25,P,"same budget upper bound, not same actual rate",9501.0,2316.0,11817.0,2375.0,True,3.0,3.0,12.0,3.0,0.0,0.0,33.57816331125517,0.9679826677838074,0.0681173120935758,0.1805723874629379,0.00020011384698426227,-0.0016154184937477029,9501.0,2316.0,11817.0,2375.0,True,3.0,3.0,12.0,3.0,0.0,0.0,33.57816331125517,0.9679826677838074,0.0681173120935758,0.1805723874629379,0.00020011384698426227,-0.0016154184937477029,0.0,0.0,0.0,0.0,0.0,0.0,0.0,0.0,0.0
Val6,026aa77c-d036-41b7-a998-83c1911fe2bf,0.25,IP,"same budget upper bound, not same actual rate",9501.0,2316.0,11817.0,2375.0,True,3.0,3.0,12.0,3.0,0.0,0.0,33.35163193184642,0.9661824290601432,0.06982324318960309,0.16928661324650562,0.00018760673154771812,-0.0015144548378884792,9501.0,2316.0,11817.0,2375.0,True,3.0,3.0,12.0,3.0,0.0,0.0,33.35163193184642,0.9661824290601432,0.06982324318960309,0.16928661324650562,0.00018760673154771812,-0.0015144548378884792,0.0,0.0,0.0,0.0,0.0,0.0,0.0,0.0,0.0
Val6,026aa77c-d036-41b7-a998-83c1911fe2bf,0.5,P,"same budget upper bound, not same actual rate",9501.0,4420.0,13921.0,4750.0,True,6.0,6.0,9.0,6.0,0.0,0.0,33.73051661126296,0.9680982454692033,0.06685918122529984,0.33292568747073403,0.0003156915323802023,-0.002873549362023664,9501.0,4420.0,13921.0,4750.0,True,6.0,6.0,9.0,6.0,0.0,0.0,33.73051661126296,0.9680982454692033,0.06685918122529984,0.33292568747073403,0.0003156915323802023,-0.002873549362023664,0.0,0.0,0.0,0.0,0.0,0.0,0.0,0.0,0.0
Val6,026aa77c-d036-41b7-a998-83c1911fe2bf,0.5,IP,"same budget upper bound, not same actual rate",9501.0,4420.0,13921.0,4750.0,True,6.0,6.0,9.0,6.0,0.0,0.0,33.49446315060373,0.9662907831402019,0.06864374550059438,0.31211783200381404,0.00029596081160643273,-0.002693952526897192,9501.0,4420.0,13921.0,4750.0,True,6.0,6.0,9.0,6.0,0.0,0.0,33.49446315060373,0.9662907831402019,0.06864374550059438,0.31211783200381404,0.00029596081160643273,-0.002693952526897192,0.0,0.0,0.0,0.0,0.0,0.0,0.0,0.0,0.0
Val6,2996c286-14c5-4157-95ba-f2a73fae0187,0.1,P,"same budget upper bound, not same actual rate",10243.0,0.0,10243.0,1024.0,False,0.0,0.0,15.0,0.0,0.0,0.0,18.191412624694728,0.47722814281170406,0.5721337119738261,0.0,0.0,0.0,10243.0,0.0,10243.0,1024.0,False,0.0,0.0,15.0,0.0,0.0,0.0,18.191412624694728,0.47722814281170406,0.5721337119738261,0.0,0.0,0.0,0.0,0.0,0.0,0.0,0.0,0.0,0.0,0.0,0.0
Val6,2996c286-14c5-4157-95ba-f2a73fae0187,0.1,IP,"same budget upper bound, not same actual rate",10243.0,0.0,10243.0,1024.0,False,0.0,0.0,15.0,0.0,0.0,0.0,18.07609181521855,0.4717401203326212,0.5624324791133404,0.0,0.0,0.0,10243.0,0.0,10243.0,1024.0,False,0.0,0.0,15.0,0.0,0.0,0.0,18.07609181521855,0.4717401203326212,0.5624324791133404,0.0,0.0,0.0,0.0,0.0,0.0,0.0,0.0,0.0,0.0,0.0,0.0
Val6,2996c286-14c5-4157-95ba-f2a73fae0187,0.25,P,"same budget upper bound, not same actual rate",10243.0,2553.0,12796.0,2560.0,True,2.0,2.0,13.0,2.0,0.0,0.0,18.2074312074887,0.47912148397401516,0.5687227487564087,0.016018582793972058,0.0018933411623111018,-0.0034109632174174065,10243.0,2553.0,12796.0,2560.0,True,2.0,2.0,13.0,2.0,0.0,0.0,18.2074312074887,0.47912148397401516,0.5687227487564087,0.016018582793972058,0.0018933411623111018,-0.0034109632174174065,0.0,0.0,0.0,0.0,0.0,0.0,0.0,0.0,0.0
Val6,2996c286-14c5-4157-95ba-f2a73fae0187,0.25,IP,"same budget upper bound, not same actual rate",10243.0,2553.0,12796.0,2560.0,True,2.0,2.0,13.0,2.0,0.0,0.0,18.0911092365879,0.47351512767228787,0.5592347010970116,0.015017421369350359,0.0017750073396666788,-0.0031977780163288116,10243.0,2553.0,12796.0,2560.0,True,2.0,2.0,13.0,2.0,0.0,0.0,18.0911092365879,0.47351512767228787,0.5592347010970116,0.015017421369350359,0.0017750073396666788,-0.0031977780163288116,0.0,0.0,0.0,0.0,0.0,0.0,0.0,0.0,0.0
Val6,2996c286-14c5-4157-95ba-f2a73fae0187,0.5,P,"same budget upper bound, not same actual rate",10243.0,5002.0,15245.0,5121.0,True,4.0,4.0,11.0,4.0,0.0,0.0,18.222037337233715,0.48104946973588714,0.5656415462493897,0.030624712538987353,0.003821326924183077,-0.0064921657244364495,10243.0,5002.0,15245.0,5121.0,True,4.0,4.0,11.0,4.0,0.0,0.0,18.222037337233715,0.48104946973588714,0.5656415462493897,0.030624712538987353,0.003821326924183077,-0.0064921657244364495,0.0,0.0,0.0,0.0,0.0,0.0,0.0,0.0,0.0
Val6,2996c286-14c5-4157-95ba-f2a73fae0187,0.5,IP,"same budget upper bound, not same actual rate",10243.0,5002.0,15245.0,5121.0,True,4.0,4.0,11.0,4.0,0.0,0.0,18.104802483223853,0.4753226143240428,0.5563460737466812,0.028710668005302864,0.0035824939914216314,-0.006086405366659164,10243.0,5002.0,15245.0,5121.0,True,4.0,4.0,11.0,4.0,0.0,0.0,18.104802483223853,0.4753226143240428,0.5563460737466812,0.028710668005302864,0.0035824939914216314,-0.006086405366659164,0.0,0.0,0.0,0.0,0.0,0.0,0.0,0.0,0.0
Val6,30884276-8cb2-485e-b0ca-a22605c1801f,0.1,P,"same budget upper bound, not same actual rate",8190.0,0.0,8190.0,819.0,False,0.0,0.0,15.0,0.0,0.0,0.0,24.614347393933592,0.7621310976361042,0.46169843077659606,0.0,0.0,0.0,8190.0,714.0,8904.0,819.0,True,1.0,1.0,14.0,0.0,1.0,0.0,24.646540988314346,0.7626820026055376,0.45873989661534625,0.032193594380753865,0.0005509049694334411,-0.002958534161249804,714.0,714.0,1.0,0.032193594380753865,0.0005509049694334411,-0.002958534161249804,0.032193594380753865,0.0005509049694334411,-0.002958534161249804
Val6,30884276-8cb2-485e-b0ca-a22605c1801f,0.1,IP,"same budget upper bound, not same actual rate",8190.0,0.0,8190.0,819.0,False,0.0,0.0,15.0,0.0,0.0,0.0,24.466254068320332,0.7572721192271843,0.45214868895709515,0.0,0.0,0.0,8190.0,714.0,8904.0,819.0,True,1.0,1.0,14.0,0.0,1.0,0.0,24.496435563052287,0.7577885926360282,0.44937506318092346,0.030181494731955638,0.0005164734088438649,-0.0027736257761716843,714.0,714.0,1.0,0.030181494731955638,0.0005164734088438649,-0.0027736257761716843,0.030181494731955638,0.0005164734088438649,-0.0027736257761716843
Val6,30884276-8cb2-485e-b0ca-a22605c1801f,0.25,P,"same budget upper bound, not same actual rate",8190.0,928.0,9118.0,2047.0,True,1.0,1.0,14.0,1.0,0.0,0.0,24.61614457858714,0.7624664874248578,0.4573616087436676,0.00179718465354739,0.0003353897887535817,-0.004336822032928456,8190.0,1863.0,10053.0,2047.0,True,3.0,3.0,12.0,0.0,3.0,0.0,24.702973671758265,0.7635999382622835,0.4558924595514933,0.08862627782467314,0.0014688406261792464,-0.005805971225102735,935.0,935.0,2.0,0.08682909317112575,0.0011334508374256647,-0.0014691491921742794,0.08682909317112575,0.0011334508374256647,-0.0014691491921742794
Val6,30884276-8cb2-485e-b0ca-a22605c1801f,0.25,IP,"same budget upper bound, not same actual rate",8190.0,928.0,9118.0,2047.0,True,1.0,1.0,14.0,1.0,0.0,0.0,24.467938928933034,0.7575865471541408,0.4480829183012247,0.0016848606127020105,0.00031442792695646204,-0.004065770655870438,8190.0,1863.0,10053.0,2047.0,True,3.0,3.0,12.0,0.0,3.0,0.0,24.549341203780962,0.7586491573142273,0.4467055909335613,0.08308713546063018,0.0013770380870430365,-0.005443098023533821,935.0,935.0,2.0,0.08140227484792817,0.0010626101600865745,-0.0013773273676633835,0.08140227484792817,0.0010626101600865745,-0.0013773273676633835
Val6,30884276-8cb2-485e-b0ca-a22605c1801f,0.5,P,"same budget upper bound, not same actual rate",8190.0,928.0,9118.0,4095.0,True,1.0,1.0,14.0,1.0,0.0,0.0,24.61614457858714,0.7624664874248578,0.4573616087436676,0.00179718465354739,0.0003353897887535817,-0.004336822032928456,8190.0,4038.0,12228.0,4095.0,True,7.0,7.0,8.0,0.0,6.0,1.0,24.813299699907898,0.7651475031692105,0.45272636810938516,0.1989523059743057,0.0030164055331063366,-0.0089720626672109,3110.0,3110.0,6.0,0.1971551213207583,0.002681015744352755,-0.004635240634282445,0.1971551213207583,0.002681015744352755,-0.004635240634282445
Val6,30884276-8cb2-485e-b0ca-a22605c1801f,0.5,IP,"same budget upper bound, not same actual rate",8190.0,928.0,9118.0,4095.0,True,1.0,1.0,14.0,1.0,0.0,0.0,24.467938928933034,0.7575865471541408,0.4480829183012247,0.0016848606127020105,0.00031442792695646204,-0.004065770655870438,8190.0,4038.0,12228.0,4095.0,True,7.0,7.0,8.0,0.0,6.0,1.0,24.652771855171245,0.7600999994144715,0.44373738020658493,0.18651778685091358,0.0028278801872871906,-0.008411308750510216,3110.0,3110.0,6.0,0.18483292623821157,0.0025134522603307285,-0.004345538094639778,0.18483292623821157,0.0025134522603307285,-0.004345538094639778
Val6,46da3cc3-6beb-425c-a870-c8d7bae89311,0.1,P,"same budget upper bound, not same actual rate",11839.0,1014.0,12853.0,1183.0,True,1.0,1.0,14.0,1.0,0.0,0.0,26.050229332848083,0.884678008621182,0.23989392220973968,0.05310644325031788,0.00014050544488664052,-0.002224828799565648,11839.0,1014.0,12853.0,1183.0,True,1.0,1.0,14.0,1.0,0.0,0.0,26.050229332848083,0.884678008621182,0.23989392220973968,0.05310644325031788,0.00014050544488664052,-0.002224828799565648,0.0,0.0,0.0,0.0,0.0,0.0,0.0,0.0,0.0
Val6,46da3cc3-6beb-425c-a870-c8d7bae89311,0.1,IP,"same budget upper bound, not same actual rate",11839.0,1014.0,12853.0,1183.0,True,1.0,1.0,14.0,1.0,0.0,0.0,25.90187910567224,0.880019187614677,0.23943238612264395,0.0497872905471759,0.00013172385458126712,-0.002085776999592781,11839.0,1014.0,12853.0,1183.0,True,1.0,1.0,14.0,1.0,0.0,0.0,25.90187910567224,0.880019187614677,0.23943238612264395,0.0497872905471759,0.00013172385458126712,-0.002085776999592781,0.0,0.0,0.0,0.0,0.0,0.0,0.0,0.0,0.0
Val6,46da3cc3-6beb-425c-a870-c8d7bae89311,0.25,P,"same budget upper bound, not same actual rate",11839.0,2830.0,14669.0,2959.0,True,3.0,3.0,12.0,3.0,0.0,0.0,26.153663923911875,0.8849238799034699,0.23551587561766307,0.1565410343141096,0.0003863767271745644,-0.0066028753916422545,11839.0,2830.0,14669.0,2959.0,True,3.0,3.0,12.0,3.0,0.0,0.0,26.153663923911875,0.8849238799034699,0.23551587561766307,0.1565410343141096,0.0003863767271745644,-0.0066028753916422545,0.0,0.0,0.0,0.0,0.0,0.0,0.0,0.0,0.0
Val6,46da3cc3-6beb-425c-a870-c8d7bae89311,0.25,IP,"same budget upper bound, not same actual rate",11839.0,2830.0,14669.0,2959.0,True,3.0,3.0,12.0,3.0,0.0,0.0,25.998849034794542,0.8802496919418219,0.23532796744257212,0.1467572196694782,0.0003622281817261541,-0.006190195679664612,11839.0,2830.0,14669.0,2959.0,True,3.0,3.0,12.0,3.0,0.0,0.0,25.998849034794542,0.8802496919418219,0.23532796744257212,0.1467572196694782,0.0003622281817261541,-0.006190195679664612,0.0,0.0,0.0,0.0,0.0,0.0,0.0,0.0,0.0
Val6,46da3cc3-6beb-425c-a870-c8d7bae89311,0.5,P,"same budget upper bound, not same actual rate",11839.0,5504.0,17343.0,5919.0,True,6.0,6.0,9.0,6.0,0.0,0.0,26.29653735749592,0.8852892630597983,0.22883332073688506,0.2994144678981563,0.000751759883502956,-0.013285430272420268,11839.0,5914.0,17753.0,5919.0,True,7.0,7.0,8.0,6.0,1.0,0.0,26.346760032843637,0.8852870502247422,0.2289399951696396,0.3496371432458716,0.0007495470484468747,-0.01317875583966574,410.0,410.0,1.0,0.050222675347715295,-2.212835056081275e-06,0.0001066744327545277,0.050222675347715295,-2.212835056081275e-06,0.0001066744327545277
Val6,46da3cc3-6beb-425c-a870-c8d7bae89311,0.5,IP,"same budget upper bound, not same actual rate",11839.0,5504.0,17343.0,5919.0,True,6.0,6.0,9.0,6.0,0.0,0.0,26.132792878779586,0.8805922386508798,0.22906307224184275,0.2807010636545222,0.0007047748907840212,-0.012455090880393982,11839.0,5914.0,17753.0,5919.0,True,7.0,7.0,8.0,6.0,1.0,0.0,26.17987663691807,0.8805901641180147,0.2291630795225501,0.3277848217930064,0.0007027003579189728,-0.012355083599686623,410.0,410.0,1.0,0.0470837581384842,-2.0745328650484396e-06,0.00010000728070735931,0.0470837581384842,-2.0745328650484396e-06,0.00010000728070735931
Val6,66d34721-a96d-4a92-9042-0847e057f3ba,0.1,P,"same budget upper bound, not same actual rate",8649.0,851.0,9500.0,864.0,True,1.0,1.0,14.0,1.0,0.0,0.0,28.22011788844061,0.8854428326647292,0.23473624885082245,0.0190708399338817,0.00020949844465534273,-0.002900517980257672,8649.0,624.0,9273.0,864.0,True,1.0,1.0,14.0,0.0,1.0,0.0,28.28590030781027,0.8854083279991729,0.23726115425427755,0.08485325930354293,0.0001749937790990197,-0.0003756125768025753,-227.0,-227.0,0.0,0.06578241936966123,-3.450466555632303e-05,0.0025249054034550966,0.06578241936966123,-3.450466555632303e-05,0.0025249054034550966
Val6,66d34721-a96d-4a92-9042-0847e057f3ba,0.1,IP,"same budget upper bound, not same actual rate",8649.0,851.0,9500.0,864.0,True,1.0,1.0,14.0,1.0,0.0,0.0,28.063330195307916,0.8818348973738368,0.2340152496472001,0.017878912438014538,0.00019640479186433524,-0.0027192356064915657,8649.0,624.0,9273.0,864.0,True,1.0,1.0,14.0,0.0,1.0,0.0,28.125001213466973,0.8818025492498778,0.23638234846293926,0.0795499305970715,0.00016405666790531015,-0.0003521367907524109,-227.0,-227.0,0.0,0.061671018159056956,-3.234812395902509e-05,0.002367098815739155,0.061671018159056956,-3.234812395902509e-05,0.002367098815739155
Val6,66d34721-a96d-4a92-9042-0847e057f3ba,0.25,P,"same budget upper bound, not same actual rate",8649.0,1532.0,10181.0,2162.0,True,2.0,2.0,13.0,2.0,0.0,0.0,28.227465087880088,0.8855064610789055,0.23260818521181742,0.02641803937336107,0.00027312685883162935,-0.005028581619262701,8649.0,1769.0,10418.0,2162.0,True,3.0,3.0,12.0,1.0,2.0,0.0,28.371500321901905,0.8856119080710803,0.2350658973058065,0.17045327339517868,0.00037857385100636964,-0.0025708695252736335,237.0,237.0,1.0,0.14403523402181762,0.0001054469921747403,0.0024577120939890673,0.14403523402181762,0.0001054469921747403,0.0024577120939890673
Val6,66d34721-a96d-4a92-9042-0847e057f3ba,0.25,IP,"same budget upper bound, not same actual rate",8649.0,1532.0,10181.0,2162.0,True,2.0,2.0,13.0,2.0,0.0,0.0,28.070218194782427,0.881894549012127,0.2320201899856329,0.024766911912525558,0.0002560564301545831,-0.004714295268058777,8649.0,1769.0,10418.0,2162.0,True,3.0,3.0,12.0,1.0,2.0,0.0,28.20525122667788,0.8819934055672909,0.23432429507374763,0.1597999438079789,0.00035491298531842297,-0.0024101901799440384,237.0,237.0,1.0,0.13503303189545335,9.885655516383984e-05,0.0023041050881147385,0.13503303189545335,9.885655516383984e-05,0.0023041050881147385
Val6,66d34721-a96d-4a92-9042-0847e057f3ba,0.5,P,"same budget upper bound, not same actual rate",8649.0,3572.0,12221.0,4324.0,True,5.0,5.0,10.0,5.0,0.0,0.0,28.2334587594954,0.885671242117774,0.22627662817637126,0.03241171098867213,0.0004379078977001516,-0.011360138654708862,8649.0,3809.0,12458.0,4324.0,True,6.0,6.0,9.0,4.0,2.0,0.0,28.377493993517213,0.885776689109949,0.2287343402703603,0.1764469450104862,0.0005433548898751139,-0.008902426560719823,237.0,237.0,1.0,0.14403523402181406,0.00010544699217496234,0.0024577120939890396,0.14403523402181406,0.00010544699217496234,0.0024577120939890396
Val6,66d34721-a96d-4a92-9042-0847e057f3ba,0.5,IP,"same budget upper bound, not same actual rate",8649.0,3572.0,12221.0,4324.0,True,5.0,5.0,10.0,5.0,0.0,0.0,28.07583726192178,0.8820490312360664,0.22608435526490211,0.030385979051878564,0.000410538654093906,-0.010650129988789558,8649.0,3809.0,12458.0,4324.0,True,6.0,6.0,9.0,4.0,2.0,0.0,28.210870293817234,0.8821478877912303,0.22838846035301685,0.1654190109473319,0.0005093952092578569,-0.00834602490067482,237.0,237.0,1.0,0.13503303189545335,9.885655516395087e-05,0.0023041050881147385,0.13503303189545335,9.885655516395087e-05,0.0023041050881147385
Val6,b3d4cebf-21ab-41e1-b79a-729d35794681,0.1,P,"same budget upper bound, not same actual rate",10432.0,877.0,11309.0,1043.0,True,1.0,1.0,14.0,1.0,0.0,0.0,29.275559023626894,0.9088005429246196,0.2716929545005163,0.03553340686706363,8.184852211456928e-05,-0.0028428008159001594,10432.0,710.0,11142.0,1043.0,True,1.0,1.0,14.0,0.0,1.0,0.0,29.332965889034476,0.9088937029197945,0.27264720797538755,0.09294027227464596,0.00017500851728946554,-0.00188854734102889,-167.0,-167.0,0.0,0.05740686540758233,9.315999517489626e-05,0.0009542534748712694,0.05740686540758233,9.315999517489626e-05,0.0009542534748712694
Val6,b3d4cebf-21ab-41e1-b79a-729d35794681,0.1,IP,"same budget upper bound, not same actual rate",10432.0,877.0,11309.0,1043.0,True,1.0,1.0,14.0,1.0,0.0,0.0,29.113221951694467,0.9059078205295619,0.26906206738203764,0.033312568937873266,7.67329894824087e-05,-0.0026651257649064064,10432.0,710.0,11142.0,1043.0,True,1.0,1.0,14.0,0.0,1.0,0.0,29.167040888014075,0.9059951580250384,0.2699566800147295,0.08713150525748148,0.0001640704849589225,-0.0017705131322145462,-167.0,-167.0,0.0,0.05381893631960821,8.733749547651382e-05,0.0008946126326918602,0.05381893631960821,8.733749547651382e-05,0.0008946126326918602
Val6,b3d4cebf-21ab-41e1-b79a-729d35794681,0.25,P,"same budget upper bound, not same actual rate",10432.0,2398.0,12830.0,2608.0,True,3.0,3.0,12.0,3.0,0.0,0.0,29.337686115737608,0.909010528526479,0.266436708966891,0.09766049897777762,0.00029183412397393305,-0.008099046349525463,10432.0,2527.0,12959.0,2608.0,True,4.0,4.0,11.0,0.0,4.0,0.0,29.603255543446885,0.9094028817608003,0.26887930432955426,0.36322992668705467,0.0006841873582952296,-0.005656450986862183,129.0,129.0,1.0,0.26556942770927705,0.00039235323432129654,0.00244259536266328,0.26556942770927705,0.00039235323432129654,0.00244259536266328
Val6,b3d4cebf-21ab-41e1-b79a-729d35794681,0.25,IP,"same budget upper bound, not same actual rate",10432.0,2398.0,12830.0,2608.0,True,3.0,3.0,12.0,3.0,0.0,0.0,29.171466100548262,0.906104682031305,0.26413433719426394,0.09155671779166852,0.00027359449122554835,-0.007592855952680111,10432.0,2527.0,12959.0,2608.0,True,4.0,4.0,11.0,0.0,4.0,0.0,29.420437439025708,0.9064725131884813,0.26642427034676075,0.34052805626911464,0.000641425648401861,-0.005302922800183296,129.0,129.0,1.0,0.24897133847744612,0.00036783115717631265,0.0022899331524968147,0.24897133847744612,0.00036783115717631265,0.0022899331524968147
Val6,b3d4cebf-21ab-41e1-b79a-729d35794681,0.5,P,"same budget upper bound, not same actual rate",10432.0,5210.0,15642.0,5216.0,True,7.0,7.0,8.0,7.0,0.0,0.0,29.434351194658994,0.9093613633431166,0.25753860274950663,0.19432557789916416,0.0006426689406114905,-0.016997152566909812,10432.0,4893.0,15325.0,5216.0,True,8.0,8.0,7.0,0.0,8.0,0.0,29.93437867049172,0.9100081259235685,0.26464502116044364,0.6943530537318914,0.0012894315210634222,-0.009890734155972802,-317.0,-317.0,1.0,0.5000274758327272,0.0006467625804519317,0.00710641841093701,0.5000274758327272,0.0006467625804519317,0.00710641841093701
Val6,b3d4cebf-21ab-41e1-b79a-729d35794681,0.5,IP,"same budget upper bound, not same actual rate",10432.0,5210.0,15642.0,5216.0,True,7.0,7.0,8.0,7.0,0.0,0.0,29.262089612037062,0.9064335896719028,0.2557923626154661,0.18218022928046906,0.0006025021318233348,-0.015934830531477928,10432.0,4893.0,15325.0,5216.0,True,8.0,8.0,7.0,0.0,8.0,0.0,29.730865370630244,0.9070399295910765,0.26245462987571955,0.650955987873651,0.0012088420509970277,-0.009272563271224499,-317.0,-317.0,1.0,0.468775758593182,0.0006063399191736929,0.006662267260253429,0.468775758593182,0.0006063399191736929,0.006662267260253429
